#ifndef foreground_bpl_section
#define foreground_bpl_section __data_chip 
#endif

static foreground_bpl_section u_short _foreground_bpl[] = {
  0x0000,0x0000,0x0000,0x0000,0x0000,0x0000,0x0000,0x0000,0x0000,0x07e0,0x0000,0x000f,0xe07f,0xc000,0x0000,0x0000,0x3ff8,0x03ff,0xc001,0xffff,0xc000,0x0000,0x0000,0x0000,
  0x0000,0x0000,0x0000,0x0000,0x0000,0x0000,0x0000,0x0000,0x0000,0x03e0,0x0000,0x001f,0x803f,0xe000,0x0000,0x0000,0x7ff8,0x0fff,0xe001,0xffff,0xe000,0x0000,0x0000,0x0000,
  0x0000,0x0000,0x0000,0x0000,0x0000,0x0000,0x0000,0x0000,0x0000,0x03f0,0x0000,0x003f,0x003f,0xe000,0x0000,0x0000,0x7ff8,0x1fff,0xf000,0xffff,0xe000,0x0000,0x0000,0x0000,
  0x0000,0x0000,0x0000,0x0000,0x0000,0x0000,0x0000,0x0000,0x0000,0x01f8,0x0000,0x007e,0x001f,0xe000,0x0000,0x0000,0x7ff8,0x3fff,0xf800,0xffff,0xe000,0x0000,0x0000,0x0000,
  0x0000,0x0000,0x0000,0x0000,0x0000,0x0000,0x0000,0x0000,0x0000,0x01fc,0x0000,0x00f8,0x000f,0xf000,0x0000,0x0000,0x7ff0,0x3fff,0xfc00,0xffff,0xf000,0x0000,0x0000,0x0000,
  0x0000,0x0000,0x0000,0x0000,0x0000,0x0000,0x0000,0x0000,0x0000,0x00fe,0x0000,0x01f0,0x000f,0xf000,0x0000,0x0000,0x3ff0,0x7fff,0xfe00,0x7fff,0xf000,0x0000,0x0000,0x0000,
  0x0000,0x0000,0x0000,0x0000,0x0000,0x0000,0x0000,0x0000,0x0000,0x00ff,0x0000,0x07e0,0x0007,0xf000,0x0000,0x0000,0x3fe0,0x7fff,0xfe00,0x7fff,0xf000,0x0000,0x0000,0x0000,
  0x0000,0x0000,0x0000,0x0000,0x0000,0x0000,0x0000,0x0000,0x0000,0x007f,0xc000,0x0fc0,0x0003,0xf800,0x0000,0x0000,0x1fe0,0xffff,0xfe00,0x7fff,0xe000,0x0000,0x0000,0x0000,
  0x0000,0x0000,0x01c0,0x0000,0x0000,0x0000,0x0000,0x0000,0x0000,0x007f,0xe000,0x3f80,0x0003,0xf800,0x0000,0x0000,0x0780,0xffff,0xff00,0x7fff,0xe000,0x0000,0x0000,0x0000,
  0x0000,0x0000,0x0ff8,0x0000,0x0000,0x0000,0x0000,0x0000,0x0000,0x007f,0xf801,0xff00,0x0001,0xf800,0x0000,0x0000,0x0000,0xffff,0xff00,0x3fff,0xe000,0x0000,0x0000,0x0000,
  0x0000,0x0000,0x1ffc,0x0000,0x0000,0x0000,0x0000,0x0000,0x0000,0x003f,0xff1f,0xff00,0x0001,0xfc00,0x0000,0x0000,0x0000,0xffff,0xff00,0x3fff,0xc000,0x0000,0x0000,0x0000,
  0x0000,0x0000,0x3ffe,0x0000,0x0000,0x0000,0x0000,0x0000,0x0000,0x003f,0xffff,0xfe00,0x0000,0xfc00,0x0000,0x0000,0x0001,0xffff,0xff00,0x1fff,0x8000,0x0000,0x0000,0x0000,
  0x0000,0x0000,0x7fff,0x0000,0x0000,0x0000,0x0000,0x0000,0x0000,0x003f,0xffff,0xfc00,0x0000,0x7c00,0x0000,0x0000,0x0001,0xffff,0xff00,0x0fff,0x0000,0x0000,0x0000,0x0000,
  0x0000,0x0000,0x7fff,0x0000,0x0000,0x0000,0x0000,0x0000,0x0000,0x003f,0xffff,0xfc00,0x0000,0x7e00,0x0000,0x0000,0x0003,0xffff,0xfe00,0x07ff,0x0000,0x0000,0x0000,0x0000,
  0x0000,0x0000,0xffff,0x8000,0x0000,0x0000,0x0000,0x0000,0x0000,0x003f,0xffff,0xf800,0x0000,0x3e00,0x0000,0x0000,0x0007,0xffff,0xfe00,0x03fe,0x0000,0x0000,0x0000,0x0000,
  0x0000,0x0000,0xffff,0x8000,0x0000,0x0000,0x0000,0x0000,0x0000,0x001f,0xffff,0xf800,0x0000,0x3f00,0x0000,0x0000,0x0007,0xffff,0xfe00,0x01fc,0x0000,0x0000,0x0000,0x0000,
  0x0000,0x0001,0xffff,0x8000,0x0000,0x0000,0x0000,0x0000,0x0000,0x001f,0xffff,0xf000,0x0000,0x1f00,0x0000,0x0000,0x000f,0xffff,0xfe00,0x00fc,0x0000,0x0000,0x0000,0x0000,
  0x0000,0x0003,0xffff,0x8000,0x0000,0x0000,0x0000,0x0000,0x0000,0x001f,0xffff,0xf000,0x0000,0x1f80,0x0000,0x0000,0x001f,0xffff,0xfe00,0x00f8,0x0000,0x0000,0x0000,0x0000,
  0x0000,0x0007,0xffff,0x8000,0x0000,0x0000,0x0000,0x0000,0x0000,0x001f,0xffff,0xf000,0x0000,0x1f80,0x0000,0x0000,0x003f,0xffff,0xfe00,0x0078,0x0000,0x0000,0x0000,0x0000,
  0x0000,0x000f,0xffff,0x8000,0x0000,0x0000,0x0000,0x0000,0x0000,0x003f,0xffff,0xf000,0x0000,0x0fc0,0x0000,0x0000,0x007f,0xffff,0xfe00,0x0078,0x0000,0x0000,0x0000,0x0000,
  0x0000,0x003f,0xffff,0x8000,0x0000,0x0000,0x0000,0x0000,0x0000,0x003f,0xffff,0xe000,0x0000,0x0fc0,0x0000,0x0000,0x00ff,0xffff,0xfe00,0x0038,0x0000,0x0000,0x0000,0x0000,
  0x0000,0x007f,0xffff,0x0000,0x0000,0x0000,0x0000,0x0000,0x0000,0x003f,0xffff,0xe000,0x0000,0x07e0,0x0000,0x0000,0x01ff,0xffff,0xfe00,0x0038,0x0000,0x0000,0x0000,0x0000,
  0x0000,0x01ff,0xfffe,0x0000,0x0000,0x0000,0x0000,0x0000,0x0000,0x003f,0xffff,0xe000,0x0000,0x07e0,0x0000,0x0000,0x03ff,0xf83f,0xfe00,0x0038,0x0000,0x0000,0x0000,0x0000,
  0x0000,0x07ff,0xfffc,0x0000,0x0000,0x0000,0x0000,0x0000,0x0000,0x003f,0xffff,0xe000,0x0000,0x07f0,0x0000,0x0000,0x07ff,0x801f,0xfe00,0x0038,0x0000,0x0000,0x0000,0x0000,
  0x0000,0x1fff,0xfff8,0x0000,0x0000,0x0000,0x0000,0x0000,0x0000,0x003f,0xffff,0xe000,0x0000,0x03f0,0x0000,0x0000,0x0ffc,0x0007,0xfe00,0x0038,0x0000,0x0000,0x0000,0x0000,
  0x8000,0xffff,0xffe0,0x0000,0x0000,0x0000,0x0000,0x0000,0x0000,0x003f,0xffff,0xe000,0x0000,0x03f8,0x0000,0x0000,0x1ff0,0x0003,0xff00,0x007c,0x0000,0x0000,0x0000,0x00ff,
  0xf81f,0xffff,0xffc0,0x0000,0x0000,0x0000,0x0000,0x0000,0x0000,0x003f,0xffff,0xe000,0x0000,0x01fc,0x0000,0x0000,0x7fc0,0x0001,0xff00,0x007c,0x0000,0x0000,0x0000,0x03ff,
  0xffff,0xffff,0xff80,0x0000,0x0000,0x0000,0x0000,0x0000,0x0000,0x001f,0xffff,0xc000,0x0000,0x01fc,0x0000,0x0000,0xff00,0x0000,0xff00,0x007e,0x0000,0x0000,0x0000,0x07ff,
  0xffff,0xffff,0xff00,0x0000,0x0000,0x0000,0x0000,0x0000,0x0000,0x001f,0xffff,0xc000,0x0000,0x01fe,0x0000,0x0003,0xfc00,0x0000,0x7f80,0x00fe,0x0000,0x0000,0x0000,0x0fff,
  0xffff,0xffff,0xfe00,0x0000,0x0000,0x0000,0x0000,0x0000,0x0000,0x000f,0xffff,0x8000,0x0000,0x00ff,0x0000,0x0007,0xf800,0x0000,0x3f80,0x00ff,0x0000,0x0000,0x0000,0x1fff,
  0xffff,0xffff,0xfc00,0x0000,0x0000,0x0000,0x0000,0x0000,0x0000,0x000f,0xffff,0x8000,0x0000,0x00ff,0x0000,0x000f,0xe000,0x0000,0x1f80,0x01ff,0x8000,0x0000,0x0000,0x1fff,
  0xffff,0xffff,0xf800,0x0000,0x0000,0x0000,0x0000,0x0000,0x0000,0x0007,0xffff,0x0000,0x0000,0x00ff,0x8000,0x003f,0x8000,0x0000,0x0fc0,0x03ff,0xc000,0x0000,0x0000,0x3fff,
  0xffff,0xffff,0xf800,0x0000,0x0000,0x0000,0x0000,0x0000,0x0000,0x0003,0xfffe,0x0000,0x0000,0x007f,0xc000,0x00ff,0x0000,0x0000,0x0fc0,0x03ff,0xe000,0x0000,0x0000,0x3fff,
  0xffff,0xffff,0xf000,0x0000,0x0000,0x0000,0x0000,0x0000,0x0000,0x0001,0xfffc,0x0000,0x0000,0x007f,0xe000,0x03fe,0x0000,0x0000,0x07e0,0x07ff,0xe000,0x0000,0x0000,0x7fff,
  0xffff,0xffff,0xe000,0x0000,0x0000,0x0000,0x0000,0x0000,0x0000,0x0000,0x7ff0,0x0000,0x0000,0x007f,0xe000,0x07f8,0x0000,0x0000,0x03e0,0x07ff,0xf000,0x0000,0x0000,0x7fff,
  0xffff,0xffff,0xe000,0x0000,0x0000,0x0000,0x0000,0x0000,0x0000,0x0000,0x0f80,0x0000,0x0000,0x007f,0xf000,0x1ff0,0x0000,0x0000,0x03e0,0x07ff,0xf000,0x0000,0x0000,0x7fff,
  0xffff,0xffff,0xc000,0x0000,0x0000,0x0000,0x0000,0x0000,0x0000,0x0000,0x0000,0x0000,0x0000,0x007f,0xf800,0xffe0,0x0000,0x0000,0x01f0,0x07ff,0xf000,0x0000,0x0000,0x7fff,
  0xffff,0xffff,0xc000,0x0000,0x0000,0x0000,0x0000,0x0000,0x0000,0x0000,0x0000,0x0000,0x0000,0x003f,0xfc03,0xff80,0x0000,0x0000,0x00f0,0x07ff,0xf000,0x0000,0x0000,0x7fff,
  0xffff,0xffff,0x8000,0x0000,0x0000,0x0000,0x0000,0x0000,0x0000,0x0000,0x0000,0x0000,0x0000,0x003f,0xff7f,0xff00,0x0000,0x0000,0x00f8,0x07ff,0xf000,0x0000,0x0000,0xffff,
  0xffff,0xffff,0x8000,0x0000,0x0000,0x0000,0x0000,0x0000,0x0000,0x0000,0x0000,0x0000,0x0000,0x003f,0xffff,0xfe00,0x0000,0x0000,0x007c,0x03ff,0xf800,0x0000,0x0000,0xffff,
  0xffff,0xffff,0x0000,0x0000,0x0000,0x0000,0x0000,0x0000,0x0000,0x0000,0x0000,0x0000,0x0000,0x003f,0xffff,0xfc00,0x0000,0x0000,0x007c,0x03ff,0xf800,0x0000,0x0000,0xffff,
  0xffff,0xffff,0x0000,0x0000,0x0000,0x0000,0x0000,0x0000,0x0000,0x0000,0x0000,0x0000,0x0000,0x003f,0xffff,0xf800,0x0000,0x0000,0x003e,0x01ff,0xfc00,0x0000,0x0001,0xffff,
  0xffff,0xffff,0x0000,0x0000,0x0000,0x0000,0x0000,0x0000,0x0000,0x0000,0x0000,0x0000,0x0000,0x003f,0xffff,0xf000,0x0000,0x0000,0x003f,0x00ff,0xfe00,0x0000,0x0003,0xffff,
  0xffff,0xfffe,0x0000,0x0000,0x0000,0x0000,0x0000,0x0000,0x0000,0x0000,0x0000,0x0000,0x0000,0x003f,0xffff,0xe000,0x0000,0x0000,0x003f,0x001f,0xfe00,0x0000,0x0003,0xffff,
  0xffff,0xfffe,0x0000,0x0000,0x0000,0x0000,0x0000,0x0000,0x0000,0x0000,0x0000,0x0000,0x0000,0x003f,0xffff,0xc000,0x0000,0x0000,0x001f,0x8000,0x7f00,0x0000,0x0007,0xffff,
  0xffff,0xfffe,0x0000,0x0000,0x0000,0x0000,0x0000,0x0000,0x0000,0x0000,0x0000,0x0000,0x0000,0x003f,0xffff,0xc000,0x0000,0x0000,0x001f,0xc000,0x1f80,0x0000,0x000f,0xffff,
  0xffff,0xfffc,0x0000,0x0000,0x0000,0x0000,0x0000,0x0000,0x0000,0x0000,0x0000,0x0000,0x0000,0x003f,0xffff,0x8000,0x0000,0x0000,0x000f,0xe000,0x07c0,0x0000,0x001f,0xffff,
  0xffff,0xfffc,0x0000,0x0000,0x0000,0x0000,0x0000,0x0000,0x0000,0x0000,0x0000,0x0000,0x0000,0x003f,0xffff,0x0000,0x0000,0x0000,0x000f,0xf000,0x01e0,0x0000,0x003f,0xffff,
  0xffff,0xfffc,0x0000,0x0000,0x0000,0x0000,0x0000,0x0000,0x0000,0x0000,0x0000,0x0000,0x0000,0x003f,0xffff,0x0000,0x0000,0x0000,0x000f,0xf800,0x00f0,0x0000,0x007f,0xffff,
  0x3fff,0xfffc,0x0000,0x0000,0x0000,0x0000,0x0000,0x0000,0x0000,0x0000,0x0000,0x0000,0x0000,0x003f,0xfffe,0x0000,0x0000,0x0000,0x000f,0xfc00,0x007c,0x0000,0x00ff,0xffff,
  0x0fff,0xfffc,0x0000,0x0000,0x0000,0x0000,0x0000,0x0000,0x0000,0x0000,0x0000,0x0000,0x0000,0x003f,0xfffe,0x0000,0x0000,0x0000,0x0007,0xfe00,0x003e,0x0000,0x03ff,0xfffe,
  0x07ff,0xfff8,0x0000,0x0000,0x0000,0x0000,0x0000,0x0000,0x0000,0x0000,0x0000,0x0000,0x0000,0x003f,0xfffe,0x0000,0x001f,0xf800,0x0007,0xff80,0x001f,0x0000,0x07ff,0xfffe,
  0x03ff,0xfff8,0x0000,0x0000,0x0000,0x0000,0x0000,0x0000,0x0000,0x0000,0x0000,0x0000,0x0000,0x003f,0xfffc,0x0000,0x00ff,0xff00,0x0007,0xffe0,0x000f,0xc000,0x1fff,0xfffc,
  0x01ff,0xfff8,0x0000,0x0000,0x0000,0x0000,0x0000,0x0000,0x0000,0x0000,0x0000,0x0000,0x0000,0x003f,0xfffc,0x0000,0x01ff,0xffc0,0x0007,0xfff8,0x0007,0xf000,0x7fff,0xfffc,
  0x01ff,0xfff8,0x0000,0x0000,0x0000,0x0000,0x0000,0x0000,0x0000,0x0000,0x0000,0x0000,0x0000,0x001f,0xfffc,0x0000,0x07ff,0xffe0,0x0007,0xfffe,0x0003,0xfe07,0xffff,0xfff8,
  0x00ff,0xfff8,0x0000,0x0000,0x0000,0x0000,0x0000,0x0000,0x0000,0x0000,0x0000,0x0000,0x0000,0x000f,0xfff8,0x0000,0x0fff,0xfff0,0x0007,0xffff,0x0001,0xffff,0xffff,0xfff8,
  0x00ff,0xfff8,0x0000,0x0000,0x0000,0x0000,0x0000,0x0000,0x0000,0x0000,0x0000,0x0000,0x0000,0x000f,0xfff0,0x0000,0x1fff,0xfff8,0x0007,0xffff,0x8000,0xffff,0xffff,0xfff8,
  0x00ff,0xfff8,0x0000,0x0000,0x0000,0x0000,0x0000,0x0000,0x0000,0x0000,0x0000,0x0000,0x0000,0x0003,0xffe0,0x0000,0x3fff,0xfffc,0x0007,0xffff,0xc000,0xffff,0xffff,0xfff0,
  0x00ff,0xfff8,0x0000,0x0000,0x0000,0x0000,0x0000,0x0000,0x0000,0x0000,0x0000,0x0000,0x0000,0x0001,0xffc0,0x0000,0x3fff,0xfffe,0x0007,0xffff,0xe000,0x7fff,0xffff,0xfff0,
  0x00ff,0xfffc,0x0000,0x0000,0x0000,0x0000,0x0000,0x0000,0x0000,0x0000,0x0000,0x0000,0x0000,0x0000,0x7e00,0x0000,0x7fff,0xfffe,0x0007,0xffff,0xe000,0x7fff,0xffff,0xfff0,
  0x00ff,0xfffc,0x0000,0x0000,0x0000,0x0000,0x0000,0x0000,0x0000,0x0000,0x0000,0x0000,0x0000,0x0000,0x0000,0x0000,0xffff,0xffff,0x0007,0xffff,0xe000,0x3fff,0xffff,0xffe0,
  0x00ff,0xfffc,0x0000,0x0000,0x0000,0x0000,0x0000,0x0000,0x0000,0x0000,0x0000,0x0000,0x0000,0x0000,0x0000,0x0000,0xffff,0xffff,0x0007,0xffff,0xf000,0x3fff,0xffff,0xffe0,
  0x00ff,0xfffe,0x0000,0x0000,0x0000,0x0000,0x0000,0x0000,0x0000,0x0000,0x0000,0x0000,0x0000,0x0000,0x0000,0x0001,0xffff,0xffff,0x800f,0xffff,0xf000,0x3fff,0xffff,0xffe0,
  0x00ff,0xfffe,0x0000,0x0000,0x0000,0x0000,0x0000,0x0000,0x0000,0x0000,0x0000,0x0000,0x0000,0x0000,0x0000,0x0001,0xffff,0xffff,0x800f,0xffff,0xf000,0x3fff,0xffff,0xffe0,
  0x00ff,0xffff,0x0000,0x0000,0x0000,0x0000,0x0000,0x0000,0x0000,0x0000,0x0000,0x0000,0x0000,0x0000,0x0000,0x0001,0xffff,0xffff,0x800f,0xffff,0xf000,0x3fff,0xffff,0xffe0,
  0x00ff,0xffff,0x0000,0x0000,0x0000,0x0000,0x0000,0x0000,0x0000,0x0000,0x0000,0x0000,0x0000,0x0000,0x0000,0x0003,0xffff,0xffff,0x800f,0xffff,0xf000,0x1fff,0xffff,0xffc0,
  0x00ff,0xffff,0x8000,0x0000,0x0000,0x0000,0x0000,0x0000,0x0000,0x0000,0x0000,0x0000,0x0000,0x0000,0x0000,0x0003,0xffff,0xffff,0x800f,0xffff,0xf000,0x1fff,0xffff,0xffc0,
  0x00ff,0xffff,0xc000,0x0000,0x0000,0x0000,0x0000,0x0000,0x0000,0x0000,0x0000,0x0000,0x0000,0x0000,0x0000,0x0007,0xffff,0xffff,0xc007,0xffff,0xf000,0x0fff,0xffff,0xffc0,
  0x00ff,0xffff,0xe000,0x0000,0x0000,0x0000,0x0000,0x0000,0x0000,0x0000,0x0000,0x0000,0x0000,0x0000,0x0000,0x000f,0xffff,0xffff,0xc007,0xffff,0xe000,0x03ff,0xffff,0xffc0,
  0x007f,0xffff,0xf000,0x0ff0,0x0000,0x0000,0x0000,0x0000,0x0000,0x0000,0x0000,0x0000,0x0000,0x0000,0x0000,0x000f,0xffff,0xffff,0xc007,0xffff,0xe000,0x00ff,0xffff,0xffc0,
  0x007f,0xffff,0xf800,0x3ffc,0x0000,0x0000,0x0000,0x0000,0x0000,0x0000,0x0000,0x0000,0x0000,0x0000,0x0000,0x001f,0xffff,0xffff,0x8003,0xffff,0xc000,0x000f,0xffff,0xffc0,
  0x003f,0xffff,0xfe01,0xfffe,0x0000,0x0000,0x0000,0x0000,0x0000,0x0000,0x0000,0x0000,0x0000,0x0000,0x0000,0x003f,0xffff,0xffff,0x8001,0xffff,0xc000,0x0003,0xffff,0xffc0,
  0x003f,0xffff,0xffff,0xffff,0x8000,0x0000,0x0000,0x0000,0x0000,0x0000,0x0000,0x0000,0x0000,0x0000,0x0000,0x007f,0xffff,0xffff,0x8000,0xffff,0x8000,0x0001,0xffff,0xffc0,
  0x001f,0xffff,0xffff,0xffff,0xc000,0x0000,0x0000,0x0000,0x0000,0x0000,0x0000,0x0000,0x0000,0x0000,0x0000,0x00ff,0xffff,0xffff,0x8000,0x7fff,0x0000,0x0000,0x7fff,0xffc0,
  0x000f,0xffff,0xffff,0xffff,0xc000,0x0000,0x0000,0x0000,0x0000,0x0000,0x0000,0x0000,0x0000,0x0000,0x0000,0x01ff,0xffff,0xffff,0x0000,0x3ffe,0x0000,0x0000,0x3fff,0xffc0,
  0x0007,0xffe0,0x0fff,0xffff,0xe000,0x0000,0x0000,0x0000,0x0000,0x0000,0x0000,0x0000,0x0000,0x0000,0x0000,0x03ff,0xffff,0xffff,0x0000,0x3ffe,0x0000,0x0000,0x1fff,0xffc0,
  0x0001,0xff00,0x03ff,0xffff,0xe000,0x0000,0x0000,0x0000,0x0000,0x0000,0x0000,0x0000,0x0000,0x0000,0x0000,0x0fff,0xffff,0xffff,0x0000,0x1ffc,0x0000,0x0000,0x1fff,0xffc0,
  0x0000,0x0000,0x00ff,0xffff,0xf000,0x0000,0x0000,0x0000,0x0000,0x0000,0x0000,0x0000,0x0000,0x0000,0x0000,0x1fff,0xffff,0xfffe,0x0000,0x0ffc,0x0000,0x0000,0x0fff,0xffe0,
  0x0000,0x0000,0x007f,0xffff,0xf000,0x0000,0x0000,0x0000,0x0000,0x0000,0x0000,0x0000,0x0000,0x0000,0x0000,0x3fff,0xffff,0xfffc,0x0000,0x0ff8,0x0000,0x0000,0x07ff,0xffe0,
  0x0000,0x0000,0x007f,0xffff,0xf000,0x0000,0x0000,0x0000,0x0000,0x0000,0x0000,0x0000,0x0000,0x0000,0x0000,0xffff,0xffff,0xfff8,0x0000,0x07f8,0x000f,0xc000,0x07ff,0xffe0,
  0x0000,0x0000,0x003f,0xffff,0xf000,0x0000,0x0000,0x0000,0x0000,0x0000,0x0000,0x0000,0x0000,0x0000,0x0001,0xffff,0xffff,0xfff8,0x0000,0x07f0,0x003f,0xf000,0x03ff,0xffe0,
  0x0000,0x0000,0x001f,0xffff,0xf000,0x0000,0x0000,0x0000,0x0000,0x0000,0x0000,0x0000,0x0000,0x0000,0x0007,0xffff,0xffff,0xfff0,0x0000,0x07f0,0x007f,0xf800,0x03ff,0xfff0,
  0x0000,0x0000,0x001f,0xffff,0xf000,0x0000,0x0000,0x0000,0x0000,0x0000,0x0000,0x0000,0x0000,0x0000,0x001f,0xffff,0xffff,0xffc0,0x0000,0x03f0,0x00ff,0xfc00,0x01ff,0xfff0,
  0x0000,0x0000,0x000f,0xffff,0xf000,0x0000,0x0000,0x0000,0x0000,0x0000,0x0000,0x0000,0x0000,0x0000,0x007f,0xffff,0x0fff,0xff80,0x0000,0x03f0,0x01ff,0xfe00,0x01ff,0xfff0,
  0x0000,0x0000,0x000f,0xffff,0xf000,0x0000,0x0000,0x0000,0x0000,0x0000,0x0000,0x0000,0x0000,0x0000,0x01ff,0xff80,0x007f,0xfe00,0x0000,0x03f0,0x01ff,0xff00,0x01ff,0xfff8,
  0x0000,0x0000,0x0007,0xffff,0xf000,0x0000,0x0000,0x0000,0x0000,0x0000,0x0000,0x0000,0x0000,0x0000,0x07ff,0xf800,0x0007,0xe000,0x0000,0x01e0,0x01ff,0xff80,0x00ff,0xfff8,
  0x0000,0x0000,0x0007,0xffff,0xf800,0x0000,0x0000,0x0000,0x0000,0x0000,0x0000,0x0000,0x0000,0x0000,0x3fff,0xc000,0x0000,0x0000,0x0000,0x01e0,0x03ff,0xffe0,0x00ff,0xfffc,
  0x0000,0x0380,0x0003,0xffff,0xf800,0x0000,0x0000,0x0000,0x0000,0x0000,0x0000,0x0000,0x0000,0x0001,0xfffe,0x0000,0x0000,0x0000,0x0000,0x01e0,0x03ff,0xfff8,0x03ff,0xfffe,
  0x0000,0x0ff0,0x0003,0xffff,0xf800,0x0000,0x0000,0x0000,0x0000,0x0000,0x0000,0x0000,0x7fc0,0x000f,0xfff8,0x0000,0x0000,0x0000,0x0000,0x01e0,0x03ff,0xffff,0xffff,0xffff,
  0x8000,0x3ff8,0x0001,0xffff,0xfc00,0x0000,0x0000,0x0000,0x0000,0x0000,0x0000,0x0003,0xfffc,0x03ff,0xffe0,0x0000,0x0000,0x0000,0x0000,0x01e0,0x01ff,0xffff,0xffff,0xffff,
  0xc000,0x7ffc,0x0000,0xffff,0xfc00,0x0000,0x0000,0x0000,0x0000,0x0000,0x0000,0x0007,0xffff,0xffff,0xff00,0x0000,0x0000,0x0000,0x0000,0x01e0,0x01ff,0xffff,0xffff,0xffff,
  0xf001,0xfffe,0x0000,0x3fff,0xfe00,0x0000,0x0000,0x0000,0x0000,0x0000,0x0000,0x001f,0xffff,0xffff,0xfe00,0x0000,0x0000,0x0000,0x0000,0x01e0,0x01ff,0xffff,0xffff,0xffff,
  0xfc07,0xffff,0x8000,0x1fff,0xff00,0x0000,0x0000,0x0000,0x0000,0x0000,0x0000,0x003f,0xffff,0xffff,0xf800,0x0000,0x0000,0x0000,0x0000,0x01e0,0x00ff,0xff00,0x7fff,0xffff,
  0xffff,0xffff,0xe000,0x0003,0xffe0,0x0000,0x0000,0x0000,0x0000,0x0000,0x0000,0x007f,0xffff,0xffff,0xe000,0x0000,0x0000,0x0000,0x0000,0x01e0,0x007f,0xfc00,0x1fff,0xffff,
  0xffff,0xffff,0xf800,0x0000,0x7fff,0x8000,0x0000,0x0000,0x0000,0x0000,0x0000,0x007f,0xffff,0xffff,0xc000,0x0000,0x0000,0x0000,0x0000,0x01e0,0x003f,0xfc00,0x07ff,0xffff,
  0xffff,0xffff,0xff00,0x0000,0x1fff,0xe000,0x0000,0x0000,0x0000,0x0000,0x0000,0x00ff,0xffff,0xffff,0x0000,0x0000,0x0000,0x0000,0x0000,0x01e0,0x000f,0xfc00,0x03ff,0xffff,
  0xffff,0xffff,0xfff0,0x0000,0x0fff,0xf800,0x0000,0x0000,0x0000,0x0000,0x0000,0x01ff,0xffff,0xfffe,0x0000,0x0000,0x0000,0x0000,0x0000,0x01f0,0x0003,0xfc00,0x01ff,0xffff,
  0xe00f,0xffff,0xffff,0xc000,0x0fff,0xf800,0x0000,0x0000,0x0000,0x0000,0x0000,0x01ff,0xffff,0xfffc,0x0000,0x0000,0x0000,0x0000,0x0000,0x01f0,0x0001,0xfc00,0x00ff,0xffff,
  0x8007,0xffff,0xffff,0xffff,0xffff,0xfc00,0x0000,0x0000,0x0000,0x0000,0x0000,0x03ff,0xffff,0xfff8,0x0000,0x0000,0x0000,0x0000,0x0000,0x01f0,0x0000,0xfc00,0x007f,0xffff,
  0x0001,0xffff,0xffff,0xffff,0xffff,0xfe00,0x0000,0x0000,0x0000,0x0000,0x0000,0x03ff,0xffff,0xffe0,0x0000,0x0000,0x0000,0x0000,0x0000,0x01f0,0x0000,0x7c00,0x007f,0xffff,
  0x0000,0xffff,0xfe07,0xffff,0xffff,0xfe00,0x0000,0x0000,0x0000,0x0000,0x0000,0x03ff,0xffff,0xffc0,0x0000,0x0000,0x0780,0x0000,0x0000,0x01f0,0x0000,0x3c00,0x003f,0xfffc,
  0x0000,0x7fff,0x0000,0x01ff,0xffff,0xfe00,0x0000,0x0000,0x0000,0x0000,0x0000,0x03ff,0xffff,0xff80,0x0000,0x0000,0x7ff8,0x0000,0x0000,0x01f8,0x0000,0x3c00,0x001f,0xfff8,
  0x0000,0x3ffc,0x0000,0x000f,0xffff,0xfe00,0x0000,0x0000,0x0000,0x0000,0x0000,0x03ff,0xffff,0xff80,0x0000,0x0001,0xfffe,0x0000,0x0000,0x01f8,0x0000,0x1e00,0x000f,0xfff0,
  0x0000,0x0ff0,0x0000,0x0001,0xffff,0xfe00,0x0000,0x0000,0x0000,0x0000,0x0000,0x03ff,0xffff,0xff00,0x0000,0x0007,0xffff,0x0000,0x0000,0x03f8,0x0000,0x0e00,0x0007,0xffe0,
  0x0000,0x03c0,0x0000,0x0000,0x3fff,0xfe00,0x0000,0x0000,0x0000,0x0000,0x0000,0x03ff,0xffff,0xfe00,0x0000,0x000f,0xffff,0xc000,0x0000,0x03f8,0x0000,0x0f00,0x0001,0xff80,
  0x0000,0x0000,0x0000,0x0000,0x0fff,0xfe00,0x0000,0x0000,0x0000,0x7fe0,0x0000,0x03ff,0xffff,0xfc00,0x0000,0x001f,0xffff,0xe000,0x0000,0x03fc,0x0000,0x0f00,0x0000,0x1800,
  0x0000,0x0000,0x0000,0x0000,0x03ff,0xfc00,0x0000,0x0000,0x0001,0xfff8,0x0000,0x03ff,0xffff,0xfc00,0x0000,0x003f,0xffff,0xe000,0x0000,0x07fc,0x0000,0x0780,0x0000,0x0000,
  0x1f00,0x0000,0x0000,0x0000,0x01ff,0xfc00,0x0000,0x0000,0x0007,0xfffe,0x0000,0x03ff,0xffff,0xf800,0x0000,0x003f,0xffff,0xf000,0x0000,0x07fe,0x0000,0x07c0,0x0000,0x0000,
  0x7fc0,0x0000,0x0000,0x0000,0x00ff,0xf800,0x0000,0x0000,0x000f,0xffff,0x0000,0x03ff,0xffff,0xf800,0x0000,0x007f,0xffff,0xfc00,0x0000,0x0fff,0x0000,0x07e0,0x0000,0x0000,
  0xfff0,0x0000,0x0000,0x0000,0x007f,0xf000,0x0000,0x0000,0x001f,0xffff,0x8000,0x01ff,0xffff,0xf000,0x0000,0x00ff,0xffff,0xfe00,0x0000,0x0fff,0x0000,0x07f0,0x0000,0x0000,
  0xfff8,0x0000,0x0000,0x0000,0x001f,0xc000,0x0000,0x0000,0x003f,0xffff,0xc000,0x01ff,0xffff,0xf000,0x0000,0x00ff,0xffff,0xff00,0x0000,0x1fff,0x8000,0x07f8,0x0000,0x0001,
  0xfff8,0x0000,0x0000,0x0000,0x0000,0x0000,0x0000,0x0000,0x003f,0xffff,0xc000,0x00ff,0xffff,0xf000,0x0000,0x00ff,0xffff,0xffc0,0x0000,0x7fff,0xc000,0x07fe,0x0000,0x0003,
  0xfffc,0x0000,0x001f,0x8000,0x0000,0x0000,0x0000,0x0000,0x007f,0xffff,0xe000,0x00ff,0xffff,0xe000,0x0000,0x01ff,0xffff,0xfff0,0x0001,0xffff,0xe000,0x07ff,0x8000,0x000f,
  0xfffc,0x0000,0x00ff,0xf000,0x0000,0x0000,0x0000,0x0000,0x00ff,0xffff,0xe000,0x007f,0xffff,0xe000,0x0000,0x01ff,0xffff,0xfffe,0x000f,0xffff,0xe000,0x07ff,0xc000,0x001f,
  0xfffe,0x0000,0x03ff,0xfc00,0x0000,0x0000,0x0000,0x0000,0x00ff,0xffff,0xf000,0x003f,0xffff,0xe000,0x0000,0x01ff,0xffff,0xffff,0xffff,0xffff,0xe000,0x07ff,0xf000,0x007f,
  0xfffe,0x0000,0x0fff,0xfe00,0x0000,0x0000,0x0000,0x0000,0x01ff,0xffff,0xf000,0x001f,0xffff,0xc000,0x0000,0x01ff,0xffff,0xffff,0xffff,0xffff,0xe000,0x0fff,0xfc00,0x03ff,
  0xfffe,0x0000,0x1fff,0xff80,0x0000,0x0000,0x0000,0x0000,0x03ff,0xffff,0xf000,0x000f,0xffff,0xc000,0x0000,0x01ff,0xffff,0xffff,0xffff,0xffff,0xe000,0x0fff,0xffc0,0x7fff,
  0xfffe,0x0000,0x3fff,0xff80,0x0000,0x0000,0x0000,0x0000,0x07ff,0xffff,0xf000,0x0007,0xffff,0xc000,0x0000,0x01ff,0xffff,0xffff,0xffff,0xffff,0xe000,0x0fff,0xffff,0xffff,
  0xfffc,0x0000,0x3fff,0xffc0,0x0000,0x0000,0x0000,0x0000,0x0fff,0xffff,0xf800,0x0001,0xffff,0xc000,0x0000,0x03ff,0xffff,0xffff,0xc0ff,0xffff,0xe000,0x1fff,0xffff,0xffff,
  0xfffc,0x0000,0x7fff,0xffe0,0x0000,0x0000,0x0000,0x0000,0x1fff,0xffff,0xf800,0x0000,0x3fff,0xc000,0x0000,0x03ff,0xffff,0xfffc,0x0007,0xffff,0xe000,0x1fff,0xffff,0xffff,
  0xfffc,0x0000,0xffff,0xfff0,0x0000,0x0000,0x0000,0x0000,0x7fff,0xffff,0xf800,0x0000,0x07ff,0xc000,0x0000,0x03ff,0xffff,0xffe0,0x0000,0xffff,0xc000,0x1fff,0xfff8,0x003f,
  0xfff8,0x0000,0xffff,0xfff0,0x0000,0x0000,0x0000,0x0000,0xffff,0xffff,0xfc00,0x0000,0x01ff,0xc000,0x0000,0x07ff,0xffff,0xff80,0x0000,0x3fff,0xc000,0x1fff,0xffc0,0x0007,
  0xfff8,0x0000,0xffff,0xfff8,0x0000,0x0000,0x0000,0x0003,0xffff,0xffff,0xfc00,0x0000,0x007f,0xc000,0x0000,0x07ff,0xffff,0xff00,0x0000,0x1fff,0x8000,0x1fff,0xff00,0x0001,
  0xfff8,0x0001,0xffff,0xfffc,0x0000,0x0000,0x0000,0x000f,0xffff,0xffff,0xfe00,0x0000,0x003f,0xc000,0x0000,0x0fff,0xffff,0xfc00,0x0000,0x0fff,0x0000,0x0fff,0xfc00,0x0000,
  0x3ff8,0x0001,0xffff,0xfffe,0x0000,0x0018,0x0000,0x003f,0xffff,0xffff,0xfe00,0x0000,0x001f,0xc000,0x0000,0x0fff,0xffff,0xf800,0x0000,0x03fc,0x0000,0x0fff,0xfc00,0x0000,
  0x1ff0,0x0001,0xffff,0xffff,0x0000,0x01ff,0x8000,0x01ff,0xffff,0xffff,0xff00,0x0000,0x000f,0xe000,0x0000,0x1fff,0xffff,0xf000,0x0000,0x0060,0x0000,0x07ff,0xfe00,0x0000,
  0x0ff0,0x0001,0xffff,0xffff,0x8000,0x07ff,0xe000,0x1fff,0xffff,0xffff,0xff80,0x0000,0x0007,0xe000,0x0000,0x3fff,0xffff,0xe000,0x3f80,0x0000,0x0000,0x03ff,0xff00,0x0000,
  0x07f0,0x0001,0xffff,0xffff,0xe000,0x1fff,0xff8f,0xffff,0xffff,0xffff,0xffc0,0x0000,0x0003,0xe000,0x0000,0x3fff,0xffff,0xc000,0xffc0,0x0000,0x0000,0x01ff,0xff00,0x0000,
  0x07f0,0x0001,0xffff,0xffff,0xf000,0x7fff,0xffff,0xffff,0xffff,0xffff,0xffe0,0x0000,0x0003,0xf000,0x0000,0x7fff,0xffff,0x8001,0xffe0,0x0000,0x0000,0x00ff,0xff80,0x0000,
  0x03f0,0x0001,0xffff,0xffff,0xfe03,0xffff,0xffff,0xffff,0xffff,0xffff,0xfff0,0x0000,0x0001,0xf800,0x0000,0xffff,0xffff,0x0003,0xfff0,0x0000,0x0000,0x0000,0x0fe0,0x0000,
  0x01f0,0x0001,0xffff,0xffff,0xffff,0xffff,0xffff,0xffff,0xffff,0xffff,0xffff,0x07f8,0x0001,0xf800,0x0001,0xffff,0xfffc,0x0007,0xfff8,0x0000,0x0000,0x0000,0x03f8,0x0000,
  0x01f8,0x0001,0xffff,0xffff,0xffff,0xffff,0xffff,0xffff,0xffff,0xffff,0xffff,0xfffe,0x0000,0xfc00,0x0007,0xffe0,0x3fe0,0x0007,0xfffc,0x0000,0x0000,0x0000,0x00ff,0xfe00,
  0x00f8,0x0000,0xffff,0xffff,0xffff,0xffff,0xffff,0xffff,0xffff,0xffff,0xffff,0xffff,0x0000,0xfe00,0x000f,0xfc00,0x0000,0x000f,0xfffc,0x0000,0x0000,0x0000,0x007f,0xff80,
  0x00f8,0x0000,0xffff,0xffff,0xffff,0xffff,0xffff,0xffff,0xffff,0xffff,0xffff,0xffff,0x8000,0xff00,0x003f,0xf000,0x0000,0x001f,0xfffe,0x0000,0x0000,0x0000,0x003f,0xffc0,
  0x0078,0x0000,0x7fff,0xffff,0x003f,0xffff,0xffff,0xffff,0xffff,0xffff,0xffff,0xffff,0xc000,0xffc0,0x00ff,0xc000,0x0000,0x003f,0xffff,0x0000,0x0000,0x0000,0x003f,0xffe0,
  0x0078,0x0000,0x7fff,0xfff8,0x000f,0xffff,0xffff,0xffff,0xffff,0xffff,0xffff,0xffff,0xc000,0xfff0,0x03ff,0x0000,0x0000,0x007f,0xffff,0x8000,0x0000,0x0000,0x001f,0xffe0,
  0x007c,0x0000,0x3fff,0xffe0,0x0003,0xffff,0xffff,0xffff,0xffff,0x3fff,0xffff,0xffff,0xc000,0xffff,0xfffe,0x0000,0x0000,0x01ff,0xffff,0xc000,0x00f8,0x0000,0x001f,0xfff0,
  0x003c,0x0000,0x1fff,0xff80,0x0001,0xffff,0xffff,0xffff,0xfffe,0x1fff,0xffff,0xffff,0xe000,0xffff,0xfffc,0x0000,0x0000,0x03ff,0xffff,0xe000,0x07ff,0x0000,0x000f,0xfff0,
  0x003c,0x0000,0x0fff,0xff00,0x0000,0xffff,0xffff,0xffff,0xfffc,0x1fff,0xffff,0xffff,0xe000,0xffff,0xfff8,0x0000,0x0000,0x0fff,0xffff,0xf800,0x1fff,0xc000,0x000f,0xfff0,
  0x003e,0x0000,0x07ff,0xfe00,0x0000,0x7fff,0xffff,0xffff,0xfff8,0x0fff,0xffff,0xffff,0xe000,0xffff,0xfff0,0x0000,0x0000,0x3fff,0xffff,0xff00,0xffff,0xe000,0x000f,0xfff0,
  0x003e,0x0000,0x01ff,0xf800,0x0000,0x3fff,0xffff,0xffff,0xfff0,0x0fff,0xffff,0xffff,0xe000,0xffff,0xffe0,0x0000,0x0001,0xffff,0xffff,0xffff,0xffff,0xf000,0x000f,0xfff0,
  0x003f,0x0000,0x007f,0xe000,0x0000,0x1fff,0xffff,0xffff,0xffe0,0x0fff,0xffff,0xffff,0xc000,0xffff,0xffc0,0x07f8,0x000f,0xffff,0xffff,0xffff,0xffff,0xf800,0x000f,0xfff0,
  0x001f,0x0000,0x0000,0x0000,0x0000,0x0fff,0xffff,0xffff,0xffe0,0x07ff,0xffff,0xffff,0xc000,0xffff,0xff80,0x0fff,0x83ff,0xf801,0xffe0,0x07ff,0xffff,0xf800,0x0007,0xffe0,
  0x001f,0x8000,0x0000,0x0000,0x0000,0x07ff,0xffff,0xffff,0xffc0,0x07ff,0xffff,0xffff,0xc001,0xffff,0xff80,0x1fff,0xffff,0x8000,0x3f00,0x01ff,0xffff,0xfc00,0x0007,0xffc0,
  0x001f,0xc000,0x0000,0x0000,0x0000,0x03ff,0xffff,0xffff,0xffc0,0x07ff,0xffff,0xffff,0x8001,0xffff,0xff00,0x3fff,0xfffc,0x0000,0x0000,0x007f,0xffff,0xff00,0x0003,0xffc0,
  0x001f,0xe000,0x0000,0x0000,0x0000,0x00ff,0x03ff,0xffff,0xff80,0x03ff,0xffff,0xffff,0x0001,0xffff,0xff00,0x7fff,0xfff0,0x0000,0x0000,0x001f,0xffff,0xff80,0x0001,0xff00,
  0x003f,0xf000,0x0000,0x0000,0x0000,0x0000,0x003f,0xffff,0xff80,0x03ff,0xffff,0xfffe,0x0001,0xffff,0xfe00,0x7fff,0xffc0,0x0000,0x0000,0x000f,0xffff,0xffe0,0x0000,0x7e00,
  0x003f,0xf800,0x0000,0x0000,0x0000,0x0000,0x000f,0xffff,0xff80,0x03ff,0xffff,0xfff8,0x0001,0xffff,0xfe00,0xffff,0xff00,0x0000,0x0000,0x0007,0xffff,0xfff0,0x0000,0x0000,
  0x003f,0xfc00,0x0000,0x0000,0x0000,0x0000,0x0003,0xffff,0xff80,0x03ff,0xffff,0xffc0,0x0001,0xffff,0xfe00,0xffff,0xfc00,0x0000,0x0000,0x0007,0xffff,0xfffe,0x0000,0x0000,
  0x003f,0xfe00,0x0000,0x0000,0x0000,0x0000,0x0001,0xffff,0xff80,0x01ff,0xffff,0xff00,0x0001,0xffff,0xfc00,0xffff,0xf800,0x0000,0x0000,0x0003,0xffff,0xffff,0x8000,0x0000,
  0x003f,0xff80,0x0000,0x0000,0x0000,0x0000,0x0000,0x7fff,0xff80,0x01ff,0xffff,0xfe00,0x0001,0xffff,0xfc00,0xffff,0xf000,0x0000,0x0000,0x0001,0xffff,0xffff,0xf000,0x0000,
  0x007f,0xffe0,0x0000,0x0000,0x0000,0x0000,0x0000,0x3fff,0xff80,0x01ff,0xffff,0xfc00,0x0001,0xffff,0xfc00,0xffff,0xe000,0x0000,0x0000,0x0001,0xffff,0xffff,0xfe00,0x0000,
  0x007f,0xfff0,0x0000,0x0000,0x0000,0x0000,0x0000,0x1fff,0xff80,0x01ff,0xffff,0xf800,0x0001,0xffff,0xfc00,0x7fff,0xc000,0x0000,0x0000,0x0000,0xffff,0xffff,0xffc0,0x0000,
  0x00ff,0xfffc,0x0000,0x0000,0x0000,0x0000,0x0000,0x1fff,0xff80,0x01ff,0xffff,0xf000,0x0000,0xffff,0xf800,0x7fff,0xc000,0xfc00,0x0000,0x0000,0xffff,0xffff,0xfffe,0x0000,
  0x0fff,0xfffe,0x0000,0x0000,0x0000,0x0000,0x0000,0x0fff,0xff80,0x01ff,0xffff,0xe000,0x0000,0xffff,0xf000,0x3fff,0x8003,0xff80,0x0000,0x0000,0x7fff,0xffff,0xffff,0xf800,
  0xffff,0xfffe,0x0000,0x0000,0x0000,0x0000,0x0000,0x07ff,0xff80,0x01ff,0xffff,0xc000,0x0000,0x7fff,0xf000,0x3fff,0x0007,0xffc0,0x0000,0x0000,0x3fff,0xffff,0xffff,0xffff,
  0xffff,0xffff,0x0000,0x0000,0x0000,0x0000,0x0000,0x07ff,0xff80,0x01ff,0xffff,0x8000,0x0000,0x3fff,0xe000,0x1ffe,0x000f,0xffe0,0x0000,0x0000,0x3fff,0xfc00,0x0fff,0xffff,
  0xffff,0xffff,0x8000,0x0000,0x0000,0x0000,0x0000,0x03ff,0xff80,0x01ff,0xffff,0x0000,0x0000,0x1fff,0xc000,0x07fc,0x001f,0xffe0,0x0000,0x0000,0x0fff,0xc000,0x003f,0xffff,
  0xffff,0xffff,0x8000,0x0000,0x0000,0x0000,0x0000,0x03ff,0xff80,0x01ff,0xffff,0x0000,0x0000,0x07ff,0x0000,0x01f0,0x001f,0xfff0,0x0000,0x0000,0x07ff,0x8000,0x0003,0xffff,
  0xffff,0xffff,0x8000,0x0000,0x0000,0x0000,0x0000,0x03ff,0xff80,0x01ff,0xfffe,0x0000,0x0000,0x01fc,0x0000,0x0000,0x003f,0xfff0,0x0000,0x0000,0x01fc,0x0000,0x0000,0x3fff,
  0xffff,0xffff,0xc000,0x0000,0x0000,0x0000,0x0000,0x01ff,0xff80,0x01ff,0xfffc,0x0000,0x0000,0x0000,0x0000,0x0000,0x003f,0xfff8,0x0000,0x0000,0x0000,0x0000,0x0000,0x07ff,
  0xffff,0xffff,0xc000,0x0000,0x0000,0x0000,0x0000,0x01ff,0xff80,0x01ff,0xfffc,0x0000,0x0000,0x0000,0x0000,0x0000,0x007f,0xfff8,0x0000,0x0000,0x0000,0x0000,0x0000,0x00ff,
  0xffff,0xffff,0xc000,0x0000,0x0000,0x0000,0x0000,0x00ff,0xff00,0x01ff,0xfff8,0x0000,0x0000,0x0000,0x0000,0x0000,0x007f,0xfff8,0x0000,0x0000,0x0000,0x0000,0x0000,0x001f,
  0xffff,0xffff,0xc000,0x0000,0x0000,0x0000,0x0000,0x00ff,0xfe00,0x01ff,0xfff8,0x0000,0x0000,0x0000,0x0000,0x0000,0x00ff,0xfff8,0x0000,0x0000,0x0000,0x0000,0x0000,0x0007,
  0xffff,0xffff,0xc000,0x0000,0x0000,0x0000,0x0000,0x007f,0xfc00,0x01ff,0xfff0,0x0000,0x0000,0x0000,0x0000,0x0000,0x01ff,0xfff8,0x0000,0x0000,0x0000,0x0000,0x0000,0x0003,
  0xffff,0xffff,0xc000,0x0000,0x0000,0x0000,0x0000,0x001f,0xf800,0x01ff,0xfff0,0x0001,0xfc00,0x0000,0x0000,0x0000,0x03ff,0xfff0,0x0000,0x0000,0x0000,0x0000,0x0000,0x0000,
  0x3fff,0xffff,0xc000,0x0000,0x0000,0x0000,0x0000,0x0007,0xe000,0x01ff,0xffe0,0x0007,0xff00,0x0000,0x0000,0x0000,0x07ff,0xfff0,0x0000,0x0000,0x0000,0x0000,0x0000,0x0000,
  0x1fff,0xffff,0xc000,0x0000,0x0000,0x0000,0x0000,0x0000,0x0000,0x03ff,0xffe0,0x000f,0xffc0,0x0000,0x0000,0x0000,0x1fff,0xffe0,0x0000,0x0000,0x0000,0x0000,0x0000,0x0000,
  0x0fff,0xffff,0xc000,0x0000,0x0000,0x0000,0x0000,0x0000,0x0000,0x03ff,0xffe0,0x001f,0xffe0,0x0000,0x0000,0x0000,0x3fff,0xffe0,0x0000,0x0000,0x0000,0x0000,0x0000,0x0000,
  0x07ff,0xffff,0x8000,0x0000,0x0000,0x0000,0x0000,0x0000,0x0000,0x03ff,0xffe0,0x003f,0xffe0,0x0000,0x0000,0x0000,0xffff,0xffc0,0x0000,0x0000,0x0000,0x0000,0x0000,0x0000,
  0x03ff,0xffff,0x8000,0x0000,0x0000,0x0000,0x0000,0x0000,0x0000,0x07ff,0xffc0,0x007f,0xfff0,0x0000,0x0000,0x0003,0xffff,0xff80,0x0000,0x0000,0x0000,0x0000,0x0000,0x0000,
  0x01ff,0xffff,0x0000,0x0000,0x0000,0x0000,0x0000,0x0000,0x0000,0x07ff,0xffc0,0x007f,0xfff8,0x0000,0x0000,0x000f,0xfc07,0xfe00,0x0000,0x0000,0x0000,0x0000,0x0000,0x0000,
  0x00ff,0xffff,0x0000,0x0000,0x0000,0x0000,0x0000,0x0000,0x0000,0x07ff,0xffc0,0x00ff,0xfffc,0x0000,0x0000,0x003f,0xe003,0xfc00,0x0000,0x0000,0x0000,0x0000,0x0000,0x0000,
  0x00ff,0xfffe,0x0000,0x0000,0x0000,0x0000,0x0000,0x0000,0x0000,0x0fff,0xffc0,0x01ff,0xfffc,0x0000,0x0fc0,0x01ff,0x0003,0xf800,0x0000,0x0000,0x0000,0x0000,0x0000,0x0000,
  0x007f,0xfffc,0x0000,0x0000,0x0000,0x0000,0x0000,0x0000,0x0000,0x0fff,0xffc0,0x03ff,0xfffe,0x0000,0x3fff,0xfffc,0x0003,0xf000,0x0000,0x0000,0x0000,0x0000,0x0000,0x0000,
  0x003f,0xfff8,0x0000,0x0000,0x0000,0x0000,0x0000,0x0000,0x0000,0x1fff,0xffc0,0x07ff,0xffff,0x8000,0xffff,0xfff0,0x0001,0xf000,0x0000,0x0000,0x0000,0x0000,0x0000,0x0000,
  0x000f,0xffe0,0x0000,0x0000,0x0000,0x0000,0x0000,0x0000,0x0000,0x3fff,0xffe0,0x1fff,0xffff,0xc003,0xffff,0xffe0,0x0001,0xe000,0x0000,0x0000,0x0000,0x0000,0x0000,0x0000,
  0x0003,0xffc0,0x0000,0x0000,0x0000,0x0000,0x0000,0x0000,0x0000,0x7fff,0xffff,0xffff,0xffff,0xf01f,0xffff,0xff80,0x0001,0xe000,0x0000,0x0000,0x0000,0x0000,0x0000,0x0000,
  0x0000,0x7e00,0x0000,0x0000,0x0000,0x0000,0x0000,0x0000,0x0000,0x7fff,0xffff,0xffff,0xffff,0xffff,0xffff,0xff00,0x0003,0xc000,0x0000,0x0000,0x0000,0x0000,0x0000,0x0000,
  0x0000,0x0000,0x0000,0x0000,0x0000,0x0000,0x0000,0x0000,0x0000,0xffff,0xffff,0xffff,0xffff,0xffff,0xffff,0xfc00,0x0003,0xc000,0x0000,0x0000,0x0000,0x0000,0x0000,0x0000,
  0x0000,0x0000,0x0000,0x0000,0x0000,0x0000,0x0000,0x0000,0x0000,0xffff,0xffff,0xffff,0xffff,0xffff,0xffff,0xf800,0x0003,0xc000,0x0000,0x0000,0x0000,0x0000,0x0000,0x0000,
  0x0000,0x0000,0x0000,0x0000,0x0000,0x0000,0x0000,0x0000,0x0000,0xffff,0xffff,0xffff,0xfffe,0x07ff,0xffff,0xf000,0x0003,0xc000,0x0000,0x0000,0x0000,0x0000,0x0000,0x0000,
  0x0000,0x0000,0x0000,0x0000,0x0000,0x0000,0x0000,0x0000,0x0000,0xffff,0xffff,0xc07f,0xfff0,0x00ff,0xffff,0xf000,0x0007,0xc000,0x0000,0x0000,0x0000,0x0000,0x0000,0x0000,
  0x0000,0x0000,0x0000,0x0000,0x0000,0x0000,0x0000,0x0000,0x0000,0xffff,0xffff,0x000f,0xffc0,0x007f,0xffff,0xe000,0x000f,0xc000,0x0000,0x0000,0x0000,0x0000,0x0000,0x0000,
  0x0000,0x0000,0x0000,0x0000,0x0000,0x0000,0x0000,0x0000,0x0001,0xffff,0xfffc,0x0003,0xff00,0x003f,0xffff,0xc000,0x000f,0xc000,0x0000,0x0000,0x0000,0x0000,0x0000,0x0000,
  0x0000,0x0000,0x0000,0x0000,0x0000,0x0000,0x0000,0x0000,0x0001,0xffff,0xfff8,0x0000,0xf800,0x001f,0xffff,0xc000,0x001f,0xc000,0x0000,0x0000,0x0000,0x0000,0x0000,0x0000,
  0x0000,0x0000,0x0000,0x0000,0x0000,0x0000,0x0000,0x0000,0x0000,0xffff,0xfff0,0x0000,0x0000,0x000f,0xffff,0x8000,0x003f,0xe000,0x0000,0x0000,0x0000,0x0000,0x0000,0x0000,
  0x0000,0x0000,0x0000,0x0000,0x0000,0x0000,0x0000,0x0000,0x0000,0xffff,0xffe0,0x0000,0x0000,0x0007,0xffff,0x8000,0x007f,0xe000,0x0000,0x0000,0x0000,0x0000,0x0000,0x0000,
  0x0000,0x0000,0x0000,0x0000,0x0000,0x0000,0x0000,0x0000,0x0000,0xffff,0xffe0,0x0000,0x0000,0x0003,0xffff,0x0000,0x01ff,0xf000,0x0000,0x0000,0x0000,0x0000,0x0000,0x0000,
  0x0000,0x0000,0x0000,0x0000,0x0000,0x0000,0x0000,0x0000,0x0000,0xffff,0xffc0,0x0000,0x0000,0x0003,0xffff,0x0000,0x03ff,0xf000,0x0000,0x0000,0x0000,0x0000,0x0000,0x0000,
  0x0000,0x0000,0x0000,0x0000,0x0000,0x0000,0x0000,0x0000,0x0000,0x7fff,0xffc0,0x0000,0x0000,0x0001,0xfffe,0x0000,0x0fff,0xf800,0x0000,0x0000,0x0000,0x0000,0x0000,0x0000,
  0x0000,0x0000,0x0000,0x0000,0x0000,0x0000,0x0000,0x0000,0x0000,0x7fff,0xff80,0x0000,0x0000,0x0000,0xfffc,0x0000,0x1fff,0xf800,0x0000,0x0000,0x0000,0x0000,0x0000,0x0000,
  0x0000,0x0000,0x0000,0x0000,0x0000,0x0000,0x0000,0x0000,0x0000,0x3fff,0xff00,0x0000,0x0000,0x0000,0x7ff8,0x0000,0x3fff,0xfc00,0x0000,0x0000,0x0000,0x0000,0x0000,0x0000,
  0x0000,0x0000,0x0000,0x0000,0x0000,0x0000,0x0000,0x0000,0x0000,0x1fff,0xff00,0x0000,0x0000,0x0000,0x1fe0,0x0000,0x7fff,0xfe00,0x0000,0x0000,0x0000,0x0000,0x0000,0x0000,
  0x0000,0x0000,0x0000,0x0000,0x0000,0x0000,0x0000,0x0000,0x0000,0x0fff,0xfe00,0x0000,0x0000,0x0000,0x0000,0x0000,0xffff,0xff00,0x0000,0x0000,0x0000,0x0000,0x0000,0x0000,
  0x0000,0x0000,0x0000,0x0000,0x0000,0x0000,0x0000,0x0000,0x0000,0x07ff,0xf800,0x0000,0x0000,0x0000,0x0000,0x0000,0xffff,0xff00,0x0000,0x0000,0x0000,0x0000,0x0000,0x0000,
  0x0000,0x0000,0x0000,0x0000,0x0000,0x0000,0x0000,0x0000,0x0000,0x03ff,0xf000,0x0000,0x0000,0x0000,0x0000,0x0001,0xffff,0xff80,0x0000,0x0000,0x0000,0x0000,0x0000,0x0000,
  0x0000,0x0000,0x0000,0x0000,0x0000,0x0000,0x0000,0x0000,0x0000,0x007f,0xc000,0x0000,0x0000,0x0000,0x0000,0x0001,0xffff,0xff80,0x0000,0x0000,0x0000,0x0000,0x0000,0x0000,
  0x0000,0x0000,0x0000,0x0000,0x0000,0x0000,0x0000,0x0000,0x0000,0x0000,0x0000,0x0000,0x0000,0x0000,0x0000,0x0001,0xffff,0xff80,0x0000,0x0000,0x0000,0x0000,0x0000,0x0000,
  0x0000,0x0000,0x0000,0x0000,0x0000,0x0000,0x0000,0x0000,0x0000,0x0000,0x0000,0x0000,0x0000,0x0000,0x0000,0x0001,0xffff,0xff80,0x0000,0x0000,0x0000,0x0000,0x0000,0x0000,
  0x0000,0x0000,0x0000,0x0000,0x0000,0x0000,0x0000,0x0000,0x0000,0x0000,0x0000,0x0000,0x0000,0x0000,0x0000,0x0003,0xffff,0xff80,0x0000,0x0000,0x0000,0x0000,0x0000,0x0000,
  0x0000,0x0000,0x0000,0x0000,0x0000,0x0000,0x0000,0x0000,0x0000,0x0000,0x0000,0x0000,0x0000,0x0000,0x0000,0x0003,0xffff,0xffc0,0x0000,0x0000,0x0000,0x0000,0x0000,0x0000,
  0x0000,0x0000,0x0000,0x0000,0x0000,0x0000,0x0000,0x0000,0x0000,0x0000,0x0000,0x0000,0x0000,0x0000,0x0000,0x0003,0xffff,0xff80,0x0000,0x0000,0x0000,0x0000,0x0000,0x0000,
  0x0000,0x0000,0x0000,0x0000,0x0000,0x0000,0x0000,0x0000,0x0000,0x0000,0x0000,0x0000,0x0000,0x0000,0x0000,0x0003,0xffff,0xff80,0x0000,0x0000,0x0000,0x0000,0x0000,0x0000,
  0x0000,0x0000,0x0000,0x0000,0x0000,0x0000,0x0000,0x0000,0x0000,0x0000,0x0000,0x0000,0x0000,0x0000,0x0000,0x0003,0xffff,0xff80,0x0000,0x0000,0x0000,0x0000,0x0000,0x0000,
  0x0000,0x0000,0x0000,0x0000,0x0000,0x0000,0x0000,0x0000,0x0000,0x0000,0x0000,0x0000,0x0000,0x0000,0x0000,0x0003,0xffff,0xff80,0x0000,0x0000,0x0000,0x0000,0x0000,0x0000,
  0x0000,0x0000,0x0000,0x0000,0x0000,0x0000,0x0000,0x0000,0x0000,0x0000,0x0000,0x0000,0x0000,0x0000,0x0000,0x0003,0xffff,0xff80,0x0000,0x0000,0x0000,0x0000,0x0000,0x0000,
  0x0000,0x0000,0x0000,0x0000,0x0000,0x0000,0x0000,0x0000,0x0000,0x0000,0x0000,0x0000,0x0000,0x0000,0x0000,0x0003,0xffff,0xff00,0x0000,0x0000,0x0000,0x0000,0x0000,0x0000,
  0x0000,0x0000,0x0000,0x0000,0x0000,0x0000,0x0000,0x0000,0x0000,0x0000,0x0000,0x0000,0x0000,0x0000,0x0000,0x0007,0xffff,0xff00,0x0000,0x0000,0x0000,0x0000,0x0000,0x0000,
  0x0000,0x0000,0x0000,0x0000,0x0000,0x0000,0x0000,0x0000,0x0000,0x0000,0x0000,0x0000,0x0000,0x0000,0x0000,0x0007,0xffff,0xfe00,0x0000,0x0000,0x0000,0x0000,0x0000,0x0000,
  0x0000,0x0000,0x0000,0x0000,0x0000,0x0000,0x0000,0x0000,0x0000,0x0000,0x0000,0x0000,0x0000,0x0000,0x0000,0x0007,0xffff,0xfc00,0x0000,0x0000,0x0000,0x0000,0x0000,0x0000,
  0x0000,0x0000,0x0000,0x0000,0x0000,0x0000,0x0000,0x0000,0x0000,0x0000,0x0000,0x0000,0x0000,0x0000,0x0000,0x000f,0xffff,0xf800,0x0000,0x0000,0x0000,0x0000,0x0000,0x0000,
  0x0000,0x0000,0x0000,0x0000,0x0000,0x0000,0x0000,0x0000,0x0000,0x0000,0x0000,0x0000,0x0000,0x0000,0x0000,0x000f,0xffff,0xf000,0x0000,0x0000,0x0000,0x0000,0x0000,0x0000,
  0x0000,0x0000,0x0000,0x0000,0x0000,0x0000,0x0000,0x0000,0x0000,0x0000,0x0000,0x0000,0x0000,0x0000,0x0000,0x001f,0xffff,0xc000,0x0000,0x0000,0x0000,0x0000,0x0000,0x0000,
  0x0000,0x0000,0x0000,0x0000,0x0000,0x0000,0x0000,0x0000,0x0000,0x0000,0x0000,0x0000,0x0000,0x0000,0x0000,0x001f,0xffff,0x0000,0x0000,0x0000,0x0000,0x0000,0x0000,0x0000,
  0x0000,0x0000,0x0000,0x0000,0x0000,0x0000,0x0000,0x0000,0x0000,0x0000,0x0000,0x0000,0x0000,0x0000,0x0000,0x003f,0xff80,0x0000,0x0000,0x0000,0x0000,0x0000,0x0000,0x0000,
  0x0000,0x0000,0x0000,0x0000,0x0000,0x0000,0x0000,0x0000,0x0000,0x0000,0x0000,0x0000,0x0000,0x0000,0x0000,0x007f,0xf800,0x0000,0x0000,0x0000,0x0000,0x0000,0x0000,0x0000,
  0x0000,0x0000,0x0000,0x0000,0x0000,0x0000,0x0000,0x0000,0x0000,0x0000,0x0000,0x0000,0x0000,0x0000,0x0000,0x00ff,0xc000,0x0000,0x0000,0x0000,0x0000,0x0000,0x0000,0x0000,
  0x0000,0x0000,0x0000,0x0000,0x0000,0x0000,0x0000,0x0000,0x0000,0x0000,0x0000,0x0000,0x0000,0x0000,0x0000,0x01ff,0x0000,0x0000,0x0000,0x0000,0x0000,0x0000,0x0000,0x0000,
  0x0000,0x0000,0x0000,0x0000,0x0000,0x0000,0x0000,0x0000,0x0000,0x0000,0x0000,0x0000,0x0000,0x0000,0x0000,0x03fc,0x0000,0x0000,0x0000,0x0000,0x0000,0x0000,0x0000,0x0000,
  0x0000,0x0000,0x0000,0x0000,0x0000,0x0000,0x0000,0x0000,0x0000,0x0000,0x0000,0x0000,0x0000,0x0000,0x0000,0x07f8,0x0000,0x0000,0x0000,0x0000,0x0000,0x0000,0x0000,0x0000,
  0x0000,0x0000,0x0000,0x0000,0x0000,0x0000,0x0000,0x0000,0x0000,0x0000,0x0000,0x0000,0x0000,0x0000,0x0000,0x0ff0,0x0000,0x0000,0x0000,0x0000,0x0000,0x0000,0x0000,0x0000,
  0x0000,0x0000,0x0000,0x0000,0x0000,0x0000,0x0000,0x0000,0x0000,0x0000,0x0000,0x0000,0x0000,0x0000,0x0000,0x3fe0,0x0000,0x0000,0x0000,0x0000,0x0000,0x0000,0x0000,0x0000,
  0x0000,0x0000,0x0000,0x0000,0x0000,0x0000,0x0000,0x0000,0x0000,0x0000,0x0000,0x0000,0x0000,0x0000,0x0001,0xffc0,0x0000,0x0000,0x0000,0x0000,0x0000,0x0000,0x0000,0x0000,
  0x0000,0x0000,0x0000,0x0000,0x0000,0x0000,0x0000,0x0000,0x0000,0x0000,0x0000,0x0000,0x0000,0x0000,0x000f,0xff80,0x0000,0x0000,0x0000,0x0000,0x0000,0x0000,0x0000,0x0000,
  0x0000,0x0000,0x0000,0x0000,0x0000,0x0000,0x0000,0x0000,0x0000,0x0000,0x0000,0x0000,0x0000,0x0001,0xffff,0xff80,0x0000,0x0000,0x0000,0x0000,0x0000,0x0000,0x0000,0x0000,
  0x0000,0x0000,0x0000,0x0000,0x0000,0x0000,0x0000,0x0000,0x0000,0x0000,0x0000,0x0000,0x0000,0x000f,0xffff,0xff00,0x0000,0x0000,0x0000,0x0000,0x0000,0x0000,0x0000,0x0000,
  0x0000,0x0000,0x0000,0x0000,0x0000,0x0000,0x0000,0x0000,0x0000,0x0000,0x0000,0x0000,0x0000,0x003f,0xffff,0xfe00,0x0000,0x0000,0x0000,0x0000,0x0000,0x0000,0x0000,0x0000,
  0x0000,0x0000,0x0000,0x0000,0x0000,0x0000,0x0000,0x0000,0x0000,0x0000,0x0000,0x0000,0x0000,0x00ff,0xffff,0xfe00,0x0000,0x0000,0x0000,0x0000,0x0000,0x0000,0x0000,0x0000,
  0x0000,0x0000,0x0000,0x0000,0x0000,0x0000,0x0000,0x0000,0x0000,0x0000,0x0000,0x0000,0x0000,0x01ff,0xffff,0xfc00,0x0000,0x0000,0x0000,0x0000,0x0000,0x0000,0x0000,0x0000,
  0x0000,0x0000,0x0000,0x0000,0x0000,0x0000,0x0000,0x0000,0x0000,0x0000,0x0000,0x0000,0x0000,0x03ff,0xffff,0xfc00,0x0000,0x0000,0x0000,0x0000,0x0000,0x0000,0x0000,0x0000,
  0x0000,0x0000,0x0000,0x0000,0x0000,0x0000,0x0000,0x0000,0x0000,0x0000,0x0000,0x0000,0x0000,0x07ff,0xffff,0xfc00,0x0000,0x0000,0x0000,0x0000,0x0000,0x0000,0x0000,0x0000,
  0x0000,0x0000,0x0000,0x0000,0x0000,0x0000,0x0000,0x0000,0x0000,0x0000,0x0000,0x0000,0x0000,0x0fff,0xffff,0xfc00,0x0000,0x0000,0x0000,0x0000,0x0000,0x0000,0x0000,0x0000,
  0x0000,0x0000,0x0000,0x0000,0x0000,0x0000,0x0000,0x0000,0x0000,0x0000,0x0000,0x0000,0x0000,0x1fff,0xffff,0xf800,0x0000,0x0000,0x0000,0x0000,0x0000,0x0000,0x0000,0x0000,
  0x0000,0x0000,0x0000,0x0000,0x0000,0x0000,0x0000,0x0000,0x0000,0x0000,0x0000,0x0000,0x0000,0x1fff,0xffff,0xf800,0x0000,0x0000,0x0000,0x0000,0x0000,0x0000,0x0000,0x0000,
  0x0000,0x0000,0x0000,0x0000,0x0000,0x0000,0x0000,0x0000,0x0000,0x0000,0x0000,0x0000,0x0000,0x3fff,0xffff,0xf800,0x0000,0x0000,0x0000,0x0000,0x0000,0x0000,0x0000,0x0000,
  0x0000,0x0000,0x0000,0x0000,0x0000,0x0000,0x0000,0x0000,0x0000,0x0000,0x0000,0x0000,0x0000,0x3fff,0xffff,0xf800,0x0000,0x0000,0x0000,0x0000,0x0000,0x0000,0x0000,0x0000,
  0x0000,0x0000,0x0000,0x0000,0x0000,0x0000,0x0000,0x0000,0x0000,0x0000,0x0000,0x0000,0x0000,0x7fff,0xffff,0xf800,0x0000,0x0000,0x0000,0x0000,0x0000,0x0000,0x0000,0x0000,
  0x0000,0x0000,0x0000,0x0000,0x0000,0x0000,0x0000,0x0000,0x0000,0x0000,0x0000,0x0000,0x0000,0x7fff,0xffff,0xf800,0x0000,0x0000,0x0000,0x0000,0x0000,0x0000,0x0000,0x0000,
  0x0000,0x0000,0x0000,0x0000,0x0000,0x0000,0x0000,0x0000,0x0000,0x0000,0x0000,0x0000,0x0000,0x7fff,0xffff,0xf000,0x0000,0x0000,0x0000,0x0000,0x0000,0x0000,0x0000,0x0000,
  0x0000,0x0000,0x0000,0x0000,0x0000,0x0000,0x0000,0x0000,0x0000,0x0000,0x0000,0x0000,0x0000,0x7fff,0xffff,0xf000,0x0000,0x0000,0x0000,0x0000,0x0000,0x0000,0x0000,0x0000,
  0x0000,0x0000,0x0000,0x0000,0x0000,0x0000,0x0000,0x0000,0x0000,0x0000,0x0000,0x0000,0x0000,0x7fff,0xffff,0xf000,0x0000,0x0000,0x0000,0x0000,0x0000,0x0000,0x0000,0x0000,
  0x0000,0x0000,0x0000,0x0000,0x0000,0x07f8,0x0000,0x0000,0x0000,0x0000,0x0000,0x0000,0x0000,0xffff,0xffff,0xf000,0x0000,0x0000,0x0000,0x0000,0x0000,0x0000,0x0000,0x0000,
  0x0000,0x0000,0x0000,0x0000,0x0000,0x0ffc,0x0000,0x0000,0x0000,0x0000,0x0000,0x0000,0x0000,0xffff,0xffff,0xf800,0x0000,0x0000,0x0000,0x0000,0x0000,0x0000,0x0000,0x0000,
  0x0000,0x0000,0x0000,0x0000,0x0000,0x1ffe,0x0000,0x0000,0x0000,0x0000,0x0000,0x0000,0x0000,0x7fff,0xffff,0xf000,0x0000,0x0000,0x0000,0x0000,0x0000,0x0000,0x0000,0x0000,
  0x0000,0x0000,0x0000,0x0000,0x0000,0x3fff,0x0000,0x0000,0x0000,0x0000,0x0000,0x0000,0x0000,0x7fff,0xffff,0xf000,0x0000,0x0000,0x0000,0x0000,0x0000,0x0000,0x0000,0x0000,
  0x0000,0x0000,0x0000,0x0000,0x0000,0x7fff,0x8000,0x0000,0x0000,0x0000,0x0000,0x0000,0x0000,0x7fff,0xffff,0xf000,0x0000,0x0000,0x0000,0x0000,0x0000,0x0000,0x0000,0x0000,
  0x0000,0x0000,0x0000,0x0000,0x0000,0x7fff,0x8000,0x0000,0x0000,0x0000,0x0000,0x0000,0x0000,0x7fff,0xffff,0xf000,0x0000,0x0000,0x0000,0x0000,0x0000,0x0000,0x0000,0x0000,
  0x0000,0x0000,0x0000,0x0000,0x0000,0x7fff,0x8000,0x0000,0x0000,0x0000,0x0000,0x0000,0x0000,0x7fff,0xffff,0xf000,0x0000,0x0000,0x0000,0x0000,0x0000,0x0000,0x0000,0x0000,
  0x0000,0x0000,0x0000,0x0000,0x0000,0x7fff,0xc000,0x0000,0x0000,0x0000,0x0000,0x0000,0x0000,0x3fff,0xffff,0xe000,0x0000,0x0000,0x0000,0x0000,0x0000,0x0000,0x0000,0x0000,
  0x0000,0x0000,0x0000,0x0000,0x0000,0xffff,0xc000,0x0000,0x0000,0x0000,0x0000,0x0000,0x0000,0x3fff,0xffff,0xe000,0x0000,0x0000,0x0000,0x0000,0x0000,0x0000,0x0000,0x0000,
  0x0000,0x0000,0x0000,0x0000,0x0000,0x7fff,0x8000,0x0000,0x0000,0x0000,0x0000,0x0000,0x0000,0x3fff,0xffff,0xe000,0x0000,0x0000,0x0000,0x0000,0x0000,0x0000,0x0000,0x0000,
  0x0000,0x0000,0x0000,0x0000,0x0000,0x7fff,0x8000,0x0000,0x0000,0x0000,0x0000,0x0000,0x0000,0x1fff,0xffff,0xc000,0x0000,0x0000,0x0000,0x0000,0x0000,0x0000,0x0000,0x0000,
  0x0000,0x0000,0x0000,0x0000,0x0000,0x7fff,0x8000,0x0000,0x0000,0x0000,0x0000,0x0000,0x0000,0x0fff,0xffff,0x8000,0x0000,0x0000,0x0000,0x0000,0x0000,0x0000,0x0000,0x0000,
  0x0000,0x0000,0x0000,0x0000,0x0000,0x3fff,0x0000,0x0000,0x0000,0x0000,0x0000,0x0000,0x0000,0x0fff,0xffff,0x8000,0x0000,0x0000,0x0000,0x0000,0x0000,0x0000,0x0000,0x0000,
  0x0000,0x0000,0x0000,0x0000,0x0000,0x3fff,0x0000,0x0000,0x0000,0x0000,0x0000,0x0000,0x0000,0x07ff,0xffff,0x0000,0x0000,0x0000,0x0000,0x0000,0x0000,0x0000,0x0000,0x0000,
  0x0000,0x0000,0x0000,0x0000,0x0000,0x1ffe,0x0000,0x0000,0x0000,0x0000,0x0000,0x0000,0x0000,0x03ff,0xfffe,0x0000,0x0000,0x0000,0x0000,0x0000,0x0000,0x0000,0x0000,0x0000,
  0x0000,0x0000,0x0000,0x0000,0x0000,0x0ffc,0x0000,0x0000,0x0000,0x0000,0x0000,0x0000,0x0000,0x01ff,0xfff8,0x0000,0x0000,0x0000,0x0000,0x0000,0x0000,0x0000,0x0000,0x0000,
  0x0000,0x0000,0x0000,0x0000,0x0000,0x0ff8,0x0000,0x0000,0x0000,0x0000,0x0000,0x0000,0x0000,0x007f,0xfff0,0x0000,0x0000,0x0000,0x0000,0x0000,0x0000,0x0000,0x0000,0x0000,
  0x0000,0x0000,0x0000,0x0000,0x0000,0x07f0,0x0000,0x0000,0x0000,0x0000,0x0000,0x0000,0x0000,0x001f,0xffc0,0x0000,0x0000,0x0000,0x0000,0x0000,0x0000,0x0000,0x0000,0x0000,
  0x0000,0x0000,0x0000,0x0000,0x0000,0x07e0,0x0000,0x0000,0x0000,0x0000,0x0000,0x0000,0x0000,0x0007,0xff00,0x0000,0x0000,0x0000,0x0000,0x0000,0x0000,0x0000,0x0000,0x0000,
  0x0000,0x0000,0x0000,0x0000,0x0000,0x07c0,0x0000,0x0000,0x0000,0x0000,0x0000,0x0000,0x0000,0x0000,0x0000,0x0000,0x0000,0x0000,0x0000,0x0000,0x0000,0x0000,0x0000,0x0000,
  0x0000,0x0000,0x0000,0x0000,0x0000,0x07c0,0x0000,0x0000,0x0000,0x0000,0x0000,0x0000,0x0000,0x0000,0x0000,0x0000,0x0000,0x0000,0x0000,0x0000,0x0000,0x0000,0x0000,0x0000,
  0x0000,0x0000,0x0000,0x0000,0x0000,0x0780,0x0000,0x0000,0x0000,0x0000,0x0000,0x0000,0x0000,0x0000,0x0000,0x0000,0x0000,0x0000,0x0000,0x0000,0x0000,0x0000,0x0000,0x0000,
  0x0000,0x0000,0x0000,0x0000,0x0000,0x0780,0x0000,0x0000,0x0000,0x0000,0x0000,0x0000,0x0000,0x0000,0x0000,0x0000,0x0000,0x0000,0x0000,0x0000,0x0000,0x0000,0x0000,0x0000,
  0x0000,0x0000,0x0000,0x0000,0x0000,0x0780,0x0000,0x0000,0x0000,0x0000,0x0000,0x0000,0x0000,0x0000,0x0000,0x0000,0x0000,0x0000,0x0000,0x0000,0x0000,0x0000,0x0000,0x0000,
  0x0000,0x0000,0x0000,0x0000,0x0000,0x0f80,0x0000,0x0000,0x0000,0x0000,0x0000,0x0000,0x0000,0x0000,0x0000,0x0000,0x0000,0x0000,0x0000,0x0000,0x0000,0x0000,0x0000,0x0000,
  0x0000,0x0000,0x0000,0x0000,0x0000,0x0f80,0x0000,0x0000,0x0000,0x0000,0x0000,0x0000,0x0000,0x0000,0x0000,0x0000,0x0000,0x0000,0x0000,0x0000,0x0000,0x0000,0x0000,0x0000,
  0x0000,0x0000,0x0000,0x0000,0x0000,0x1fc0,0x0000,0x0000,0x0000,0x0000,0x0000,0x0000,0x0000,0x0000,0x0000,0x0000,0x0000,0x0000,0x0000,0x0000,0x0000,0x0000,0x0000,0x0000,
  0x0000,0x0000,0x0000,0x0000,0x0000,0x3fc0,0x0000,0x0000,0x0000,0x0000,0x0000,0x0000,0x0000,0x0000,0x0000,0x0000,0x0000,0x0000,0x0000,0x0000,0x0000,0x0000,0x0000,0x0000,
  0x0000,0x0000,0x0000,0x0000,0x0000,0x7fc0,0x0000,0x0000,0x0000,0x0000,0x0000,0x0000,0x0000,0x0000,0x0000,0x0000,0x0000,0x0000,0x0000,0x0000,0x0000,0x0000,0x0000,0x0000,
  0x0000,0x0000,0x0000,0x0000,0x0000,0xffe0,0x0000,0x0000,0x0000,0x0000,0x0000,0x0000,0x0000,0x0000,0x0000,0x0000,0x0000,0x0000,0x0000,0x0000,0x0000,0x0000,0x0000,0x0000,
  0x0000,0x0000,0x0000,0x0000,0x0001,0xfff0,0x0000,0x0000,0x0000,0x0000,0x0000,0x0000,0x0000,0x0000,0x0000,0x0000,0x0000,0x0000,0x0000,0x0000,0x0000,0x0000,0x0000,0x0000,
  0x0000,0x0000,0x0000,0x0000,0x0003,0xfff0,0x0000,0x0000,0x0000,0x0000,0x0000,0x0000,0x0000,0x0000,0x0000,0x0000,0x0000,0x0000,0x0000,0x0000,0x0000,0x0000,0x0000,0x0000,
  0x0000,0x0000,0x0000,0x0000,0x0007,0xfff8,0x0000,0x0000,0x0000,0x0000,0x0000,0x0000,0x0000,0x0000,0x0000,0x0000,0x0000,0x0000,0x0000,0x0000,0x0000,0x0000,0x0000,0x0000,
  0x0000,0x0000,0x0000,0x0000,0x000f,0xfffc,0x0000,0x0000,0x0000,0x0000,0x0000,0x0000,0x0000,0x0000,0x0000,0x0000,0x0000,0x0000,0x0000,0x0000,0x0000,0x0000,0x0000,0x0000,
  0x0000,0x0000,0x0000,0x0000,0x001f,0xfffe,0x0000,0x0000,0x0000,0x0000,0x0000,0x0000,0x0000,0x0000,0x0000,0x0000,0x0000,0x0000,0x0000,0x0000,0x0000,0x0000,0x0000,0x0000,
  0x0000,0x0000,0x0000,0x0000,0x001f,0xfffe,0x0000,0x0000,0x0000,0x0000,0x0000,0x0000,0x0000,0x0000,0x0000,0x0000,0x0000,0x0000,0x0000,0x0000,0x0000,0x0000,0x0000,0x0000,
  0x0000,0x0000,0x0000,0x0000,0x003f,0xfffe,0x0000,0x0000,0x0000,0x0000,0x0000,0x0000,0x0000,0x0000,0x0000,0x0000,0x0000,0x0000,0x0000,0x0000,0x0000,0x0000,0x0000,0x0000,
  0x0000,0x0000,0x0000,0x0000,0x007f,0xffff,0x0000,0x0000,0x0000,0x0000,0x0000,0x0000,0x0000,0x0000,0x0000,0x0000,0x0000,0x0000,0x0000,0x0000,0x0000,0x0000,0x0000,0x0000,
  0x0000,0x0000,0x0000,0x0000,0x00ff,0xffff,0x0000,0x0000,0x0000,0x0000,0x0000,0x0000,0x0000,0x0000,0x0000,0x0000,0x0000,0x0000,0x0000,0x0000,0x0000,0x0000,0x0000,0x0000,
  0x0000,0x0000,0x0000,0x0000,0x01ff,0xffff,0x0000,0x0000,0x0000,0x0000,0x0000,0x0000,0x0000,0x0000,0x0000,0x0000,0x0000,0x0000,0x0000,0x0000,0x0000,0x0000,0x0000,0x0000,
  0x0000,0x0000,0x0007,0xc000,0x03ff,0xffff,0x0000,0x0000,0x0000,0x0000,0x0000,0x0000,0x0000,0x0000,0x0000,0x0000,0x0000,0x0000,0x0000,0x0000,0x0000,0x0000,0x0000,0x0000,
  0x0000,0x0000,0x001f,0xf800,0x0fff,0xffff,0x0000,0x0000,0x0000,0x0000,0x0000,0x0000,0x0000,0x0000,0x0000,0x0000,0x0000,0x0000,0x0000,0x0000,0x0000,0x0000,0x0000,0x0000,
  0x0000,0x0000,0x003f,0xfe00,0x3fff,0xffff,0x0000,0x0000,0x0000,0x0000,0x0000,0x0000,0x0000,0x0000,0x0000,0x0000,0x0000,0x0000,0x0000,0x0000,0x0000,0x0000,0x0000,0x0000,
  0x0000,0x0000,0x007f,0xfff7,0xffff,0xffff,0x0000,0x0000,0x0000,0x0000,0x0000,0x0000,0x0000,0x0000,0x0000,0x0000,0x0000,0x0000,0x0000,0x0000,0x0000,0x0000,0x0000,0x0000,
  0x0000,0x0000,0x00ff,0xffff,0xffff,0xffff,0x8000,0x0000,0x0000,0x0000,0x0000,0x0000,0x0000,0x0000,0x0000,0x0000,0x0000,0x0000,0x0000,0x0000,0x0000,0x0000,0x0000,0x0000,
  0x0000,0x0000,0x00ff,0xffff,0xffff,0xffff,0x8000,0x0000,0x0000,0x0000,0x0000,0x0000,0x0000,0x0000,0x0000,0x0000,0x0000,0x0000,0x0000,0x0000,0x0000,0x0000,0x0000,0x0000,
  0x0000,0x0000,0x01ff,0xffff,0x007f,0xffff,0x8000,0x0000,0x0000,0x0000,0x0000,0x0000,0x0000,0x0000,0x0000,0x0000,0x0000,0x0000,0x0000,0x0000,0x0000,0x0000,0x0000,0x0000,
  0x0000,0x0000,0x01ff,0xfff8,0x000f,0xffff,0xc000,0x0000,0x0000,0x0000,0x0000,0x0000,0x0000,0x0000,0x0000,0x0000,0x0000,0x0000,0x0000,0x0000,0x0000,0x0000,0x0000,0x0000,
  0x0000,0x0000,0x01ff,0xfff0,0x0003,0xffff,0xc000,0x0000,0x0000,0x0000,0x0000,0x0000,0x0000,0x0000,0x0000,0x0000,0x0000,0x0000,0x0000,0x0000,0x0000,0x0000,0x0000,0x0000,
  0x0000,0x0000,0x01ff,0xffc0,0x0001,0xffff,0xe000,0x0000,0x0000,0x0000,0x0000,0x0000,0x0000,0x0000,0x0000,0x0000,0x0000,0x0000,0x0000,0x0000,0x0000,0x0000,0x0000,0x0000,
  0x0000,0x0000,0x01ff,0xffc0,0x0000,0x7fff,0xf000,0x0000,0x0000,0x0000,0x0000,0x0000,0x0000,0x0000,0x0000,0x0000,0x0000,0x0000,0x0000,0x0000,0x0000,0x0000,0x0000,0x0000,
  0x0000,0x0000,0x00ff,0xffc0,0x0000,0x000f,0xfc00,0x0000,0x0000,0x0000,0x0000,0x0000,0x0000,0x0000,0x0000,0x0000,0x0000,0x0000,0x0000,0x0000,0x0000,0x0000,0x0000,0x0000,
  0x0000,0x0000,0x00ff,0xffe0,0x0000,0x0001,0xff80,0x0000,0x0000,0x0000,0x0000,0x0000,0x0000,0x0000,0x0000,0x0000,0x0000,0x0000,0x0000,0x0000,0x0000,0x0000,0x0000,0x0000,
  0x0000,0x0000,0x007f,0xfff0,0x0000,0x0000,0xffff,0xe000,0x0000,0x0000,0x0000,0x0000,0x0000,0x0000,0x0000,0x0000,0x0000,0x0000,0x0000,0x0000,0x0000,0x0000,0x0000,0x0000,
  0x0000,0x0000,0x003f,0xfff8,0x0000,0x0000,0x7fff,0xf800,0x0000,0x0000,0x0000,0x0000,0x0000,0x0000,0x0000,0x0000,0x0000,0x0000,0x0000,0x0000,0x0000,0x0000,0x0000,0x0000,
  0x0000,0x0000,0x001f,0xfffc,0x0000,0x0000,0x3fff,0xfc00,0x0000,0x0000,0x0000,0x0000,0x0000,0x0000,0x0000,0x0000,0x0000,0x0000,0x0000,0x0000,0x0000,0x0000,0x0000,0x0000,
  0x0000,0x0000,0x000f,0xffff,0x0000,0x0000,0x3fff,0xfe00,0x0000,0x0000,0x0000,0x0000,0x0000,0x0000,0x0000,0x0000,0x0000,0x0000,0x0000,0x0000,0x0000,0x0000,0x0000,0x0000,
  0x0000,0x0000,0x0007,0xf81f,0x8000,0x0000,0x1fff,0xff00,0x0000,0x0000,0x0000,0x0000,0x0000,0x0000,0x0000,0x0000,0x0000,0x0000,0x0000,0x0000,0x0000,0x0000,0x0000,0x0000,
  0x0000,0x0000,0x0003,0xf807,0xe000,0x0000,0x1fff,0xff80,0x0000,0x0000,0x0000,0x0000,0x0000,0x0000,0x0000,0x0000,0x0000,0x0000,0x0000,0x0000,0x0000,0x0000,0x0000,0x0000,
  0x0000,0x0000,0x0001,0xf801,0xf800,0x0000,0x0fff,0xffc0,0x0000,0x0000,0x0000,0x0000,0x0000,0x0000,0x0000,0x0000,0x0000,0x0000,0x0000,0x0000,0x0000,0x0000,0x0000,0x0000,
  0x0000,0x0000,0x0000,0xf800,0x7f00,0x0000,0x0fff,0xffe0,0x0000,0x0001,0xf000,0x0000,0x0000,0x0000,0x0000,0x0000,0x0000,0x0000,0x0000,0x0000,0x0000,0x0000,0x0000,0x0000,
  0x0000,0x0000,0x0000,0xf800,0x3fff,0xe000,0x0fff,0xfff8,0x0000,0x0007,0xfe00,0x0000,0x0000,0x0000,0x0000,0x0000,0x0000,0x0000,0x0000,0x0000,0x0000,0x0000,0x0000,0x0000,
  0x0000,0x0000,0x0000,0x7800,0x1fff,0xf800,0x0fff,0xfffc,0x0000,0x001f,0xff00,0x0000,0x0000,0x0000,0x0000,0x0000,0x0000,0x0000,0x0000,0x0000,0x0000,0x0000,0x0000,0x0000,
  0x0000,0x0000,0x0000,0x7800,0x07ff,0xf800,0x0fff,0xffff,0x0000,0x007f,0xff80,0x0000,0x0000,0x0000,0x0000,0x0000,0x0000,0x0000,0x0000,0x0000,0x0000,0x0000,0x0000,0x0000,
  0x0000,0x0000,0x0000,0x3800,0x03ff,0xfc00,0x0fff,0xffff,0xe000,0x01ff,0xffc0,0x0000,0x0000,0x0000,0x0000,0x0000,0x0000,0x0000,0x0000,0x0000,0x0000,0x0000,0x0000,0x0000,
  0x0000,0x0000,0x0000,0x3800,0x03ff,0xfe00,0x0fff,0xffff,0xfe00,0x0fff,0xffe0,0x0000,0x0000,0x0000,0x0000,0x0000,0x0000,0x0000,0x0000,0x0000,0x0000,0x0000,0x0000,0x0000,
  0x0000,0x0000,0x0000,0x3c00,0x01ff,0xfe00,0x07ff,0xffff,0xffff,0xffff,0xfff0,0x0000,0x0000,0x0000,0x0000,0x0000,0x0000,0x0000,0x0000,0x0000,0x0000,0x0000,0x0000,0x0000,
  0x0000,0x0000,0x0000,0x3c00,0x00ff,0xfe00,0x07ff,0xffff,0xffff,0xffff,0xfff0,0x0000,0x0000,0x0000,0x0000,0x0000,0x0000,0x0000,0x0000,0x0000,0x0000,0x0000,0x0000,0x0000,
  0x0000,0x0000,0x0000,0x3c00,0x00ff,0xfe00,0x07ff,0xffff,0xffff,0xffff,0xfff0,0x0000,0x0000,0x0000,0x0000,0x0000,0x0000,0x0000,0x0000,0x0000,0x0000,0x0000,0x0000,0x0000,
  0x0000,0x0000,0x0000,0x1e00,0x007f,0xfe00,0x03ff,0xfffc,0x00ff,0xffff,0xfff0,0x0000,0x0000,0x0000,0x0000,0x0000,0x0000,0x0000,0x0000,0x0000,0x0000,0x0000,0x0000,0x0000,
  0x0000,0x0000,0x0000,0x1e00,0x007f,0xfe00,0x03ff,0xffc0,0x0007,0xffff,0xfff8,0x0000,0x0000,0x0000,0x0000,0x0000,0x0000,0x0000,0x0000,0x0000,0x0000,0x0000,0x0000,0x0000,
  0x0000,0x0000,0x0000,0x1f00,0x007f,0xfe00,0x01ff,0xff00,0x0000,0xffff,0xfff8,0x0000,0x0000,0x0000,0x0000,0x0000,0x0000,0x0000,0x0000,0x0000,0x0000,0x0000,0x0000,0x0000,
  0x0000,0x0000,0x0000,0x3f80,0x003f,0xfe00,0x00ff,0xfc00,0x0000,0x3fff,0xfffc,0x0000,0x0000,0x0000,0x0000,0x0000,0x0000,0x0000,0x0000,0x0000,0x0000,0x0000,0x0000,0x0000,
  0x0000,0x0000,0x0000,0x3f80,0x001f,0xff00,0x003f,0xf800,0x0000,0x0fff,0xfffc,0x0000,0x0000,0x0000,0x0000,0x0000,0x0000,0x0000,0x0000,0x0000,0x0000,0x0000,0x0000,0x0000,
  0x0000,0x0000,0x0000,0x3fc0,0x000f,0xff00,0x000f,0xe000,0x0000,0x07ff,0xfffe,0x0000,0x0000,0x0000,0x0000,0x0000,0x0000,0x0000,0x0000,0x0000,0x0000,0x0000,0x0000,0x0000,
  0x0000,0x0000,0x0000,0x3fe0,0x0000,0x7f80,0x0000,0x0000,0x0000,0x03ff,0xfffe,0x0000,0x0000,0x0000,0x0000,0x0000,0x0000,0x0000,0x0000,0x0000,0x0000,0x0000,0x0000,0x0000,
  0x0000,0x0000,0x0000,0x3ff8,0x0000,0x0f80,0x0000,0x0000,0x0000,0x01ff,0xffff,0x0000,0x0000,0x0000,0x0000,0x0000,0x0000,0x0000,0x0000,0x0000,0x0000,0x0000,0x0000,0x0000,
  0x0000,0x0000,0x0000,0x7ffc,0x0000,0x03c0,0x0000,0x0000,0x0000,0x00ff,0xffff,0x8000,0x0000,0x0000,0x0000,0x0000,0x0000,0x0000,0x0000,0x0000,0x0000,0x0000,0x0000,0x0000,
  0x0000,0x0000,0x0000,0x7fff,0x0000,0x01e0,0x0000,0x0000,0x0000,0x007f,0xffff,0xc000,0x0000,0x0000,0x0000,0x0000,0x0000,0x0000,0x0000,0x0000,0x0000,0x0000,0x0000,0x0000,
  0x0000,0x0000,0x0000,0xffff,0x8000,0x00f8,0x0000,0x0000,0x0000,0x003f,0xffff,0xe000,0x0000,0x0000,0x0000,0x0000,0x0000,0x0000,0x0000,0x0000,0x0000,0x0000,0x0000,0x0000,
  0x0000,0x0000,0x0000,0xffff,0xe000,0x00ff,0x8000,0x0000,0x0000,0x001f,0xffff,0xf800,0x0000,0x0000,0x0000,0x0000,0x0000,0x0000,0x0000,0x0000,0x0000,0x0000,0x0000,0x0000,
  0x0000,0x0000,0x0001,0xffff,0xf000,0x007f,0xff00,0x0000,0x0070,0x0007,0xfc03,0xfe00,0x0000,0x0000,0x0000,0x0000,0x0000,0x0000,0x0000,0x0000,0x0000,0x0000,0x0000,0x0000,
  0x0000,0x0000,0x0001,0xffff,0xf800,0x007f,0xffc0,0x0000,0x01fe,0x0000,0x0000,0x7f80,0x0800,0x0000,0x0000,0x0000,0x0000,0x0000,0x0000,0x0000,0x0000,0x0000,0x0000,0x0000,
  0x0000,0x0000,0x0003,0xffff,0xf800,0x007f,0xfff0,0x0000,0x07ff,0x0000,0x0000,0x1fff,0xff00,0x0000,0x0000,0x0000,0x0000,0x0000,0x0000,0x0000,0x0000,0x0000,0x0000,0x0000,
  0x0000,0x0000,0x0007,0xffff,0xfc00,0x003f,0xfff8,0x0000,0x0fff,0x8000,0x0000,0x07ff,0xffc0,0x0000,0x0000,0x0000,0x0000,0x0000,0x0000,0x0000,0x0000,0x0000,0x0000,0x0000,
  0x0000,0x0000,0x0007,0xffff,0xfc00,0x003f,0xfffc,0x0000,0x1fff,0xc000,0x0000,0x03ff,0xffe0,0x0000,0x0000,0x0000,0x0000,0x0000,0x0000,0x0000,0x0000,0x0000,0x0000,0x0000,
  0x0000,0x0000,0x0007,0xffff,0xfe00,0x003f,0xffff,0x0000,0x3fff,0xc000,0x0000,0x01ff,0xfff0,0x0000,0x0000,0x0000,0x0000,0x0000,0x0000,0x0000,0x0000,0x0000,0x0000,0x0000,
  0x0000,0x0000,0x000f,0xffff,0xfe00,0x003f,0xffff,0xc001,0xffff,0xe000,0x0000,0x00ff,0xfff0,0x0000,0x0000,0x0000,0x0000,0x0000,0x0000,0x0000,0x0000,0x0000,0x0000,0x0000,
  0x0000,0x0000,0x000f,0xffff,0xfe00,0x003f,0xffff,0xfc1f,0xffff,0xe000,0x0000,0x007f,0xfff8,0x0000,0x0000,0x0000,0x0000,0x0000,0x0000,0x0000,0x0000,0x0000,0x0000,0x0000,
  0x0000,0x0000,0x000f,0xffff,0xfe00,0x003f,0xffff,0xffff,0xffff,0xe000,0x0000,0x003f,0xfff8,0x0000,0x0000,0x0000,0x0000,0x0000,0x0000,0x0000,0x0000,0x0000,0x0000,0x0000,
  0x0000,0x0000,0x000f,0xffff,0xfe00,0x007f,0xffff,0xffff,0xffff,0xe000,0x0000,0x007f,0xfff8,0x0000,0x0000,0x0000,0x0000,0x0000,0x0000,0x0000,0x0000,0x0000,0x0000,0x0000,
  0x0000,0x0000,0x000f,0xffff,0xff00,0x007f,0xffff,0xffff,0xffff,0xc000,0x0000,0x00ff,0xfff8,0x0000,0x0000,0x0000,0x0000,0x0000,0x0000,0x0000,0x0000,0x0000,0x0000,0x0000,
  0x0000,0x0000,0x000f,0xffff,0xfe00,0x007f,0xffff,0xf800,0xffff,0xc003,0xe000,0x03ff,0xfff8,0x0000,0x0000,0x0000,0x0000,0x0000,0x0000,0x0000,0x0000,0x0000,0x0000,0x0000,
  0x0000,0x0000,0x000f,0xffff,0xfe00,0x003f,0xffff,0xe000,0x1fff,0xc007,0xf800,0x1fff,0xfff8,0x0000,0x0000,0x0000,0x0000,0x0000,0x0000,0x0000,0x0000,0x0000,0x0000,0x0000,
  0x0000,0x0000,0x000f,0xffff,0xfe00,0x003f,0xffff,0x8000,0x07ff,0x800f,0xffc7,0xffff,0xfff8,0x0000,0x0000,0x0000,0x0000,0x0000,0x0000,0x0000,0x0000,0x0000,0x0000,0x0000,
  0x0000,0x0000,0x000f,0xffff,0xfe00,0x003f,0xffff,0x0000,0x03ff,0x001f,0xffff,0xffff,0xfff0,0x0000,0x0000,0x0000,0x0000,0x0000,0x0000,0x0000,0x0000,0x0000,0x0000,0x0000,
  0x0000,0x0000,0x0007,0xffff,0xfc00,0x001f,0xfffc,0x0000,0x01fc,0x001f,0xffff,0xc03f,0xfff0,0x0000,0x0000,0x0000,0x0000,0x0000,0x0000,0x0000,0x0000,0x0000,0x0000,0x0000,
  0x0000,0x0000,0x0007,0xffff,0xfc00,0x001f,0xfff8,0x0000,0x0000,0x003f,0xfff8,0x001f,0xffe0,0x0000,0x0000,0x0000,0x0000,0x0000,0x0000,0x0000,0x0000,0x0000,0x0000,0x0000,
  0x0000,0x0000,0x0003,0xffff,0xf800,0x000f,0xfff0,0x0000,0x0000,0x003f,0xffe0,0x001f,0xffc0,0x0000,0x0000,0x0000,0x0000,0x0000,0x0000,0x0000,0x0000,0x0000,0x0000,0x0000,
  0x0000,0x0000,0x0001,0xffff,0xf800,0x0007,0xffe0,0x0000,0x0000,0x001f,0xff80,0x001f,0xff00,0x0000,0x0000,0x0000,0x0000,0x0000,0x0000,0x0000,0x0000,0x0000,0x0000,0x0000,
  0x0000,0x0000,0x0000,0xffff,0xf000,0x0003,0xffc0,0x0000,0x0000,0x001f,0xff00,0x003f,0xf800,0x0000,0x0000,0x0000,0x0000,0x0000,0x0000,0x0000,0x0000,0x0000,0x0000,0x0000,
  0x0000,0x0000,0x0000,0x7fff,0xe000,0x0000,0xff00,0x0000,0x0000,0x001f,0xfe00,0x003f,0xc000,0x0000,0x0000,0x0000,0x0000,0x0000,0x0000,0x0000,0x0000,0x0000,0x0000,0x0000,
  0x0000,0x0000,0x0000,0x3fff,0x8000,0x0000,0x0000,0x0000,0x0000,0x000f,0xfc00,0x003f,0x0000,0x0000,0x0000,0x0000,0x0000,0x0000,0x0000,0x0000,0x0000,0x0000,0x0000,0x1f00,
  0x0000,0x0000,0x0000,0x0fff,0x0000,0x0000,0x0000,0x0000,0x0000,0x0007,0xf800,0x007c,0x0000,0x0000,0x0000,0x0000,0x0000,0x0000,0x0000,0x0000,0x0000,0x0000,0x0000,0xffe0,
  0x0000,0x0000,0x0000,0x01f8,0x0000,0x0000,0x0000,0x0000,0x0000,0x0001,0xe000,0x00f8,0x0000,0x0000,0x0000,0x0000,0x0000,0x0000,0x0000,0x0000,0x0000,0x0000,0x0003,0xfff8,
  0x0000,0x0000,0x0000,0x0000,0x0000,0x3800,0x0000,0x0000,0x0fe0,0x0000,0x0000,0x01f0,0x0000,0x0000,0x0000,0x0000,0x0000,0x0000,0x0000,0x0000,0x0000,0x0000,0x000f,0xfffc,
  0x0000,0x0000,0x0000,0x0000,0x0003,0xff00,0x0000,0x0000,0x7ff8,0x0000,0x0000,0x03e0,0x0000,0x0000,0x0000,0x0000,0x0000,0x0000,0x0000,0x0000,0x0000,0x0000,0x001f,0xffff,
  0x0000,0x0000,0x0000,0x0000,0x0007,0xffc0,0x0000,0x0000,0xfffe,0x0000,0x0000,0x07e0,0x0000,0x0000,0x0000,0x0000,0x0000,0x0000,0x0000,0x0000,0x0000,0x0000,0x001f,0xffff,
  0x8000,0x0000,0x0000,0x0000,0x001f,0xffe0,0x0000,0x0001,0xffff,0x0000,0x0000,0x1fc0,0x0000,0x0000,0x0000,0x0000,0x0000,0x0000,0x0000,0x0000,0x0000,0x0000,0x003f,0xffff,
  0xc000,0x0000,0x0000,0x0000,0x003f,0xfff8,0x0000,0x0003,0xffff,0x8000,0x0000,0x7f80,0x0000,0x0000,0x0000,0x0000,0x0000,0x0000,0x0000,0x0000,0x0000,0x0000,0x007f,0xffff,
  0xf000,0x0000,0x01c0,0x0000,0x007f,0xfffc,0x0000,0x000f,0xffff,0xc000,0x0003,0xff80,0x0000,0x0000,0x0000,0x0000,0x0000,0x0000,0x0000,0x0000,0x0000,0x0000,0x007f,0xffff,
  0xf800,0x0000,0x07f0,0x0000,0x00ff,0xfffe,0x0000,0x001f,0xffff,0xc000,0x01ff,0xff80,0x0000,0x0000,0x0000,0x0000,0x0000,0x0000,0x0000,0x0000,0x0000,0x0000,0x00ff,0xffff,
  0xfe00,0x0000,0x1ffc,0x0000,0x01ff,0xffff,0x8000,0x007f,0xffff,0xe000,0x07ff,0xff00,0x0000,0x0000,0x0000,0x0000,0x0000,0x0000,0x0000,0x0000,0x0000,0x0000,0x00ff,0xffff,
  0xffc0,0x0000,0x3ffe,0x0000,0x07ff,0xffff,0xe000,0x01ff,0xffff,0xe000,0x1fff,0xff00,0x0000,0x0000,0x0000,0x0000,0x0000,0x0000,0x0000,0x0000,0x0000,0x0000,0x00ff,0xffff,
  0xfff8,0x0001,0xffff,0x8000,0x1fff,0xffff,0xfc00,0x0fff,0xffff,0xf000,0x3fff,0xff00,0x0000,0x0000,0x0000,0x0000,0x0000,0x0000,0x0000,0x0000,0x0000,0x0000,0x00ff,0xffff,
  0xffff,0xffff,0xffff,0xf801,0xffff,0xffff,0xffff,0xffff,0xffff,0xf000,0x7fff,0xff00,0x0000,0x0000,0x0000,0x0000,0x0000,0x0000,0x0000,0x0000,0x0000,0x0000,0x00ff,0xffff,
  0xffff,0xffff,0xffff,0xffff,0xffff,0xffff,0xffff,0xffff,0xffff,0xf000,0xffff,0xff00,0x0000,0x0000,0x0000,0x0000,0x0000,0x0000,0x0000,0x0000,0x0000,0x0000,0x00ff,0xffff,
  0xffff,0xffff,0xffff,0xffff,0xffff,0xffff,0xffff,0xffff,0xffff,0xf000,0xffff,0xff00,0x0000,0x0000,0x0000,0x0000,0x0000,0x0000,0x0000,0x0000,0x0000,0x0000,0x00ff,0xffff,
  0xffff,0xffff,0xffff,0xffff,0xffff,0xffff,0xffff,0xffff,0xffff,0xf001,0xffff,0xff00,0x0000,0x0000,0x0000,0x0000,0x0000,0x003f,0x8000,0x0000,0x0000,0x0000,0x00ff,0xffff,
  0xffe0,0x000f,0xffff,0xfc03,0xffff,0xffff,0xffff,0xffff,0xffff,0xf001,0xffff,0xff00,0x0000,0x0000,0x0000,0x0000,0x0000,0x007f,0xe000,0x0000,0x0000,0x0000,0x00ff,0xffff,
  0xff00,0x0000,0xffff,0xc000,0x3fff,0xffff,0xfe00,0x1fff,0xffff,0xf003,0xffff,0xff00,0x0000,0x0000,0x0000,0x0000,0x0000,0x01ff,0xf000,0x0000,0x0000,0x0000,0x00ff,0xffff,
  0xf800,0x0000,0x3ffe,0x0000,0x07ff,0xffff,0xf000,0x01ff,0xffff,0xe003,0xffff,0xff80,0x0000,0x0000,0x0000,0x0000,0x0000,0x01ff,0xf000,0x0000,0x0000,0x0000,0x007f,0xffff,
  0xe000,0x0000,0x1ffc,0x0000,0x01ff,0xffff,0x8000,0x007f,0xffff,0xe003,0xffff,0xff80,0x0000,0x0000,0x0000,0x0000,0x0000,0x03ff,0xf800,0x0000,0x0000,0x0000,0x007f,0xffff,
  0xc000,0x0000,0x07f0,0x0000,0x00ff,0xfffe,0x0000,0x001f,0xffff,0xe003,0xffff,0xff80,0x0000,0x0000,0x0000,0x0000,0x0000,0x03ff,0xf800,0x0000,0x0000,0x0000,0x003f,0xffff,
  0x8000,0x0000,0x01c0,0x0000,0x007f,0xfffc,0x0000,0x000f,0xffff,0xe003,0xffff,0xff80,0x0000,0x0000,0x0000,0x0000,0x0000,0x07ff,0xfc00,0x0000,0x0000,0x0000,0x003f,0xffff,
  0x0000,0x0000,0x0000,0x0000,0x003f,0xfff8,0x0000,0x0007,0xffff,0xe003,0xffff,0xff80,0x0000,0x0000,0x0000,0x0000,0x0000,0x07ff,0xfc00,0x0000,0x0000,0x0000,0x001f,0xffff,
  0x0000,0x0000,0x0000,0x0000,0x001f,0xfff0,0x0000,0x0001,0xffff,0xf003,0xffff,0xff80,0x0000,0x0000,0x0000,0x0000,0x0000,0x07ff,0xfc00,0x0000,0x0000,0x0000,0x000f,0xfffe,
  0x0000,0x0000,0x0000,0x0000,0x000f,0xffc0,0x0000,0x0000,0xffff,0xf003,0xffff,0xff80,0x0000,0x0000,0x0000,0x0000,0x0000,0x07ff,0xfc00,0x0000,0x0000,0x0000,0x0003,0xfff8,
  0x0000,0x0000,0x0000,0x0000,0x0003,0xff80,0x0000,0x0000,0x7fff,0xf001,0xffff,0xff00,0x0000,0x0000,0x0000,0x0000,0x0000,0x07ff,0xfe00,0x0000,0x0000,0x0000,0x0001,0xfff0,
  0x0000,0x0000,0x0000,0x0000,0x0000,0x7800,0x0000,0x0000,0x0fff,0xf001,0xffff,0xff00,0x0000,0x0000,0x0000,0x0000,0x0000,0x0fff,0xfe00,0x0000,0x0000,0x0000,0x0000,0x3f80,
  0x0000,0x0000,0x0000,0x0000,0x0000,0x0000,0x0000,0x0000,0x01ff,0xf001,0xffff,0xfe00,0x0000,0x0000,0x0000,0x0000,0x0000,0x0fff,0xff00,0x0000,0x0000,0x0000,0x0000,0x0000,
  0x0000,0x0000,0x0000,0x0000,0x0000,0x0000,0x0000,0x0000,0x007f,0xf800,0xffff,0xfe00,0x0000,0x0000,0x0000,0x0000,0x0000,0x1fff,0xff80,0x0000,0x0000,0x0000,0x0000,0x0000,
  0x0000,0x0000,0x0000,0x0000,0x0000,0x0000,0x0000,0x0000,0x001f,0xf800,0x7fff,0xfc00,0x0000,0x0000,0x0000,0x0000,0x0000,0x1fff,0xffc0,0x0000,0x0000,0x0000,0x0000,0x0000,
  0x0000,0x0000,0x0000,0x0000,0x0000,0x0000,0x0000,0x0000,0x0007,0xf800,0x7fff,0xf800,0x0000,0x0000,0x0000,0x0000,0x0000,0x3fff,0xffe0,0x0000,0x0000,0x0000,0x0000,0x0000,
  0x0000,0x0000,0x0000,0x0000,0x0000,0x0000,0x0000,0x0000,0x0003,0xfc00,0x3fff,0xf000,0x0000,0x0000,0x0000,0x0000,0x0000,0x7e00,0x0ff0,0x0000,0x0000,0x0000,0x0000,0x0000,
  0x0000,0x0000,0x0000,0x0000,0x0000,0x0000,0x0000,0x0000,0x0001,0xfc00,0x0fff,0xe000,0x0000,0x0000,0x0000,0x0000,0x0000,0xf800,0x01f8,0x0000,0x0000,0x0000,0x0000,0x0000,
  0x0000,0x0000,0x0000,0x0000,0x0000,0x0000,0x0000,0x0000,0x0000,0xfe00,0x07ff,0xc000,0x00e0,0x0000,0x0000,0x0000,0x0001,0xe000,0x007e,0x0000,0x0000,0x0000,0x0000,0x0000,
  0x0000,0x0000,0x0000,0x0000,0x0000,0x0000,0x0000,0x0000,0x0000,0x7e00,0x00fe,0x0000,0x0ffc,0x0000,0x0000,0x0000,0x0003,0x8000,0x003f,0x8000,0x0000,0x0000,0x0000,0x0000,
  0x0000,0x0000,0x0000,0x0000,0x0000,0x0000,0x0000,0x0000,0x0000,0x3f00,0x0000,0x0000,0x3ffe,0x0000,0x0000,0x0000,0x000f,0x0000,0x001f,0xfff8,0x0000,0x0000,0x0000,0x0000,
  0x0000,0x0000,0x0000,0x0000,0x0000,0x0000,0x0000,0x0000,0x0000,0x1f80,0x0000,0x0000,0xffff,0x0000,0x0000,0x0000,0x003e,0x0000,0x000f,0xfffe,0x0000,0x0000,0x0000,0x0000,
  0x0000,0x0000,0x0000,0x0000,0x0000,0x0000,0x0000,0x0000,0x0000,0x0f80,0x0000,0x0003,0xffff,0x8000,0x0000,0x0000,0x07fc,0x0000,0x0007,0xffff,0x8000,0x0000,0x0000,0x0000,
  0x0000,0x0000,0x0000,0x0000,0x0000,0x0000,0x0000,0x0000,0x0000,0x0fc0,0x0000,0x0007,0xffff,0x8000,0x0000,0x0000,0x1ff8,0x00ff,0x0003,0xffff,0xc000,0x0000,0x0000,0x0000,
  0x0000,0x0000,0x0000,0x0000,0x0000,0x0000,0x0000,0x0000,0x0000,0x07e0,0x0000,0x000f,0xe07f,0xc000,0x0000,0x0000,0x0000,0x03ff,0xc000,0x0000,0x0000,0x0000,0x0000,0x0000,
  0x0000,0x0000,0x0000,0x0000,0x0000,0x0000,0x0000,0x0000,0x0000,0x03e0,0x0000,0x001f,0x803f,0xe000,0x0000,0x0000,0x0000,0x0fff,0xe000,0x0000,0x0000,0x0000,0x0000,0x0000,
  0x0000,0x0000,0x0000,0x0000,0x0000,0x0000,0x0000,0x0000,0x0000,0x03f0,0x0000,0x003f,0x003f,0xe000,0x0000,0x0000,0x0000,0x1fff,0xf000,0x0000,0x0000,0x0000,0x0000,0x0000,
  0x0000,0x0000,0x0000,0x0000,0x0000,0x0000,0x0000,0x0000,0x0000,0x01f8,0x0000,0x007e,0x001f,0xe000,0x0000,0x0000,0x0000,0x3fff,0xf800,0x0000,0x0000,0x0000,0x0000,0x0000,
  0x0000,0x0000,0x0000,0x0000,0x0000,0x0000,0x0000,0x0000,0x0000,0x01fc,0x0000,0x00f8,0x000f,0xf000,0x0000,0x0000,0x0000,0x3fff,0xfc00,0x0000,0x0000,0x0000,0x0000,0x0000,
  0x0000,0x0000,0x0000,0x0000,0x0000,0x0000,0x0000,0x0000,0x0000,0x00fe,0x0000,0x01f0,0x000f,0xf000,0x0000,0x0000,0x0000,0x7fff,0xfe00,0x0000,0x0000,0x0000,0x0000,0x0000,
  0x0000,0x0000,0x0000,0x0000,0x0000,0x0000,0x0000,0x0000,0x0000,0x00ff,0x0000,0x07e0,0x0007,0xf000,0x0000,0x0000,0x0000,0x7fff,0xfe00,0x0000,0x0000,0x0000,0x0000,0x0000,
  0x0000,0x0000,0x0000,0x0000,0x0000,0x0000,0x0000,0x0000,0x0000,0x007f,0xc000,0x0fc0,0x0003,0xf800,0x0000,0x0000,0x0000,0xffff,0xfe00,0x0000,0x0000,0x0000,0x0000,0x0000,
  0x0000,0x0000,0x0000,0x0000,0x0000,0x0000,0x0000,0x0000,0x0000,0x007f,0xe000,0x3f80,0x0003,0xf800,0x0000,0x0000,0x0000,0xffff,0xff00,0x0000,0x0000,0x0000,0x0000,0x0000,
  0x0000,0x0000,0x0000,0x0000,0x0000,0x0000,0x0000,0x0000,0x0000,0x007f,0xf801,0xff00,0x0001,0xf800,0x0000,0x0000,0x0000,0xffff,0xff00,0x0000,0x0000,0x0000,0x0000,0x0000,
  0x0000,0x0000,0x0000,0x0000,0x0000,0x0000,0x0000,0x0000,0x0000,0x003f,0xff1f,0xff00,0x0001,0xfc00,0x0000,0x0000,0x0000,0xffff,0xff00,0x0000,0x0000,0x0000,0x0000,0x0000,
  0x0000,0x0000,0x0000,0x0000,0x0000,0x0000,0x0000,0x0000,0x0000,0x003f,0xffff,0xfe00,0x0000,0xfc00,0x0000,0x0000,0x0001,0xffff,0xff00,0x0000,0x0000,0x0000,0x0000,0x0000,
  0x0000,0x0000,0x0000,0x0000,0x0000,0x0000,0x0000,0x0000,0x0000,0x003f,0xffff,0xfc00,0x0000,0x7c00,0x0000,0x0000,0x0001,0xffff,0xff00,0x0000,0x0000,0x0000,0x0000,0x0000,
  0x0000,0x0000,0x0000,0x0000,0x0000,0x0000,0x0000,0x0000,0x0000,0x003f,0xffff,0xfc00,0x0000,0x7e00,0x0000,0x0000,0x0003,0xffff,0xfe00,0x0000,0x0000,0x0000,0x0000,0x0000,
  0x0000,0x0000,0x0000,0x0000,0x0000,0x0000,0x0000,0x0000,0x0000,0x003f,0xffff,0xf800,0x0000,0x3e00,0x0000,0x0000,0x0007,0xffff,0xfe00,0x0000,0x0000,0x0000,0x0000,0x0000,
  0x0000,0x0000,0x0000,0x0000,0x0000,0x0000,0x0000,0x0000,0x0000,0x001f,0xffff,0xf800,0x0000,0x3f00,0x0000,0x0000,0x0007,0xffff,0xfe00,0x0000,0x0000,0x0000,0x0000,0x0000,
  0x0000,0x0000,0x0000,0x0000,0x0000,0x0000,0x0000,0x0000,0x0000,0x001f,0xffff,0xf000,0x0000,0x1f00,0x0000,0x0000,0x000f,0xffff,0xfe00,0x0000,0x0000,0x0000,0x0000,0x0000,
  0x0000,0x0000,0x0000,0x0000,0x0000,0x0000,0x0000,0x0000,0x0000,0x001f,0xffff,0xf000,0x0000,0x1f80,0x0000,0x0000,0x001f,0xffff,0xfe00,0x0000,0x0000,0x0000,0x0000,0x0000,
  0x0000,0x0000,0x0000,0x0000,0x0000,0x0000,0x0000,0x0000,0x0000,0x001f,0xffff,0xf000,0x0000,0x1f80,0x0000,0x0000,0x003f,0xffff,0xfe00,0x0000,0x0000,0x0000,0x0000,0x0000,
  0x0000,0x0000,0x0000,0x0000,0x0000,0x0000,0x0000,0x0000,0x0000,0x003f,0xffff,0xf000,0x0000,0x0fc0,0x0000,0x0000,0x007f,0xffff,0xfe00,0x0000,0x0000,0x0000,0x0000,0x0000,
  0x0000,0x0000,0x0000,0x0000,0x0000,0x0000,0x0000,0x0000,0x0000,0x003f,0xffff,0xe000,0x0000,0x0fc0,0x0000,0x0000,0x00ff,0xffff,0xfe00,0x0000,0x0000,0x0000,0x0000,0x0000,
  0x0000,0x0000,0x0000,0x0000,0x0000,0x0000,0x0000,0x0000,0x0000,0x003f,0xffff,0xe000,0x0000,0x07e0,0x0000,0x0000,0x01ff,0xffff,0xfe00,0x0000,0x0000,0x0000,0x0000,0x0000,
  0x0000,0x0000,0x0000,0x0000,0x0000,0x0000,0x0000,0x0000,0x0000,0x003f,0xffff,0xe000,0x0000,0x07e0,0x0000,0x0000,0x03ff,0xf83f,0xfe00,0x0000,0x0000,0x0000,0x0000,0x0000,
  0x0000,0x0000,0x0000,0x0000,0x0000,0x0000,0x0000,0x0000,0x0000,0x003f,0xffff,0xe000,0x0000,0x07f0,0x0000,0x0000,0x07ff,0x801f,0xfe00,0x0000,0x0000,0x0000,0x0000,0x0000,
  0x0000,0x0000,0x0000,0x0000,0x0000,0x0000,0x0000,0x0000,0x0000,0x003f,0xffff,0xe000,0x0000,0x03f0,0x0000,0x0000,0x0ffc,0x0007,0xfe00,0x0000,0x0000,0x0000,0x0000,0x0000,
  0x0000,0x0000,0x0000,0x0000,0x0000,0x0000,0x0000,0x0000,0x0000,0x003f,0xffff,0xe000,0x0000,0x03f8,0x0000,0x0000,0x1ff0,0x0003,0xff00,0x0000,0x0000,0x0000,0x0000,0x0000,
  0x0000,0x0000,0x0000,0x0000,0x0000,0x0000,0x0000,0x0000,0x0000,0x003f,0xffff,0xe000,0x0000,0x01fc,0x0000,0x0000,0x7fc0,0x0001,0xff00,0x0000,0x0000,0x0000,0x0000,0x0000,
  0x0000,0x0000,0x0000,0x0000,0x0000,0x0000,0x0000,0x0000,0x0000,0x001f,0xffff,0xc000,0x0000,0x01fc,0x0000,0x0000,0xff00,0x0000,0xff00,0x0000,0x0000,0x0000,0x0000,0x0000,
  0x0000,0x0000,0x0000,0x0000,0x0000,0x0000,0x0000,0x0000,0x0000,0x001f,0xffff,0xc000,0x0000,0x01fe,0x0000,0x0003,0xfc00,0x0000,0x7f80,0x0000,0x0000,0x0000,0x0000,0x0000,
  0x0000,0x0000,0x0000,0x0000,0x0000,0x0000,0x0000,0x0000,0x0000,0x000f,0xffff,0x8000,0x0000,0x00ff,0x0000,0x0007,0xf800,0x0000,0x3f80,0x0000,0x0000,0x0000,0x0000,0x0000,
  0x0000,0x0000,0x0000,0x0000,0x0000,0x0000,0x0000,0x0000,0x0000,0x000f,0xffff,0x8000,0x0000,0x00ff,0x0000,0x000f,0xe000,0x0000,0x1f80,0x0000,0x0000,0x0000,0x0000,0x0000,
  0x0000,0x0000,0x0000,0x0000,0x0000,0x0000,0x0000,0x0000,0x0000,0x0007,0xffff,0x0000,0x0000,0x00ff,0x8000,0x003f,0x8000,0x0000,0x0fc0,0x0000,0x0000,0x0000,0x0000,0x0000,
  0x0000,0x0000,0x0000,0x0000,0x0000,0x0000,0x0000,0x0000,0x0000,0x0003,0xfffe,0x0000,0x0000,0x007f,0xc000,0x00ff,0x0000,0x0000,0x0fc0,0x0000,0x0000,0x0000,0x0000,0x0000,
  0x0000,0x0000,0x0000,0x0000,0x0000,0x0000,0x0000,0x0000,0x0000,0x0001,0xfffc,0x0000,0x0000,0x007f,0xe000,0x03fe,0x0000,0x0000,0x07e0,0x0000,0x0000,0x0000,0x0000,0x0000,
  0x0000,0x0000,0x0000,0x0000,0x0000,0x0000,0x0000,0x0000,0x0000,0x0000,0x7ff0,0x0000,0x0000,0x007f,0xe000,0x07f8,0x0000,0x0000,0x03e0,0x0000,0x0000,0x0000,0x0000,0x0000,
  0x0000,0x0000,0x0000,0x0000,0x0000,0x0000,0x0000,0x0000,0x0000,0x0000,0x0f80,0x0000,0x0000,0x007f,0xf000,0x1ff0,0x0000,0x0000,0x03e0,0x0000,0x0000,0x0000,0x0000,0x0000,
  0x0000,0x0000,0x0000,0x0000,0x0000,0x0000,0x0000,0x0000,0x0000,0x0000,0x0000,0x0000,0x0000,0x007f,0xf800,0xffe0,0x0000,0x0000,0x01f0,0x0000,0x0000,0x0000,0x0000,0x0000,
  0x0000,0x0000,0x0000,0x0000,0x0000,0x0000,0x0000,0x0000,0x0000,0x0000,0x0000,0x0000,0x0000,0x003f,0xfc03,0xff80,0x0000,0x0000,0x00f0,0x0000,0x0000,0x0000,0x0000,0x0000,
  0x0000,0x0000,0x0000,0x0000,0x0000,0x0000,0x0000,0x0000,0x0000,0x0000,0x0000,0x0000,0x0000,0x003f,0xff7f,0xff00,0x0000,0x0000,0x00f8,0x0000,0x0000,0x0000,0x0000,0x0000,
  0x0000,0x0000,0x0000,0x0000,0x0000,0x0000,0x0000,0x0000,0x0000,0x0000,0x0000,0x0000,0x0000,0x003f,0xffff,0xfe00,0x0000,0x0000,0x007c,0x0000,0x0000,0x0000,0x0000,0x0000,
  0x0000,0x0000,0x0000,0x0000,0x0000,0x0000,0x0000,0x0000,0x0000,0x0000,0x0000,0x0000,0x0000,0x003f,0xffff,0xfc00,0x0000,0x0000,0x007c,0x0000,0x0000,0x0000,0x0000,0x0000,
  0x0000,0x0000,0x0000,0x0000,0x0000,0x0000,0x0000,0x0000,0x0000,0x0000,0x0000,0x0000,0x0000,0x003f,0xffff,0xf800,0x0000,0x0000,0x003e,0x0000,0x0000,0x0000,0x0000,0x0000,
  0x0000,0x0000,0x0000,0x0000,0x0000,0x0000,0x0000,0x0000,0x0000,0x0000,0x0000,0x0000,0x0000,0x003f,0xffff,0xf000,0x0000,0x0000,0x003f,0x0000,0x0000,0x0000,0x0000,0x0000,
  0x0000,0x0000,0x0000,0x0000,0x0000,0x0000,0x0000,0x0000,0x0000,0x0000,0x0000,0x0000,0x0000,0x003f,0xffff,0xe000,0x0000,0x0000,0x003f,0x0000,0x0000,0x0000,0x0000,0x0000,
  0x0000,0x0000,0x0000,0x0000,0x0000,0x0000,0x0000,0x0000,0x0000,0x0000,0x0000,0x0000,0x0000,0x003f,0xffff,0xc000,0x0000,0x0000,0x001f,0x8000,0x0000,0x0000,0x0000,0x0000,
  0x0000,0x0000,0x0000,0x0000,0x0000,0x0000,0x0000,0x0000,0x0000,0x0000,0x0000,0x0000,0x0000,0x003f,0xffff,0xc000,0x0000,0x0000,0x001f,0xc000,0x0000,0x0000,0x0000,0x0000,
  0x0000,0x0000,0x0000,0x0000,0x0000,0x0000,0x0000,0x0000,0x0000,0x0000,0x0000,0x0000,0x0000,0x003f,0xffff,0x8000,0x0000,0x0000,0x000f,0xe000,0x0000,0x0000,0x0000,0x0000,
  0x0000,0x0000,0x0000,0x0000,0x0000,0x0000,0x0000,0x0000,0x0000,0x0000,0x0000,0x0000,0x0000,0x003f,0xffff,0x0000,0x0000,0x0000,0x000f,0xf000,0x0000,0x0000,0x0000,0x0000,
  0x0000,0x0000,0x0000,0x0000,0x0000,0x0000,0x0000,0x0000,0x0000,0x0000,0x0000,0x0000,0x0000,0x003f,0xffff,0x0000,0x0000,0x0000,0x000f,0xf800,0x0000,0x0000,0x0000,0x0000,
  0x0000,0x0000,0x0000,0x0000,0x0000,0x0000,0x0000,0x0000,0x0000,0x0000,0x0000,0x0000,0x0000,0x003f,0xfffe,0x0000,0x0000,0x0000,0x000f,0xfc00,0x0000,0x0000,0x0000,0x0000,
  0x0000,0x0000,0x0000,0x0000,0x0000,0x0000,0x0000,0x0000,0x0000,0x0000,0x0000,0x0000,0x0000,0x003f,0xfffe,0x0000,0x0000,0x0000,0x0007,0xfe00,0x0000,0x0000,0x0000,0x0000,
  0x0000,0x0000,0x0000,0x0000,0x0000,0x0000,0x0000,0x0000,0x0000,0x0000,0x0000,0x0000,0x0000,0x003f,0xfffe,0x0000,0x001f,0xf800,0x0007,0xff80,0x0000,0x0000,0x0000,0x0000,
  0x0000,0x0000,0x0000,0x0000,0x0000,0x0000,0x0000,0x0000,0x0000,0x0000,0x0000,0x0000,0x0000,0x003f,0xfffc,0x0000,0x00ff,0xff00,0x0007,0xffe0,0x0000,0x0000,0x0000,0x0000,
  0x0000,0x0000,0x0000,0x0000,0x0000,0x0000,0x0000,0x0000,0x0000,0x0000,0x0000,0x0000,0x0000,0x003f,0xfffc,0x0000,0x01ff,0xffc0,0x0007,0xfff8,0x0000,0x0000,0x0000,0x0000,
  0x0000,0x0000,0x0000,0x0000,0x0000,0x0000,0x0000,0x0000,0x0000,0x0000,0x0000,0x0000,0x0000,0x001f,0xfffc,0x0000,0x07ff,0xffe0,0x0007,0xfffe,0x0000,0x0000,0x0000,0x0000,
  0x0000,0x0000,0x0000,0x0000,0x0000,0x0000,0x0000,0x0000,0x0000,0x0000,0x0000,0x0000,0x0000,0x000f,0xfff8,0x0000,0x0fff,0xfff0,0x0007,0xffff,0x0000,0x0000,0x0000,0x0000,
  0x0000,0x0000,0x0000,0x0000,0x0000,0x0000,0x0000,0x0000,0x0000,0x0000,0x0000,0x0000,0x0000,0x000f,0xfff0,0x0000,0x1fff,0xfff8,0x0007,0xffff,0x8000,0x0000,0x0000,0x0000,
  0x0000,0x0000,0x0000,0x0000,0x0000,0x0000,0x0000,0x0000,0x0000,0x0000,0x0000,0x0000,0x0000,0x0003,0xffe0,0x0000,0x3fff,0xfffc,0x0007,0xffff,0xc000,0x0000,0x0000,0x0000,
  0x0000,0x0000,0x0000,0x0000,0x0000,0x0000,0x0000,0x0000,0x0000,0x0000,0x0000,0x0000,0x0000,0x0001,0xffc0,0x0000,0x3fff,0xfffe,0x0007,0xffff,0xe000,0x0000,0x0000,0x0000,
  0x0000,0x0000,0x0000,0x0000,0x0000,0x0000,0x0000,0x0000,0x0000,0x0000,0x0000,0x0000,0x0000,0x0000,0x7e00,0x0000,0x7fff,0xfffe,0x0007,0xffff,0xe000,0x0000,0x0000,0x0000,
  0x0000,0x0000,0x0000,0x0000,0x0000,0x0000,0x0000,0x0000,0x0000,0x0000,0x0000,0x0000,0x0000,0x0000,0x0000,0x0000,0xffff,0xffff,0x0007,0xffff,0xe000,0x0000,0x0000,0x0000,
  0x0000,0x0000,0x0000,0x0000,0x0000,0x0000,0x0000,0x0000,0x0000,0x0000,0x0000,0x0000,0x0000,0x0000,0x0000,0x0000,0xffff,0xffff,0x0007,0xffff,0xf000,0x0000,0x0000,0x0000,
  0x0000,0x0000,0x0000,0x0000,0x0000,0x0000,0x0000,0x0000,0x0000,0x0000,0x0000,0x0000,0x0000,0x0000,0x0000,0x0001,0xffff,0xffff,0x800f,0xffff,0xf000,0x0000,0x0000,0x0000,
  0x0000,0x0000,0x0000,0x0000,0x0000,0x0000,0x0000,0x0000,0x0000,0x0000,0x0000,0x0000,0x0000,0x0000,0x0000,0x0001,0xffff,0xffff,0x800f,0xffff,0xf000,0x0000,0x0000,0x0000,
  0x0000,0x0000,0x0000,0x0000,0x0000,0x0000,0x0000,0x0000,0x0000,0x0000,0x0000,0x0000,0x0000,0x0000,0x0000,0x0001,0xffff,0xffff,0x800f,0xffff,0xf000,0x0000,0x0000,0x0000,
  0x0000,0x0000,0x0000,0x0000,0x0000,0x0000,0x0000,0x0000,0x0000,0x0000,0x0000,0x0000,0x0000,0x0000,0x0000,0x0003,0xffff,0xffff,0x800f,0xffff,0xf000,0x0000,0x0000,0x0000,
  0x0000,0x0000,0x0000,0x0000,0x0000,0x0000,0x0000,0x0000,0x0000,0x0000,0x0000,0x0000,0x0000,0x0000,0x0000,0x0003,0xffff,0xffff,0x800f,0xffff,0xf000,0x0000,0x0000,0x0000,
  0x0000,0x0000,0x0000,0x0000,0x0000,0x0000,0x0000,0x0000,0x0000,0x0000,0x0000,0x0000,0x0000,0x0000,0x0000,0x0007,0xffff,0xffff,0xc007,0xffff,0xf000,0x0000,0x0000,0x0000,
  0x0000,0x0000,0x0000,0x0000,0x0000,0x0000,0x0000,0x0000,0x0000,0x0000,0x0000,0x0000,0x0000,0x0000,0x0000,0x000f,0xffff,0xffff,0xc007,0xffff,0xe000,0x0000,0x0000,0x0000,
  0x0000,0x0000,0x0000,0x0000,0x0000,0x0000,0x0000,0x0000,0x0000,0x0000,0x0000,0x0000,0x0000,0x0000,0x0000,0x000f,0xffff,0xffff,0xc007,0xffff,0xe000,0x0000,0x0000,0x0000,
  0x0000,0x0000,0x0000,0x0000,0x0000,0x0000,0x0000,0x0000,0x0000,0x0000,0x0000,0x0000,0x0000,0x0000,0x0000,0x001f,0xffff,0xffff,0x8003,0xffff,0xc000,0x0000,0x0000,0x0000,
  0x0000,0x0000,0x0000,0x0000,0x0000,0x0000,0x0000,0x0000,0x0000,0x0000,0x0000,0x0000,0x0000,0x0000,0x0000,0x003f,0xffff,0xffff,0x8001,0xffff,0xc000,0x0000,0x0000,0x0000,
  0x0000,0x0000,0x0000,0x0000,0x0000,0x0000,0x0000,0x0000,0x0000,0x0000,0x0000,0x0000,0x0000,0x0000,0x0000,0x007f,0xffff,0xffff,0x8000,0xffff,0x8000,0x0000,0x0000,0x0000,
  0x0000,0x0000,0x0000,0x0000,0x0000,0x0000,0x0000,0x0000,0x0000,0x0000,0x0000,0x0000,0x0000,0x0000,0x0000,0x00ff,0xffff,0xffff,0x8000,0x7fff,0x0000,0x0000,0x0000,0x0000,
  0x0000,0x0000,0x0000,0x0000,0x0000,0x0000,0x0000,0x0000,0x0000,0x0000,0x0000,0x0000,0x0000,0x0000,0x0000,0x01ff,0xffff,0xffff,0x0000,0x3ffe,0x0000,0x0000,0x0000,0x0000,
  0x0000,0x0000,0x0000,0x0000,0x0000,0x0000,0x0000,0x0000,0x0000,0x0000,0x0000,0x0000,0x0000,0x0000,0x0000,0x03ff,0xffff,0xffff,0x0000,0x3ffe,0x0000,0x0000,0x0000,0x0000,
  0x0000,0x0000,0x0000,0x0000,0x0000,0x0000,0x0000,0x0000,0x0000,0x0000,0x0000,0x0000,0x0000,0x0000,0x0000,0x0fff,0xffff,0xffff,0x0000,0x1ffc,0x0000,0x0000,0x0000,0x0000,
  0x0000,0x0000,0x0000,0x0000,0x0000,0x0000,0x0000,0x0000,0x0000,0x0000,0x0000,0x0000,0x0000,0x0000,0x0000,0x1fff,0xffff,0xfffe,0x0000,0x0ffc,0x0000,0x0000,0x0000,0x0000,
  0x0000,0x0000,0x0000,0x0000,0x0000,0x0000,0x0000,0x0000,0x0000,0x0000,0x0000,0x0000,0x0000,0x0000,0x0000,0x3fff,0xffff,0xfffc,0x0000,0x0ff8,0x0000,0x0000,0x0000,0x0000,
  0x0000,0x0000,0x0000,0x0000,0x0000,0x0000,0x0000,0x0000,0x0000,0x0000,0x0000,0x0000,0x0000,0x0000,0x0000,0xffff,0xffff,0xfff8,0x0000,0x07f8,0x0000,0x0000,0x0000,0x0000,
  0x0000,0x0000,0x0000,0x0000,0x0000,0x0000,0x0000,0x0000,0x0000,0x0000,0x0000,0x0000,0x0000,0x0000,0x0001,0xffff,0xffff,0xfff8,0x0000,0x07f0,0x0000,0x0000,0x0000,0x0000,
  0x0000,0x0000,0x0000,0x0000,0x0000,0x0000,0x0000,0x0000,0x0000,0x0000,0x0000,0x0000,0x0000,0x0000,0x0007,0xffff,0xffff,0xfff0,0x0000,0x07f0,0x0000,0x0000,0x0000,0x0000,
  0x0000,0x0000,0x0000,0x0000,0x0000,0x0000,0x0000,0x0000,0x0000,0x0000,0x0000,0x0000,0x0000,0x0000,0x001f,0xffff,0xffff,0xffc0,0x0000,0x03f0,0x0000,0x0000,0x0000,0x0000,
  0x0000,0x0000,0x0000,0x0000,0x0000,0x0000,0x0000,0x0000,0x0000,0x0000,0x0000,0x0000,0x0000,0x0000,0x007f,0xffff,0x0fff,0xff80,0x0000,0x03f0,0x0000,0x0000,0x0000,0x0000,
  0x0000,0x0000,0x0000,0x0000,0x0000,0x0000,0x0000,0x0000,0x0000,0x0000,0x0000,0x0000,0x0000,0x0000,0x01ff,0xff80,0x007f,0xfe00,0x0000,0x03f0,0x0000,0x0000,0x0000,0x0000,
  0x0000,0x0000,0x0000,0x0000,0x0000,0x0000,0x0000,0x0000,0x0000,0x0000,0x0000,0x0000,0x0000,0x0000,0x07ff,0xf800,0x0007,0xe000,0x0000,0x01e0,0x0000,0x0000,0x0000,0x0000,
  0x0000,0x0000,0x0000,0x0000,0x0000,0x0000,0x0000,0x0000,0x0000,0x0000,0x0000,0x0000,0x0000,0x0000,0x3fff,0xc000,0x0000,0x0000,0x0000,0x01e0,0x0000,0x0000,0x0000,0x0000,
  0x0000,0x0000,0x0000,0x0000,0x0000,0x0000,0x0000,0x0000,0x0000,0x0000,0x0000,0x0000,0x0000,0x0001,0xfffe,0x0000,0x0000,0x0000,0x0000,0x01e0,0x0000,0x0000,0x0000,0x0000,
  0x0000,0x0000,0x0000,0x0000,0x0000,0x0000,0x0000,0x0000,0x0000,0x0000,0x0000,0x0000,0x7fc0,0x000f,0xfff8,0x0000,0x0000,0x0000,0x0000,0x01e0,0x0000,0x0000,0x0000,0x0000,
  0x0000,0x0000,0x0000,0x0000,0x0000,0x0000,0x0000,0x0000,0x0000,0x0000,0x0000,0x0003,0xfffc,0x03ff,0xffe0,0x0000,0x0000,0x0000,0x0000,0x01e0,0x0000,0x0000,0x0000,0x0000,
  0x0000,0x0000,0x0000,0x0000,0x0000,0x0000,0x0000,0x0000,0x0000,0x0000,0x0000,0x0007,0xffff,0xffff,0xff00,0x0000,0x0000,0x0000,0x0000,0x01e0,0x0000,0x0000,0x0000,0x0000,
  0x0000,0x0000,0x0000,0x0000,0x0000,0x0000,0x0000,0x0000,0x0000,0x0000,0x0000,0x001f,0xffff,0xffff,0xfe00,0x0000,0x0000,0x0000,0x0000,0x01e0,0x0000,0x0000,0x0000,0x0000,
  0x0000,0x0000,0x0000,0x0000,0x0000,0x0000,0x0000,0x0000,0x0000,0x0000,0x0000,0x003f,0xffff,0xffff,0xf800,0x0000,0x0000,0x0000,0x0000,0x01e0,0x0000,0x0000,0x0000,0x0000,
  0x0000,0x0000,0x0000,0x0000,0x0000,0x0000,0x0000,0x0000,0x0000,0x0000,0x0000,0x007f,0xffff,0xffff,0xe000,0x0000,0x0000,0x0000,0x0000,0x01e0,0x0000,0x0000,0x0000,0x0000,
  0x0000,0x0000,0x0000,0x0000,0x0000,0x0000,0x0000,0x0000,0x0000,0x0000,0x0000,0x007f,0xffff,0xffff,0xc000,0x0000,0x0000,0x0000,0x0000,0x01e0,0x0000,0x0000,0x0000,0x0000,
  0x0000,0x0000,0x0000,0x0000,0x0000,0x0000,0x0000,0x0000,0x0000,0x0000,0x0000,0x00ff,0xffff,0xffff,0x0000,0x0000,0x0000,0x0000,0x0000,0x01e0,0x0000,0x0000,0x0000,0x0000,
  0x0000,0x0000,0x0000,0x0000,0x0000,0x0000,0x0000,0x0000,0x0000,0x0000,0x0000,0x01ff,0xffff,0xfffe,0x0000,0x0000,0x0000,0x0000,0x0000,0x01f0,0x0000,0x0000,0x0000,0x0000,
  0x0000,0x0000,0x0000,0x0000,0x0000,0x0000,0x0000,0x0000,0x0000,0x0000,0x0000,0x01ff,0xffff,0xfffc,0x0000,0x0000,0x0000,0x0000,0x0000,0x01f0,0x0000,0x0000,0x0000,0x0000,
  0x0000,0x0000,0x0000,0x0000,0x0000,0x0000,0x0000,0x0000,0x0000,0x0000,0x0000,0x03ff,0xffff,0xfff8,0x0000,0x0000,0x0000,0x0000,0x0000,0x01f0,0x0000,0x0000,0x0000,0x0000,
  0x0000,0x0000,0x0000,0x0000,0x0000,0x0000,0x0000,0x0000,0x0000,0x0000,0x0000,0x03ff,0xffff,0xffe0,0x0000,0x0000,0x0000,0x0000,0x0000,0x01f0,0x0000,0x0000,0x0000,0x0000,
  0x0000,0x0000,0x0000,0x0000,0x0000,0x0000,0x0000,0x0000,0x0000,0x0000,0x0000,0x03ff,0xffff,0xffc0,0x0000,0x0000,0x0780,0x0000,0x0000,0x01f0,0x0000,0x0000,0x0000,0x0000,
  0x0000,0x0000,0x0000,0x0000,0x0000,0x0000,0x0000,0x0000,0x0000,0x0000,0x0000,0x03ff,0xffff,0xff80,0x0000,0x0000,0x7ff8,0x0000,0x0000,0x01f8,0x0000,0x0000,0x0000,0x0000,
  0x0000,0x0000,0x0000,0x0000,0x0000,0x0000,0x0000,0x0000,0x0000,0x0000,0x0000,0x03ff,0xffff,0xff80,0x0000,0x0001,0xfffe,0x0000,0x0000,0x01f8,0x0000,0x0000,0x0000,0x0000,
  0x0000,0x0000,0x0000,0x0000,0x0000,0x0000,0x0000,0x0000,0x0000,0x0000,0x0000,0x03ff,0xffff,0xff00,0x0000,0x0007,0xffff,0x0000,0x0000,0x03f8,0x0000,0x0000,0x0000,0x0000,
  0x0000,0x0000,0x0000,0x0000,0x0000,0x0000,0x0000,0x0000,0x0000,0x0000,0x0000,0x03ff,0xffff,0xfe00,0x0000,0x000f,0xffff,0xc000,0x0000,0x03f8,0x0000,0x0000,0x0000,0x0000,
  0x0000,0x0000,0x0000,0x0000,0x0000,0x0000,0x0000,0x0000,0x0000,0x0000,0x0000,0x03ff,0xffff,0xfc00,0x0000,0x001f,0xffff,0xe000,0x0000,0x03fc,0x0000,0x0000,0x0000,0x0000,
  0x0000,0x0000,0x0000,0x0000,0x0000,0x0000,0x0000,0x0000,0x0000,0x0000,0x0000,0x03ff,0xffff,0xfc00,0x0000,0x003f,0xffff,0xe000,0x0000,0x07fc,0x0000,0x0000,0x0000,0x0000,
  0x0000,0x0000,0x0000,0x0000,0x0000,0x0000,0x0000,0x0000,0x0000,0x0000,0x0000,0x03ff,0xffff,0xf800,0x0000,0x003f,0xffff,0xf000,0x0000,0x07fe,0x0000,0x0000,0x0000,0x0000,
  0x0000,0x0000,0x0000,0x0000,0x0000,0x0000,0x0000,0x0000,0x0000,0x0000,0x0000,0x03ff,0xffff,0xf800,0x0000,0x007f,0xffff,0xfc00,0x0000,0x0fff,0x0000,0x0000,0x0000,0x0000,
  0x0000,0x0000,0x0000,0x0000,0x0000,0x0000,0x0000,0x0000,0x0000,0x0000,0x0000,0x01ff,0xffff,0xf000,0x0000,0x00ff,0xffff,0xfe00,0x0000,0x0fff,0x0000,0x0000,0x0000,0x0000,
  0x0000,0x0000,0x0000,0x0000,0x0000,0x0000,0x0000,0x0000,0x0000,0x0000,0x0000,0x01ff,0xffff,0xf000,0x0000,0x00ff,0xffff,0xff00,0x0000,0x1fff,0x8000,0x0000,0x0000,0x0000,
  0x0000,0x0000,0x0000,0x0000,0x0000,0x0000,0x0000,0x0000,0x0000,0x0000,0x0000,0x00ff,0xffff,0xf000,0x0000,0x00ff,0xffff,0xffc0,0x0000,0x7fff,0xc000,0x0000,0x0000,0x0000,
  0x0000,0x0000,0x0000,0x0000,0x0000,0x0000,0x0000,0x0000,0x0000,0x0000,0x0000,0x00ff,0xffff,0xe000,0x0000,0x01ff,0xffff,0xfff0,0x0001,0xffff,0xe000,0x0000,0x0000,0x0000,
  0x0000,0x0000,0x0000,0x0000,0x0000,0x0000,0x0000,0x0000,0x0000,0x0000,0x0000,0x007f,0xffff,0xe000,0x0000,0x01ff,0xffff,0xfffe,0x000f,0xffff,0xe000,0x0000,0x0000,0x0000,
  0x0000,0x0000,0x0000,0x0000,0x0000,0x0000,0x0000,0x0000,0x0000,0x0000,0x0000,0x003f,0xffff,0xe000,0x0000,0x01ff,0xffff,0xffff,0xffff,0xffff,0xe000,0x0000,0x0000,0x0000,
  0x0000,0x0000,0x0000,0x0000,0x0000,0x0000,0x0000,0x0000,0x0000,0x0000,0x0000,0x001f,0xffff,0xc000,0x0000,0x01ff,0xffff,0xffff,0xffff,0xffff,0xe000,0x0000,0x0000,0x0000,
  0x0000,0x0000,0x0000,0x0000,0x0000,0x0000,0x0000,0x0000,0x0000,0x0000,0x0000,0x000f,0xffff,0xc000,0x0000,0x01ff,0xffff,0xffff,0xffff,0xffff,0xe000,0x0000,0x0000,0x0000,
  0x0000,0x0000,0x0000,0x0000,0x0000,0x0000,0x0000,0x0000,0x0000,0x0000,0x0000,0x0007,0xffff,0xc000,0x0000,0x01ff,0xffff,0xffff,0xffff,0xffff,0xe000,0x0000,0x0000,0x0000,
  0x0000,0x0000,0x0000,0x0000,0x0000,0x0000,0x0000,0x0000,0x0000,0x0000,0x0000,0x0001,0xffff,0xc000,0x0000,0x03ff,0xffff,0xffff,0xc0ff,0xffff,0xe000,0x0000,0x0000,0x0000,
  0x0000,0x0000,0x0000,0x0000,0x0000,0x0000,0x0000,0x0000,0x0000,0x0000,0x0000,0x0000,0x3fff,0xc000,0x0000,0x03ff,0xffff,0xfffc,0x0007,0xffff,0xe000,0x0000,0x0000,0x0000,
  0x0000,0x0000,0x0000,0x0000,0x0000,0x0000,0x0000,0x0000,0x0000,0x0000,0x0000,0x0000,0x07ff,0xc000,0x0000,0x03ff,0xffff,0xffe0,0x0000,0xffff,0xc000,0x0000,0x0000,0x0000,
  0x0000,0x0000,0x0000,0x0000,0x0000,0x0000,0x0000,0x0000,0x0000,0x0000,0x0000,0x0000,0x01ff,0xc000,0x0000,0x07ff,0xffff,0xff80,0x0000,0x3fff,0xc000,0x0000,0x0000,0x0000,
  0x0000,0x0000,0x0000,0x0000,0x0000,0x0000,0x0000,0x0000,0x0000,0x0000,0x0000,0x0000,0x007f,0xc000,0x0000,0x07ff,0xffff,0xff00,0x0000,0x1fff,0x8000,0x0000,0x0000,0x0000,
  0x0000,0x0000,0x0000,0x0000,0x0000,0x0000,0x0000,0x0000,0x0000,0x0000,0x0000,0x0000,0x003f,0xc000,0x0000,0x0fff,0xffff,0xfc00,0x0000,0x0fff,0x0000,0x0000,0x0000,0x0000,
  0x0000,0x0000,0x0000,0x0000,0x0000,0x0000,0x0000,0x0000,0x0000,0x0000,0x0000,0x0000,0x001f,0xc000,0x0000,0x0fff,0xffff,0xf800,0x0000,0x03fc,0x0000,0x0000,0x0000,0x0000,
  0x0000,0x0000,0x0000,0x0000,0x0000,0x0000,0x0000,0x0000,0x0000,0x0000,0x0000,0x0000,0x000f,0xe000,0x0000,0x1fff,0xffff,0xf000,0x0000,0x0060,0x0000,0x0000,0x0000,0x0000,
  0x0000,0x0000,0x0000,0x0000,0x0000,0x0000,0x0000,0x0000,0x0000,0x0000,0x0000,0x0000,0x0007,0xe000,0x0000,0x3fff,0xffff,0xe000,0x0000,0x0000,0x0000,0x0000,0x0000,0x0000,
  0x0000,0x0000,0x0000,0x0000,0x0000,0x0000,0x0000,0x0000,0x0000,0x0000,0x0000,0x0000,0x0003,0xe000,0x0000,0x3fff,0xffff,0xc000,0x0000,0x0000,0x0000,0x0000,0x0000,0x0000,
  0x0000,0x0000,0x0000,0x0000,0x0000,0x0000,0x0000,0x0000,0x0000,0x0000,0x0000,0x0000,0x0003,0xf000,0x0000,0x7fff,0xffff,0x8000,0x0000,0x0000,0x0000,0x0000,0x0000,0x0000,
  0x0000,0x0000,0x0000,0x0000,0x0000,0x0000,0x0000,0x0000,0x0000,0x0000,0x0000,0x0000,0x0001,0xf800,0x0000,0xffff,0xffff,0x0000,0x0000,0x0000,0x0000,0x0000,0x0000,0x0000,
  0x0000,0x0000,0x0000,0x0000,0x0000,0x0000,0x0000,0x0000,0x0000,0x0000,0x0000,0x0000,0x0001,0xf800,0x0001,0xffff,0xfffc,0x0000,0x0000,0x0000,0x0000,0x0000,0x0000,0x0000,
  0x0000,0x0000,0x0000,0x0000,0x0000,0x0000,0x0000,0x0000,0x0000,0x0000,0x0000,0x0000,0x0000,0xfc00,0x0007,0xffe0,0x3fe0,0x0000,0x0000,0x0000,0x0000,0x0000,0x0000,0x0000,
  0x0000,0x0000,0x0000,0x0000,0x0000,0x0000,0x0000,0x0000,0x0000,0x0000,0x0000,0x0000,0x0000,0xfe00,0x000f,0xfc00,0x0000,0x0000,0x0000,0x0000,0x0000,0x0000,0x0000,0x0000,
  0x0000,0x0000,0x0000,0x0000,0x0000,0x0000,0x0000,0x0000,0x0000,0x0000,0x0000,0x0000,0x0000,0xff00,0x003f,0xf000,0x0000,0x0000,0x0000,0x0000,0x0000,0x0000,0x0000,0x0000,
  0x0000,0x0000,0x0000,0x0000,0x0000,0x0000,0x0000,0x0000,0x0000,0x0000,0x0000,0x0000,0x0000,0xffc0,0x00ff,0xc000,0x0000,0x0000,0x0000,0x0000,0x0000,0x0000,0x0000,0x0000,
  0x0000,0x0000,0x0000,0x0000,0x0000,0x0000,0x0000,0x0000,0x0000,0x0000,0x0000,0x0000,0x0000,0xfff0,0x03ff,0x0000,0x0000,0x0000,0x0000,0x0000,0x0000,0x0000,0x0000,0x0000,
  0x0000,0x0000,0x0000,0x0000,0x0000,0x0000,0x0000,0x0000,0x0000,0x0000,0x0000,0x0000,0x0000,0xffff,0xfffe,0x0000,0x0000,0x0000,0x0000,0x0000,0x0000,0x0000,0x0000,0x0000,
  0x0000,0x0000,0x0000,0x0000,0x0000,0x0000,0x0000,0x0000,0x0000,0x0000,0x0000,0x0000,0x0000,0xffff,0xfffc,0x0000,0x0000,0x0000,0x0000,0x0000,0x0000,0x0000,0x0000,0x0000,
  0x0000,0x0000,0x0000,0x0000,0x0000,0x0000,0x0000,0x0000,0x0000,0x0000,0x0000,0x0000,0x0000,0xffff,0xfff8,0x0000,0x0000,0x0000,0x0000,0x0000,0x0000,0x0000,0x0000,0x0000,
  0x0000,0x0000,0x0000,0x0000,0x0000,0x0000,0x0000,0x0000,0x0000,0x0000,0x0000,0x0000,0x0000,0xffff,0xfff0,0x0000,0x0000,0x0000,0x0000,0x0000,0x0000,0x0000,0x0000,0x0000,
  0x0000,0x0000,0x0000,0x0000,0x0000,0x0000,0x0000,0x0000,0x0000,0x0000,0x0000,0x0000,0x0000,0xffff,0xffe0,0x0000,0x0000,0x0000,0x0000,0x0000,0x0000,0x0000,0x0000,0x0000,
  0x0000,0x0000,0x0000,0x0000,0x0000,0x0000,0x0000,0x0000,0x0000,0x0000,0x0000,0x0000,0x0000,0xffff,0xffc0,0x0000,0x0000,0x0000,0x0000,0x0000,0x0000,0x0000,0x0000,0x0000,
  0x0000,0x0000,0x0000,0x0000,0x0000,0x0000,0x0000,0x0000,0x0000,0x0000,0x0000,0x0000,0x0000,0xffff,0xff80,0x0000,0x0000,0x0000,0x0000,0x0000,0x0000,0x0000,0x0000,0x0000,
  0x0000,0x0000,0x0000,0x0000,0x0000,0x0000,0x0000,0x0000,0x0000,0x0000,0x0000,0x0000,0x0001,0xffff,0xff80,0x0000,0x0000,0x0000,0x0000,0x0000,0x0000,0x0000,0x0000,0x0000,
  0x0000,0x0000,0x0000,0x0000,0x0000,0x0000,0x0000,0x0000,0x0000,0x0000,0x0000,0x0000,0x0001,0xffff,0xff00,0x0000,0x0000,0x0000,0x0000,0x0000,0x0000,0x0000,0x0000,0x0000,
  0x0000,0x0000,0x0000,0x0000,0x4000,0x0000,0x0000,0x0000,0x0000,0x0000,0x0000,0x0000,0x0001,0xffff,0xff00,0x0000,0x0000,0x0000,0x0000,0x0000,0x0000,0x0000,0x0000,0x0000,
  0x0000,0x0000,0x0000,0x001f,0xfe00,0x0000,0x0000,0x0000,0x0000,0x0000,0x0000,0x0000,0x0001,0xffff,0xfe00,0x0000,0x0000,0x0000,0x0000,0x0000,0x0000,0x0000,0x0000,0x0000,
  0x0000,0x0000,0x0000,0x007f,0xffc0,0x0000,0x0000,0x0000,0x0000,0x0000,0x0000,0x0000,0x0001,0xffff,0xfe00,0x0000,0x0000,0x0000,0x0000,0x0000,0x0000,0x0000,0x0000,0x0000,
  0x0000,0x0000,0x0000,0x01ff,0xfff0,0x0000,0x0000,0x0000,0x0000,0x0000,0x0000,0x0000,0x0001,0xffff,0xfe00,0x0000,0x0000,0x0000,0x0000,0x0000,0x0000,0x0000,0x0000,0x0000,
  0x0000,0x0000,0x0000,0x03ff,0xfff8,0x0000,0x0000,0x0000,0x0000,0x0000,0x0000,0x0000,0x0001,0xffff,0xfc00,0x0000,0x0000,0x0000,0x0000,0x0000,0x0000,0x0000,0x0000,0x0000,
  0x0000,0x0000,0x0000,0x07ff,0xfffc,0x0000,0x0000,0x0000,0x0000,0x0000,0x0000,0x0000,0x0001,0xffff,0xfc00,0x0000,0x0000,0x0000,0x0000,0x0000,0x0000,0x0000,0x0000,0x0000,
  0x0000,0x0000,0x0000,0x0fff,0xfffe,0x0000,0x0000,0x0000,0x0000,0x0000,0x0000,0x0000,0x0001,0xffff,0xfc00,0x0000,0x0000,0x0000,0x0000,0x0000,0x0000,0x0000,0x0000,0x0000,
  0x0000,0x0000,0x0000,0x1fff,0xffff,0x0000,0x0000,0x0000,0x0000,0x0000,0x0000,0x0000,0x0001,0xffff,0xfc00,0x0000,0x0000,0x0000,0x0000,0x0000,0x0000,0x0000,0x0000,0x0000,
  0x0000,0x0000,0x0000,0x3fff,0xffff,0x8000,0x0000,0x0000,0x0000,0x0000,0x0000,0x0000,0x0000,0xffff,0xf800,0x0000,0x0000,0x0000,0x0000,0x0000,0x0000,0x0000,0x0000,0x0000,
  0x0000,0x0000,0x0000,0x7fff,0xffff,0x8000,0x0000,0x0000,0x0000,0x0000,0x0000,0x0000,0x0000,0xffff,0xf000,0x0000,0x0000,0x0000,0x0000,0x0000,0x0000,0x0000,0x0000,0x0000,
  0x0000,0x0000,0x0000,0x7fff,0xffff,0xc000,0x0000,0x0000,0x0000,0x0000,0x0000,0x0000,0x0000,0x7fff,0xf000,0x0000,0x0000,0x0000,0x0000,0x0000,0x0000,0x0000,0x0000,0x0000,
  0x0000,0x0000,0x0000,0xffff,0xffff,0xc000,0x0000,0x0000,0x0000,0x0000,0x0000,0x0000,0x0000,0x3fff,0xe000,0x0000,0x0000,0x0000,0x0000,0x0000,0x0000,0x0000,0x0000,0x0000,
  0x0000,0x0000,0x0000,0xffff,0xffff,0xe000,0x0000,0x0000,0x0000,0x0000,0x0000,0x0000,0x0000,0x1fff,0xc000,0x0000,0x0000,0x0000,0x0000,0x0000,0x0000,0x0000,0x0000,0x0000,
  0x0000,0x0000,0x0000,0xffff,0xffff,0xe000,0x0000,0x0000,0x0000,0x0000,0x0000,0x0000,0x0000,0x07ff,0x0000,0x0000,0x0000,0x0000,0x0000,0x0000,0x0000,0x0000,0x0000,0x0000,
  0x0000,0x0000,0x0001,0xffff,0xffff,0xf000,0x0000,0x0000,0x0000,0x0000,0x0000,0x0000,0x0000,0x01fc,0x0000,0x0000,0x0000,0x0000,0x0000,0x0000,0x0000,0x0000,0x0000,0x0000,
  0x0000,0x0000,0x0001,0xffff,0xffff,0xf000,0x0000,0x0000,0x0000,0x0000,0x0000,0x0000,0x0000,0x0000,0x0000,0x0000,0x0000,0x0000,0x0000,0x0000,0x0000,0x0000,0x0000,0x0000,
  0x0000,0x0000,0x0001,0xffff,0xffff,0xf000,0x0000,0x0000,0x0000,0x0000,0x0000,0x0000,0x0000,0x0000,0x0000,0x0000,0x0000,0x0000,0x0000,0x0000,0x0000,0x0000,0x0000,0x0000,
  0x0000,0x0000,0x0001,0xffff,0xffff,0xf000,0x0000,0x0000,0x0000,0x0000,0x0000,0x0000,0x0000,0x0000,0x0000,0x0000,0x0000,0x0000,0x0000,0x0000,0x0000,0x0000,0x0000,0x0000,
  0x0000,0x0000,0x0001,0xffff,0xffff,0xf800,0x0000,0x0000,0x0000,0x0000,0x0000,0x0000,0x0000,0x0000,0x0000,0x0000,0x0000,0x0000,0x0000,0x0000,0x0000,0x0000,0x0000,0x0000,
  0x0000,0x0000,0x0001,0xffff,0xffff,0xf800,0x0000,0x0000,0x0000,0x0000,0x0000,0x0000,0x0000,0x0000,0x0000,0x0000,0x0000,0x0000,0x0000,0x0000,0x0000,0x0000,0x0000,0x0000,
  0x0000,0x0000,0x0001,0xffff,0xffff,0xfc00,0x0000,0x0000,0x0000,0x0000,0x0000,0x0000,0x0000,0x0000,0x0000,0x0000,0x0000,0x0000,0x0000,0x0000,0x0000,0x0000,0x0000,0x0000,
  0x0000,0x0000,0x0001,0xffff,0xffff,0xfc00,0x0000,0x0000,0x0000,0x0000,0x0000,0x0000,0x0000,0x0000,0x0000,0x0000,0x0000,0x0000,0x0000,0x0000,0x0000,0x0000,0x0000,0x0000,
  0x0000,0x0000,0x0001,0xffff,0xffff,0xfe00,0x0000,0x0000,0x0000,0x0000,0x0000,0x0000,0x0000,0x0000,0x0000,0x0000,0x0000,0x0000,0x0000,0x0000,0x0000,0x0000,0x0000,0x0000,
  0x0000,0x0000,0x0001,0xffff,0xffff,0xfe00,0x0000,0x0000,0x0000,0x0000,0x0000,0x0000,0x0000,0x0000,0x0000,0x0000,0x0000,0x0000,0x0000,0x0000,0x0000,0x0000,0x0000,0x0000,
  0x0000,0x0000,0x0000,0xffff,0xffff,0xff00,0x0000,0x0000,0x0000,0x0000,0x0000,0x0000,0x0000,0x0000,0x0000,0x0000,0x0000,0x0000,0x0000,0x0000,0x0000,0x0000,0x0000,0x0000,
  0x0000,0x0000,0x0000,0xffff,0xffff,0xff80,0x0000,0x0000,0x0000,0x0000,0x0000,0x0000,0x0000,0x0000,0x0000,0x0000,0x0000,0x0000,0x0000,0x0000,0x0000,0x0000,0x0000,0x0000,
  0x0000,0x0000,0x0000,0xffff,0xffff,0xffc0,0x0000,0x0000,0x0000,0x0000,0x0000,0x0000,0x0000,0x0000,0x0000,0x0000,0x0000,0x0000,0x0000,0x0000,0x0000,0x0000,0x0000,0x0000,
  0x0000,0x0000,0x0000,0x7fff,0xffff,0xffe0,0x0000,0x0000,0x0000,0x0000,0x0000,0x0000,0x0000,0x0000,0x0000,0x0000,0x0000,0x0000,0x0000,0x0000,0x0000,0x0000,0x0000,0x0000,
  0x0000,0x0000,0x0000,0x7fff,0xffff,0xfff0,0x0000,0x0000,0x0000,0x0000,0x0000,0x0000,0x0000,0x0000,0x0000,0x0000,0x0000,0x0000,0x0000,0x0000,0x0000,0x0000,0x0000,0x0000,
  0x0000,0x0000,0x0000,0x7fff,0xffff,0xfffc,0x0003,0xff00,0x0000,0x0000,0x0000,0x0000,0x0000,0x0000,0x0000,0x0000,0x0000,0x0000,0x0000,0x0000,0x0000,0x0000,0x0000,0x0000,
  0x0000,0x0000,0x0000,0x3fff,0xffff,0xffff,0x003f,0xffc0,0x0000,0x0000,0x0000,0x0000,0x0000,0x0000,0x0000,0x0000,0x0000,0x0000,0x0000,0x0000,0x0000,0x0000,0x0000,0x0000,
  0x0000,0x0000,0x0000,0x3fff,0xffff,0xffff,0xffff,0xfff0,0x0000,0x0000,0x0000,0x0000,0x0000,0x0000,0x0000,0x0000,0x0000,0x0000,0x0000,0x0000,0x0000,0x0000,0x0000,0x0000,
  0x0000,0x0000,0x0000,0x3fff,0xffff,0xffff,0xffff,0xfffc,0x0000,0x0000,0x0000,0x0000,0x0000,0x0000,0x0000,0x0000,0x0000,0x0000,0x0000,0x0000,0x0000,0x0000,0x0000,0x0000,
  0x0000,0x0000,0x0000,0x3fff,0xffff,0xffff,0xffff,0xfffe,0x0000,0x0000,0x0000,0x0000,0x0000,0x0000,0x0000,0x0000,0x0000,0x0000,0x0000,0x0000,0x0000,0x0000,0x0000,0x0000,
  0x0000,0x0000,0x0000,0x3fff,0xffff,0xffff,0xffff,0xffff,0x0000,0x0000,0x0000,0x0000,0x0000,0x0000,0x0000,0x0000,0x0000,0x0000,0x0000,0x0000,0x0000,0x0000,0x0000,0x0000,
  0x0000,0x0000,0x0000,0x3fff,0xffff,0xffff,0xffff,0xffff,0x8000,0x0000,0x0000,0x0000,0x0000,0x0000,0x0000,0x0000,0x0000,0x0000,0x0000,0x0000,0x0000,0x0000,0x0000,0x0000,
  0x0000,0x0000,0x0000,0x3fff,0xff80,0x03ff,0xffff,0xffff,0xc000,0x0000,0x0000,0x0000,0x0000,0x0000,0x0000,0x0000,0x0000,0x0000,0x0000,0x0000,0x0000,0x0000,0x0000,0x0000,
  0x0000,0x0000,0x0000,0x3fff,0xf800,0x00ff,0xffff,0xffff,0xc000,0x0000,0x0000,0x0000,0x0000,0x0000,0x0000,0x0000,0x0000,0x0000,0x0000,0x0000,0x0000,0x0000,0x0000,0x0000,
  0x0000,0x0000,0x0000,0x3fff,0x0000,0x003f,0xffff,0xffff,0xe000,0x0000,0x0000,0x0000,0x0000,0x0000,0x0000,0x0000,0x0000,0x0000,0x0000,0x0000,0x0000,0x0000,0x0000,0x0000,
  0x0000,0x0000,0x0000,0x7ff8,0x0000,0x001f,0xffff,0xffff,0xe000,0x0000,0x0000,0x0000,0x0000,0x0000,0x0000,0x0000,0x0000,0x0000,0x0000,0x0000,0x0000,0x0000,0x0000,0x0000,
  0x0000,0x0000,0x0000,0x7ff0,0x0000,0x000f,0xffff,0xffff,0xf000,0x0000,0x0000,0x0000,0x0000,0x0000,0x0000,0x0000,0x0000,0x0000,0x0000,0x0000,0x0000,0x0000,0x0000,0x0000,
  0x0000,0x0000,0x0000,0xffc0,0x0000,0x0007,0xffff,0xffff,0xf000,0x0000,0x0000,0x0000,0x0000,0x0000,0x0000,0x0000,0x0000,0x0000,0x0000,0x0000,0x0000,0x0000,0x0000,0x0000,
  0x0000,0x0000,0x0001,0xff80,0x0000,0x0007,0xffff,0xffff,0xf000,0x0000,0x0000,0x0000,0x0000,0x0000,0x0000,0x0000,0x0000,0x0000,0x0000,0x0000,0x0000,0x0000,0x0000,0x0000,
  0x0000,0x0000,0x0007,0xff80,0x0000,0x0003,0xffff,0xffff,0xf800,0x0000,0x0000,0x0000,0x0000,0x0000,0x0000,0x0000,0x0000,0x0000,0x0000,0x0000,0x0000,0x0000,0x0000,0x0000,
  0x0000,0x0000,0x001f,0xff00,0x0000,0x0001,0xffff,0xffff,0xf800,0x0000,0x0000,0x0000,0x0000,0x0000,0x0000,0x0000,0x0000,0x0000,0x0000,0x0000,0x0000,0x0000,0x0000,0x0000,
  0x0000,0x0000,0x007f,0xff00,0x0000,0x0001,0xffff,0xffff,0xf800,0x0000,0x0000,0x0000,0x0000,0x0000,0x0000,0x0000,0x0000,0x0000,0x0000,0x0000,0x0000,0x0000,0x0000,0x0000,
  0x0000,0x0000,0x00ff,0xff00,0x0000,0x0000,0xffff,0xffff,0xf800,0x0000,0x0000,0x0000,0x0000,0x0000,0x0000,0x0000,0x0000,0x0000,0x0000,0x0000,0x0000,0x0000,0x0000,0x0000,
  0x0000,0x0000,0x01ff,0xfe00,0x0000,0x0000,0xffff,0xffff,0xf800,0x0000,0x0000,0x0000,0x0e00,0x0000,0x0000,0x0000,0x0000,0x0000,0x0000,0x0000,0x0000,0x0000,0x0000,0x0000,
  0x0000,0x0000,0x03ff,0xfe00,0x0000,0x0000,0xffff,0xffff,0xf800,0x0000,0x0000,0x0000,0xffe0,0x0000,0x0000,0x0000,0x0000,0x0000,0x0000,0x0000,0x0000,0x0000,0x0000,0x0000,
  0x0000,0x0000,0x03ff,0xfe00,0x0000,0x0000,0xffff,0xffff,0xf800,0x0000,0x0000,0x0003,0xfff8,0x0000,0x0000,0x0000,0x0000,0x0000,0x0000,0x0000,0x0000,0x0000,0x0000,0x0000,
  0x0000,0x0000,0x07ff,0xfe00,0x0000,0x0001,0xffff,0xffff,0xf800,0x0000,0x0000,0x000f,0xfffe,0x0000,0x0000,0x0000,0x0000,0x0000,0x0000,0x0000,0x0000,0x0000,0x0000,0x0000,
  0x0000,0x0000,0x07ff,0xff00,0x0000,0x0001,0xffff,0xffff,0xf000,0x0000,0x0000,0x001f,0xffff,0x0000,0x0000,0x0000,0x0000,0x0000,0x0000,0x0000,0x0000,0x0000,0x0000,0x0000,
  0x0000,0x0000,0x07ff,0xff00,0x0000,0x0001,0xffff,0xffff,0xf000,0x0000,0x0000,0x003f,0xffff,0x8000,0x0000,0x0000,0x0000,0x0000,0x0000,0x0000,0x0000,0x0000,0x0000,0x0000,
  0x0000,0x0000,0x07ff,0xff00,0x0000,0x0003,0xffff,0xffff,0xf000,0x0000,0x0000,0x007f,0xffff,0xc000,0x0000,0x0000,0x0000,0x0000,0x0000,0x0000,0x0000,0x0000,0x0000,0x0000,
  0x0000,0x0000,0x07ff,0xff00,0x0000,0x0003,0xffff,0xffff,0xe000,0x0000,0x0000,0x00ff,0xffff,0xe000,0x0000,0x0000,0x0000,0x0000,0x0000,0x0000,0x0000,0x0000,0x0000,0x0000,
  0x0000,0x0000,0x07ff,0xff00,0x0000,0x0007,0xffff,0xffff,0xe000,0x0000,0x0000,0x00ff,0xffff,0xe000,0x0000,0x0000,0x0000,0x0000,0x0000,0x0000,0x0000,0x0000,0x0000,0x0000,
  0x0000,0x0000,0x07ff,0xfe00,0x0000,0x000f,0xffff,0xffff,0xc000,0x0000,0x0000,0x01ff,0xffff,0xf000,0x0000,0x0000,0x0000,0x0000,0x0000,0x0000,0x0000,0x0000,0x0000,0x0000,
  0x0000,0x0000,0x07ff,0xfe00,0x0000,0x001f,0xffff,0xffff,0xc000,0x0000,0x0000,0x01ff,0xffff,0xf800,0x0000,0x0000,0x0000,0x0000,0x0000,0x0000,0x0000,0x0000,0x0000,0x0000,
  0x0000,0x0000,0x07ff,0xfc00,0x0000,0x003f,0xffff,0xffff,0x8000,0x0000,0x0000,0x03ff,0xffff,0xfc00,0x01fc,0x0000,0x0000,0x0000,0x0000,0x0000,0x0000,0x0000,0x0000,0x0000,
  0x0000,0x0000,0x03ff,0xfc00,0x0000,0x007f,0xffff,0xffff,0x0000,0x0000,0x0000,0x03ff,0xffff,0xfe00,0x03ff,0x0000,0x0000,0x0000,0x0000,0x0000,0x0000,0x0000,0x0000,0x0000,
  0x0000,0x0000,0x03ff,0xf800,0x0000,0x01ff,0xffff,0xfffe,0x0000,0x0000,0x0000,0x07ff,0xffff,0xff80,0x0fff,0x8000,0x0000,0x0000,0x0000,0x0000,0x0000,0x0000,0x0000,0x0000,
  0x0000,0x0000,0x03ff,0xf000,0x1fff,0xffff,0xffff,0xfffc,0x0000,0x0000,0x0000,0x0fff,0xffff,0xffe0,0x3fff,0x8000,0x0000,0x0000,0x0000,0x0000,0x0000,0x0000,0x0000,0x0000,
  0x0000,0x0000,0x03ff,0xc000,0x7fff,0xffff,0xffff,0xfff0,0x0000,0x0000,0x0000,0x0fff,0xffff,0xffff,0xffff,0xc000,0x0000,0x0000,0x0000,0x0000,0x0000,0x0000,0x0000,0x0000,
  0x0000,0x0000,0x03fe,0x0001,0xffff,0xffff,0xf07f,0xffc0,0x0000,0x0000,0x0000,0x1fff,0xffff,0xffff,0xffff,0xc000,0x0000,0x0000,0x0000,0x0000,0x0000,0x0000,0x0000,0x0000,
  0x0000,0x0000,0x07f8,0x0003,0xffff,0xffff,0x0003,0xff00,0x0000,0x0000,0x0000,0x3fff,0xffff,0xffff,0xffff,0xc000,0x0000,0x0000,0x0000,0x0000,0x0000,0x0000,0x0000,0x0000,
  0x0000,0x0000,0x07f0,0x0007,0xffff,0xfffc,0x0000,0x0000,0x0000,0x0000,0x0000,0x7fff,0xffff,0xffff,0xffff,0xc000,0x0000,0x0000,0x0000,0x0000,0x0000,0x0000,0x0000,0x0000,
  0x0000,0x0000,0x07c0,0x000f,0xffff,0xfff0,0x0000,0x0000,0x0000,0x0000,0x0000,0xffff,0xffff,0xfff3,0xffff,0xc000,0x0000,0x0000,0x0000,0x0000,0x0000,0x0000,0x0000,0x0000,
  0x0000,0x0000,0x0780,0x000f,0xffff,0xffe0,0x0000,0x0000,0x0000,0x0000,0x0001,0xffff,0xffff,0xff80,0x3fff,0xc000,0x0000,0x0000,0x0000,0x0000,0x0000,0x0000,0x0000,0x0000,
  0x0000,0x0000,0x0f00,0x001f,0xffff,0xffc0,0x0000,0x0000,0x0000,0x07c0,0x0007,0xffff,0xffff,0xfe00,0x1fff,0x8000,0x0000,0x0000,0x0000,0x0000,0x0000,0x0000,0x0000,0x0000,
  0x0000,0x0000,0x1f00,0x001f,0xffff,0xffc0,0x0000,0x0000,0x0000,0x1ff8,0x001f,0xffff,0xffff,0xfc00,0x07ff,0x8000,0x0000,0x0000,0x0000,0x0000,0x0000,0x0000,0x0000,0x0000,
  0x0000,0x0000,0x3e00,0x003f,0xffff,0xff80,0x0000,0x0000,0x0000,0x3fff,0x81ff,0xffff,0xffff,0xf000,0x03ff,0x0000,0x0000,0x0000,0x0000,0x0000,0x0000,0x0000,0x0000,0x0000,
  0x0000,0x0000,0x7e00,0x003f,0xffff,0xff80,0x0000,0x0000,0x0000,0x7fff,0xffff,0xffff,0xffff,0xe000,0x01fc,0x0000,0x0000,0x0000,0x0000,0x0000,0x0000,0x0000,0x0000,0x0000,
  0x0000,0x0000,0xfc00,0x003f,0xffff,0xff00,0x0000,0x0000,0x0000,0xffff,0xffff,0xffff,0xffff,0xc000,0x0000,0x0000,0x0000,0x0000,0x0000,0x0000,0x0000,0x0000,0x0000,0x0000,
  0x0000,0x0001,0xfc00,0x007f,0xffff,0xff00,0x0000,0x0000,0x0001,0xffff,0xfff0,0x03ff,0xffff,0xc000,0x0000,0x0000,0x0000,0x0000,0x0000,0x0000,0x0000,0x0000,0x0000,0x0000,
  0x0000,0x000f,0xfc00,0x007f,0xffff,0xfe00,0x0000,0x0000,0x0001,0xffff,0xff80,0x00ff,0xffff,0x8000,0x0000,0x0000,0x0000,0x0000,0x0000,0x0000,0x0000,0x0000,0x0000,0x0000,
  0x0000,0x007f,0xfc00,0x007f,0xffff,0xff00,0x0000,0x0000,0x0003,0xffff,0xfe00,0x00ff,0xfffe,0x0000,0x0000,0x0000,0x0000,0x0000,0x0000,0x0000,0x0000,0x0000,0x0000,0x0000,
  0x0000,0x01ff,0xfc00,0x007f,0xffff,0xff00,0x0000,0x0000,0x0003,0xffff,0xf800,0x007f,0xfffc,0x0000,0x0000,0x0000,0x0000,0x0000,0x0000,0x0000,0x0000,0x0000,0x0000,0x0000,
  0x0000,0x03ff,0xfc00,0x003f,0xffff,0xff80,0x0000,0x0000,0x0007,0xffff,0xf000,0x007f,0xfff0,0x0000,0x0000,0x0000,0x0000,0x0000,0x0000,0x0000,0x0000,0x0000,0x0000,0x0000,
  0x0000,0x0fff,0xfc00,0x003f,0xffff,0xffc0,0x0000,0x0000,0x0007,0xffff,0xe000,0x007f,0xffc0,0x0000,0x0000,0x0000,0x0000,0x0000,0x0000,0x0000,0x0000,0x0000,0x0000,0x0000,
  0x0000,0x0fff,0xfc00,0x003f,0xffff,0xffe0,0x0000,0x0000,0x000f,0xffff,0xc000,0x007f,0xff00,0x0000,0x0000,0x0000,0x0000,0x0000,0x0000,0x0000,0x0000,0x0000,0x0000,0x0000,
  0x0000,0x1fff,0xfc00,0x003f,0xffff,0xfff0,0x0000,0x0000,0x001f,0xffff,0x8000,0x007f,0xfc00,0x0000,0x0000,0x0000,0x0000,0x0000,0x0000,0x0000,0x0000,0x0000,0x0000,0x0000,
  0x0000,0x3fff,0xfe00,0x001f,0xffff,0xfff8,0x0000,0x0000,0x003f,0xffff,0x0000,0x00ff,0xf800,0x0000,0x0000,0x0000,0x000f,0xf000,0x0000,0x0000,0x0000,0x0000,0x0000,0x0000,
  0x0000,0x3fff,0xfe00,0x001f,0xffff,0xfffc,0x0001,0xff00,0x00ff,0xffff,0x0000,0x00ff,0xf000,0x0000,0x0000,0x0000,0x007f,0xfe00,0x0000,0x0000,0x0000,0x0000,0x0000,0x0000,
  0x0000,0x3fff,0xfe00,0x000f,0xffff,0xffff,0x800f,0xffc0,0x01ff,0xfffe,0x0000,0x00ff,0xe000,0x0000,0x0000,0x0000,0x00ff,0xff00,0x0000,0x0000,0x0000,0x0000,0x0000,0x0000,
  0x0000,0x3fff,0xfe00,0x0007,0xffff,0xffff,0xffff,0xfffe,0x1fff,0xfffc,0x0000,0x01ff,0xc000,0x0000,0x0000,0x0000,0x01ff,0xff80,0x0000,0x0000,0x0000,0x0000,0x0000,0x0000,
  0x0000,0x7fff,0xfe00,0x0003,0xffff,0xffff,0xffff,0xffff,0xffff,0xfff8,0x0000,0x01ff,0x8000,0x0000,0x0000,0x0000,0x03ff,0xffc0,0x0000,0x0000,0x0000,0x0000,0x0000,0x0000,
  0x0000,0x7fff,0xff00,0x0001,0xffff,0xf83f,0xffff,0xffff,0xff80,0x07e0,0x0000,0x03ff,0x0000,0x0000,0x0000,0x0000,0x07ff,0xffe0,0x0000,0x0000,0x0000,0x0000,0x0000,0x0000,
  0x0000,0x7fff,0xff00,0x0000,0xffff,0x0007,0xffff,0xffff,0xfe00,0x0000,0x0000,0x03ff,0x0000,0x0000,0x0000,0x0000,0x0fff,0xfff0,0x0000,0x0000,0x0000,0x0000,0x0000,0x0000,
  0x0000,0x3fff,0xff00,0x0000,0x3ffc,0x0001,0xffff,0xffff,0xfc00,0x0000,0x0000,0x07fe,0x0000,0x0000,0x0000,0x0000,0x0fff,0xfff0,0x0000,0x0000,0x0000,0x0000,0x0000,0x0000,
  0x0000,0x3fff,0xff00,0x0000,0x03c0,0x0000,0x7fff,0xffff,0xf800,0x0000,0x0000,0x0ffe,0x0000,0x0000,0x0000,0x0000,0x1fff,0xfff8,0x0000,0x0000,0x0000,0x0000,0x0000,0x0000,
  0x0000,0x3fff,0xff00,0x0000,0x0000,0x0000,0x3fff,0xffff,0xf000,0x0000,0x0000,0x3ffe,0x0000,0x0000,0x0000,0x0000,0x1fff,0xfff8,0x0000,0x0000,0x0000,0x0000,0x0000,0x0000,
  0x0000,0x1fff,0xff80,0x0000,0x0000,0x0000,0x1fff,0xffff,0xe000,0x0000,0x0000,0x7ffe,0x0000,0x0000,0x0000,0x0000,0x1fff,0xfffc,0x0000,0x0000,0x0000,0x0000,0x0000,0x0000,
  0x0000,0x1fff,0xff80,0x0000,0x0000,0x0000,0x0fff,0xffff,0xc000,0x0000,0x0001,0xfffe,0x0000,0x0000,0x0000,0x0000,0x3fff,0xfffc,0x0000,0x0000,0x0000,0x0000,0x0000,0x0000,
  0x0000,0x0fff,0xffc0,0x0000,0x0000,0x0000,0x0fff,0xffff,0xc000,0x0000,0x0007,0xfffe,0x0000,0x0000,0x0000,0x0000,0x3fff,0xfffc,0x0000,0x0000,0x0000,0x0000,0x0000,0x0000,
  0x0000,0x07ff,0xffc0,0x0000,0x0000,0x0000,0x07ff,0xffff,0x8000,0x0000,0x001f,0xfffe,0x0000,0x0000,0x0000,0x0000,0x3fff,0xfffc,0x0000,0x0000,0x0000,0x0000,0x0000,0x0000,
  0x0000,0x01ff,0xffe0,0x0000,0x0000,0x0000,0x07ff,0xffff,0x8000,0x0000,0x00ff,0xfffe,0x0000,0x0000,0x0000,0x0000,0x3fff,0xfffc,0x0000,0x0000,0x0000,0x0000,0x0000,0x0000,
  0x0000,0x007f,0xfff0,0x0000,0x0000,0x0000,0x03ff,0xffff,0x0000,0x0000,0x03ff,0xfffe,0x0000,0x0000,0x0000,0x0000,0x3fff,0xfffc,0x0000,0x0000,0x0000,0x0000,0x0000,0x0000,
  0x0000,0x0000,0x3ff8,0x0000,0x0000,0x0000,0x03ff,0xffff,0x0000,0x0000,0x07ff,0xfffe,0x0000,0x0000,0x0000,0x0000,0x1fff,0xfffc,0x0000,0x0000,0x0000,0x0000,0x0000,0x0000,
  0x0000,0x0000,0x03fe,0x0000,0x0000,0x0000,0x01ff,0xffff,0x0000,0x0000,0x0fff,0xfffe,0x0000,0x0000,0x0000,0x0000,0x1fff,0xfffc,0x0000,0x0000,0x0000,0x0000,0x0000,0x0000,
  0x0000,0x0000,0x01ff,0xfbf0,0x0000,0x0000,0x01ff,0xfffe,0x0000,0x0000,0x1fff,0xfffe,0x0000,0x0000,0x0000,0x0000,0x1fff,0xfffc,0x0000,0x0000,0x0000,0x0000,0x0000,0x0000,
  0x0000,0x0000,0x007f,0xfffe,0x0000,0x0000,0x00ff,0xfffe,0x0000,0x0000,0x3fff,0xffff,0x0000,0x0000,0x0000,0x0000,0x1fff,0xfffc,0x0000,0x0000,0x0000,0x0000,0x0000,0x0000,
  0x0000,0x0000,0x003f,0xffff,0x8000,0x0000,0x00ff,0xfffc,0x0000,0x0000,0x7fff,0xffff,0x0000,0x0000,0x0000,0x0000,0x1fff,0xfffe,0x0000,0x007e,0x0000,0x0000,0x0000,0x0000,
  0x0000,0x0000,0x003f,0xffff,0xc000,0x0000,0x007f,0xfffc,0x0000,0x0000,0xffff,0xffff,0x0000,0x0000,0x0000,0x0000,0x0fff,0xfffe,0x0000,0x00ff,0x8000,0x0000,0x0000,0x0000,
  0x0000,0x0000,0x001f,0xffff,0xe000,0x0000,0x003f,0xfff8,0x0000,0x0000,0xffff,0xffff,0x8000,0x0000,0x0000,0x0000,0x0fff,0xfffe,0x0000,0x01ff,0xc000,0x0000,0x0000,0x0000,
  0x0000,0x0000,0x001f,0xffff,0xf000,0x0000,0x001f,0xfff0,0x0000,0x0001,0xffff,0xffff,0x8000,0x0000,0x0000,0x0000,0x0fff,0xfffe,0x0000,0x03ff,0xc000,0x0000,0x0000,0x0000,
  0x0000,0x0000,0x000f,0xffff,0xf800,0x0000,0x000f,0xffc0,0x0000,0x0001,0xffff,0xffff,0xc000,0x0000,0x0000,0x0000,0x0fff,0xffff,0x0000,0x03ff,0xe000,0x0000,0x0000,0x0000,
  0x0000,0x0000,0x000f,0xffff,0xf800,0x0000,0x0003,0xff80,0x0000,0x0003,0xffff,0xffff,0xc000,0x0000,0x0000,0x0000,0x0fff,0xffff,0x0000,0x03ff,0xe000,0x0000,0x0000,0x0000,
  0x0000,0x0000,0x000f,0xffff,0xfc00,0x0000,0x0000,0x3800,0x0000,0x0003,0xffff,0xffff,0xc000,0x0000,0x0000,0x0000,0x0fff,0xffff,0x8000,0x03ff,0xe000,0x0000,0x0000,0x0000,
  0x0000,0x0000,0x000f,0xffff,0xfc00,0x0000,0x0000,0x0000,0x0000,0x0003,0xffff,0xffff,0xe000,0x0000,0x0000,0x0000,0x0fff,0xffff,0x8000,0x03ff,0xe000,0x0000,0x0000,0x0000,
  0x0000,0x0000,0x000f,0xffff,0xfc00,0x0000,0x0000,0x0000,0x0000,0x0003,0xffff,0xffff,0xe000,0x0000,0x0000,0x0000,0x0ffc,0x07ff,0xc000,0x03ff,0xe000,0x0000,0x0000,0x0000,
  0x0000,0x0000,0x0007,0xffff,0xfc00,0x0000,0x0000,0x0000,0x0000,0x0007,0xffff,0xffff,0xe000,0x0000,0x0000,0x0000,0x0ff0,0x00ff,0xc000,0x01ff,0xc000,0x0000,0x0000,0x0000,
  0x0000,0x0000,0x0007,0xffff,0xfe00,0x0000,0x0000,0x0000,0x0000,0x0007,0xffff,0xffff,0xe000,0x0000,0x0000,0x0000,0x1fc0,0x003f,0xe000,0x01ff,0x8000,0x0000,0x0000,0x0000,
  0x0000,0x0000,0x000f,0xffff,0xfe00,0x0000,0x0000,0x0000,0x0000,0x0007,0xffff,0xffff,0xe000,0x0000,0x0000,0x0000,0x1f80,0x000f,0xf000,0x01ff,0x0000,0x0000,0x0000,0x0000,
  0x0000,0x0000,0x000f,0xffff,0xfc00,0x0000,0x0000,0x0000,0x0000,0x0007,0xffff,0xffff,0xe000,0x0000,0x0000,0x0000,0x3f00,0x0007,0xf800,0x01ff,0x0000,0x0000,0x0000,0x0000,
  0x0000,0x0000,0x000f,0xffff,0xfc00,0x0000,0x0000,0x0000,0x0000,0x0007,0xffff,0xffff,0xe000,0x0000,0x0000,0x0000,0x3e00,0x0003,0xfc00,0x01fe,0x0000,0x0000,0x0000,0x0000,
  0x0000,0x0000,0x001f,0xffff,0xfc00,0x0000,0x0000,0x0000,0x0000,0x0007,0xffff,0xffff,0xe000,0x0000,0x0000,0x0000,0x7c00,0x0001,0xfe00,0x01fc,0x0000,0x0000,0x0000,0x0000,
  0x0000,0x0000,0x001f,0xffff,0xfc00,0x0000,0x0000,0x0000,0x0000,0x0003,0xffff,0xffff,0xe000,0x0000,0x0000,0x0000,0xfc00,0x0000,0xff80,0x03fc,0x0000,0x0000,0x0000,0x0000,
  0x0000,0x0000,0x003f,0xffff,0xf800,0x0000,0x0000,0x0000,0x0000,0x0003,0xffff,0xffff,0xe000,0x0000,0x0000,0x0001,0xf800,0x0000,0x7fe0,0x03fc,0x0000,0x0000,0x0000,0x0000,
  0x0000,0x0000,0x003f,0xffff,0xf800,0x0000,0x0000,0x0000,0x0000,0x0003,0xffff,0xffff,0xf000,0x0000,0x0000,0x0003,0xf800,0x0000,0x3ff8,0x07fc,0x0000,0x0000,0x0000,0x0000,
  0x0000,0x0000,0x007f,0xffff,0xf000,0x0000,0x0000,0x0000,0x0000,0x0001,0xffff,0xffff,0xf000,0x0000,0x0000,0x000f,0xf000,0x0000,0x3fff,0x8ffe,0x0000,0x0000,0x0000,0x0000,
  0x0000,0x0000,0x00ff,0xffff,0xe000,0x0000,0x0000,0x0000,0x0000,0x0001,0xffff,0xffff,0xf000,0x0000,0x0000,0x003f,0xf000,0x0000,0x1fff,0xfffe,0x0000,0x0000,0x0000,0x0000,
  0x0000,0x0000,0x00ff,0xffff,0xe000,0x0000,0x0000,0x0000,0x0000,0x0001,0xffff,0xffff,0xf800,0x0000,0x0000,0x01ff,0xf000,0x1f80,0x0fff,0xffff,0x0000,0x0000,0x0000,0x0000,
  0x0000,0x0000,0x01ff,0xffff,0x8000,0x0000,0x0000,0x0000,0x0000,0x0000,0xffff,0xffff,0xf800,0x0000,0x0000,0x07ff,0xf000,0x7fe0,0x0fff,0xffff,0x0000,0x0000,0x0000,0x0000,
  0x0000,0x0000,0x03ff,0xffff,0x0000,0x0000,0x0000,0x0000,0x0000,0x0000,0x7fff,0xffff,0xfc00,0x0000,0x0000,0x0fff,0xf000,0xfff0,0x0fff,0xffff,0x8000,0x0000,0x0000,0x0000,
  0x0000,0x0000,0x07ff,0x07fc,0x0000,0x0000,0x0000,0x0000,0x0000,0x0000,0x7fff,0xffff,0xfc00,0x0000,0x0000,0x1fff,0xf001,0xfff8,0x07ff,0xffff,0xc000,0x0000,0x0000,0x0000,
  0x0000,0x0000,0x1ff0,0x0000,0x0000,0x0000,0x0000,0x0000,0x0000,0x0000,0x3fff,0xffff,0xfe00,0x0000,0x0000,0x3fff,0xf001,0xfff8,0x07ff,0xffff,0xe000,0x0000,0x0000,0x0000,
  0x0000,0x0000,0x3f80,0x0000,0x0000,0x0000,0x0000,0x0000,0x0000,0x0000,0x1fff,0xffff,0xff80,0x0000,0x0000,0x7fff,0xf003,0xfffc,0x07ff,0xffff,0xf000,0x0000,0x0000,0x0000,
  0x0000,0x0000,0x7e00,0x0000,0x0000,0x0000,0x0000,0x0000,0x0000,0x0000,0x0fff,0xffff,0xffe0,0x0000,0x0000,0x7fff,0xf003,0xfffc,0x07ff,0xffff,0xf000,0x0000,0x0000,0x0000,
  0x0000,0x0001,0xf800,0x0000,0x0000,0x0000,0x0000,0x0000,0x0000,0x0000,0x03ff,0xffff,0xffff,0xf000,0x0000,0xffff,0xf003,0xfffc,0x03ff,0xffff,0xf800,0x0000,0x0000,0x0000,
  0x0000,0x0003,0xf000,0x0000,0x0000,0x0000,0x0000,0x0000,0x0000,0x0000,0x00ff,0xffff,0xffff,0xfe00,0x0001,0xffff,0xf803,0xfffc,0x03ff,0xffff,0xfc00,0x0000,0x0000,0x0000,
  0x0000,0x000f,0xc000,0x0000,0x0000,0x0000,0x0000,0x0000,0x0000,0x0000,0x003f,0xffff,0xffff,0xff80,0x0003,0xffff,0xf803,0xfffc,0x03ff,0xffff,0xfc00,0x0000,0x0000,0x0000,
  0x0000,0x003f,0x8000,0x0000,0x0000,0x0000,0x0000,0x0000,0x0000,0x0000,0x0001,0x800f,0xffff,0xffe0,0x0007,0xffff,0xf803,0xfffc,0x03ff,0xffff,0xfc00,0x0000,0x0000,0x0000,
  0x0000,0x00fe,0x0000,0x0000,0x0000,0x0000,0x0000,0x0000,0x0000,0x0000,0x0000,0x0003,0xffff,0xfff8,0x001f,0xffff,0xf803,0xfff8,0x03ff,0xffff,0xfe00,0x0000,0x0000,0x0000,
  0x0000,0xfffc,0x0000,0x0000,0x0000,0x0000,0x0000,0x0000,0x0000,0x0000,0x0000,0x0000,0xffff,0xfffe,0x007f,0xffff,0xf801,0xfff8,0x03ff,0xffff,0xfe00,0x0000,0x0000,0x0000,
  0x0003,0xfff8,0x0000,0x0000,0x0000,0x0000,0x0000,0x0000,0x0000,0x0000,0x0000,0x0000,0x7fff,0xffff,0xffff,0xffff,0xf000,0xfff8,0x03ff,0xffff,0xfe00,0x0000,0x0000,0x0000,
  0x0007,0xfff0,0x0000,0x0000,0x0000,0x0000,0x0000,0x0000,0x0000,0x0000,0x0000,0x0000,0x3fff,0xffff,0xffff,0xffff,0xf000,0x7ff0,0x03ff,0xffff,0xfe00,0x0000,0x0000,0x0000,
  0x000f,0xffe0,0x0000,0x0000,0x0000,0x0000,0x0000,0x0000,0x0000,0x0000,0x0000,0x0000,0x3fff,0xffff,0xffff,0xffff,0xe000,0x7ff0,0x03ff,0xffff,0xfe00,0x0000,0x0000,0x0000,
  0x001f,0xffc0,0x0000,0x0000,0x0000,0x0000,0x0000,0x0000,0x0000,0x0000,0x0000,0x0000,0x1fff,0xffff,0xffff,0xffff,0xe000,0x3ff0,0x03ff,0xffff,0xfe00,0x0000,0x0000,0x0000,
  0x001f,0xffc0,0x0000,0x0000,0x0000,0x0000,0x0000,0x0000,0x0000,0x0000,0x0000,0x0000,0x1fff,0xffff,0xfe00,0x7fff,0xc000,0x1ff0,0x03ff,0xffff,0xfe00,0x0000,0x0000,0x0000,
  0x001f,0xff80,0x0000,0x0000,0x0000,0x0000,0x0000,0x0000,0x0000,0x0000,0x0000,0x0000,0x0fff,0xffff,0xf800,0x1fff,0x8000,0x1ff0,0x03ff,0xffff,0xfe00,0x0000,0x0000,0x0000,
  0x001f,0xff00,0x0000,0x0000,0x0000,0x0000,0x0000,0x0000,0x0000,0x0000,0x0000,0x0000,0x0fff,0xffff,0xf000,0x07fe,0x0000,0x0ff0,0x03ff,0xffff,0xfe00,0x0000,0x0000,0x0000,
  0x001f,0xff00,0x0000,0x0000,0x0000,0x0000,0x0000,0x0000,0x0000,0x0000,0x0000,0x0000,0x0fff,0xffff,0xc000,0x00f8,0x0000,0x0fe0,0x03ff,0xffff,0xfe00,0x0000,0x0000,0x0000,
  0x001f,0xff00,0x0000,0x0000,0x0000,0x0000,0x0000,0x0000,0x0000,0x0000,0x0000,0x0000,0x0fff,0xffff,0x8000,0x0000,0x0000,0x0fe0,0x01ff,0xffff,0xfc00,0x0000,0x0000,0x0000,
  0x000f,0xfe00,0x0000,0x0000,0x0000,0x0000,0x0000,0x0000,0x0000,0x0000,0x0000,0x0000,0x07ff,0xffff,0x8000,0x0000,0x0000,0x07e0,0x01ff,0xffff,0xfc00,0x0000,0x0000,0x0000,
  0x000f,0xfe00,0x0000,0x0000,0x0000,0x0000,0x0000,0x0000,0x0000,0x0000,0x0000,0x0000,0x07ff,0xffff,0x0000,0x0000,0x0000,0x07e0,0x00ff,0xffff,0xfc00,0x0000,0x0000,0x0000,
  0x0003,0xf800,0x0000,0x0000,0x0000,0x0000,0x0000,0x0000,0x0000,0x0000,0x0000,0x0000,0x07ff,0xfffe,0x0000,0x0000,0x0000,0x07e0,0x00ff,0xffff,0xf800,0x0000,0x0000,0x0000,
  0x0001,0xf000,0x0000,0x0000,0x0000,0x0000,0x0000,0x0000,0x0000,0x0000,0x0000,0x0000,0x07ff,0xfffc,0x0000,0x0000,0x0000,0x03f0,0x007f,0xffff,0xf000,0x0000,0x0000,0x0000,
  0x0000,0x0000,0x0000,0x0000,0x0000,0x0000,0x0000,0x0000,0x0000,0x0000,0x0000,0x0000,0x03ff,0xfffc,0x0000,0x0000,0x0000,0x03f0,0x003f,0xffff,0xf000,0x0000,0x0000,0x0000,
  0x0000,0x0000,0x0000,0x0000,0x0000,0x0000,0x0000,0x0000,0x0000,0x0000,0x0000,0x0000,0x03ff,0xfff8,0x0000,0x0000,0x0000,0x03f0,0x003f,0xffff,0xe000,0x0000,0x0000,0x0000,
  0x0000,0x0000,0x0000,0x0000,0x0000,0x0000,0x0000,0x0000,0x0000,0x0000,0x0000,0x0000,0x01ff,0xfff8,0x0000,0x0000,0x0000,0x03f0,0x001f,0xffff,0xc000,0x0000,0x0000,0x0000,
  0x0000,0x0000,0x0000,0x0000,0x0000,0x0000,0x0000,0x0000,0x0000,0x0000,0x0000,0x0000,0x00ff,0xfff0,0x0000,0x0000,0x0000,0x01f0,0x0007,0xffff,0x8000,0x0000,0x0000,0x0000,
  0x0000,0x0000,0x0000,0x0000,0x0000,0x0000,0x0000,0x0000,0x0000,0x0000,0x0000,0x0000,0x007f,0xffe0,0x0000,0x0000,0x0000,0x01f0,0x0003,0xffff,0x0000,0x0000,0x0000,0x0000,
  0x0000,0x0000,0x0000,0x0000,0x0000,0x0000,0x0000,0x0000,0x0000,0x0000,0x0000,0x0000,0x003f,0xffc0,0x0000,0x0000,0x0000,0x01f0,0x0000,0xffff,0x0000,0x0000,0x0000,0x0000,
  0x0000,0x0000,0x0000,0x0000,0x0000,0x0000,0x0000,0x0000,0x0000,0x0000,0x0000,0x0000,0x000f,0xff00,0x0000,0x0000,0x0000,0x01f0,0x0000,0x3ffe,0x0000,0x0000,0x0000,0x0000,
  0x0000,0x0000,0x0000,0x0000,0x0000,0x0000,0x0000,0x0000,0x0000,0x0000,0x0000,0x0000,0x0003,0xf800,0x0000,0x0000,0x0000,0x01f8,0x0000,0x1ffe,0x0000,0x0000,0x0000,0x0000,
  0x0000,0x0000,0x0000,0x0000,0x0000,0x0000,0x0000,0x0000,0x0000,0x0000,0x0000,0x0000,0x0000,0x0000,0x0000,0x0000,0x0000,0x01f8,0x0000,0x0ffc,0x0000,0x0000,0x0000,0x0000,
  0x0000,0x0000,0x0000,0x0000,0x0000,0x0000,0x0000,0x0000,0x0000,0x0000,0x0000,0x0000,0x0000,0x0000,0x0000,0x0000,0x0000,0x01f8,0x0000,0x07fc,0x0000,0x0000,0x0000,0x0000,
  0x0000,0x0000,0x0000,0x0000,0x0000,0x0000,0x0000,0x0000,0x0000,0x0000,0x0000,0x0000,0x0000,0x0000,0x0000,0x0000,0x0000,0x00f8,0x0000,0x03fc,0x0000,0x0000,0x0000,0x0000,
  0x0000,0x0000,0x0000,0x0000,0x0000,0x0000,0x0000,0x0000,0x0000,0x0000,0x0000,0x0000,0x0000,0x0000,0x0000,0x0000,0x0000,0x00fc,0x0000,0x03fc,0x0000,0x0000,0x0000,0x0000,
  0x0000,0x0000,0x0000,0x0000,0x0000,0x0000,0x0000,0x0000,0x0000,0x0000,0x0000,0x0000,0x0000,0x0000,0x0000,0x0000,0x0000,0x00fc,0x0000,0x01fc,0x0000,0x0000,0x0000,0x0000,
  0x0000,0x0000,0x0000,0x0000,0x0000,0x0000,0x0000,0x0000,0x0000,0x0000,0x0000,0x0000,0x0000,0x0000,0x0000,0x0000,0x0000,0x00fc,0x0000,0x01fc,0x0000,0x0000,0x0000,0x0000,
  0x0000,0x0000,0x0000,0x0000,0x0000,0x0000,0x0000,0x0000,0x0000,0x0000,0x0000,0x0000,0x0000,0x0000,0x0000,0x0000,0x0000,0x00fe,0x0000,0x01fe,0x0000,0x0000,0x0000,0x0000,
  0x0000,0x0000,0x0000,0x0000,0x0000,0x0000,0x0000,0x0000,0x0000,0x0000,0x0000,0x0000,0x0000,0x0000,0x0000,0x0000,0x0000,0x00fe,0x0000,0x01fe,0x0000,0x0000,0x0000,0x0000,
  0x0000,0x0000,0x0000,0x0000,0x0000,0x0000,0x0000,0x0000,0x0000,0x0000,0x0000,0x0000,0x0000,0x0000,0x0000,0x0000,0x0000,0x00fe,0x0000,0x01ff,0x0000,0x0000,0x0000,0x0000,
  0x0000,0x0000,0x0000,0x0000,0x0000,0x0000,0x0000,0x0000,0x0000,0x0000,0x0000,0x0000,0x0000,0x0000,0x0000,0x0000,0x0000,0x00ff,0x0000,0x01ff,0x8000,0x0000,0x0000,0x0000,
  0x0000,0x0000,0x0000,0x0000,0x0000,0x0000,0x0000,0x0000,0x0000,0x0000,0x0000,0x0000,0x0000,0x0000,0x0000,0x0000,0x0000,0x01ff,0x0000,0x03ff,0xc000,0x0000,0x0000,0x0000,
  0x0000,0x0000,0x0000,0x0000,0x0000,0x0000,0x0000,0x0000,0x0000,0x0000,0x0000,0x0000,0x0000,0x0000,0x0000,0x0000,0x0000,0x01ff,0x8000,0x03ff,0xe000,0x0000,0x0000,0x0000,
  0x0000,0x0000,0x0000,0x0000,0x0000,0x0000,0x0000,0x0000,0x0000,0x0000,0x0000,0x0000,0x0000,0x0000,0x0000,0x0000,0x0000,0x01ff,0x8000,0x07ff,0xe000,0x0000,0x0000,0x0000,
  0x0000,0x0000,0x0000,0x0000,0x0000,0x0000,0x0000,0x0000,0x0000,0x0000,0x0000,0x0000,0x0000,0x0000,0x0000,0x0000,0x0000,0x01ff,0xc000,0x07ff,0xf000,0x0000,0x0000,0x0000,
  0x0000,0x0000,0x0000,0x0000,0x0000,0x0000,0x0000,0x0000,0x0000,0x0000,0x0000,0x0000,0x0000,0x0000,0x0000,0x0000,0x0000,0x01ff,0xe000,0x0fff,0xf000,0x0000,0x0000,0x0000,
  0x0000,0x0000,0x0000,0x0000,0x0000,0x0000,0x0000,0x0000,0x0000,0x0000,0x0000,0x0000,0x0000,0x0000,0x0000,0x0000,0x0000,0x01ff,0xe000,0x1fff,0xf000,0x0000,0x0000,0x0000,
  0x0000,0x0000,0x0000,0x0000,0x0000,0x0000,0x0000,0x0000,0x0000,0x0000,0x0000,0x0000,0x0000,0x0000,0x0000,0x0000,0x0000,0x03ff,0xf000,0x3fff,0xf000,0x0000,0x0000,0x0000,
  0x0000,0x0000,0x0000,0x0000,0x0000,0x0000,0x0000,0x0000,0x0000,0x0000,0x0000,0x0000,0x0000,0x0000,0x0000,0x0000,0x0000,0x03ff,0xfc00,0xffff,0xf000,0x0000,0x0000,0x0000,
  0x0000,0x0000,0x0000,0x0000,0x0000,0x0000,0x0000,0x0000,0x0000,0x0000,0x0000,0x0000,0x0000,0x0000,0x0000,0x0000,0x0000,0x07ff,0xffc7,0xffff,0xe000,0x0000,0x0000,0x0000,
  0x0000,0x0000,0x0000,0x0000,0x0000,0x0000,0x0000,0x0000,0x0000,0x0000,0x0000,0x0000,0x0000,0x0000,0x0000,0x0000,0x0000,0x07ff,0xffff,0xffff,0xe000,0x0000,0x0000,0x0000,
  0x0000,0x0000,0x0000,0x0000,0x0000,0x0000,0x0000,0x0000,0x0000,0x0000,0x0000,0x0000,0x0000,0x0000,0x0000,0x0000,0x0000,0x07ff,0xffff,0xffff,0xc000,0x0000,0x0000,0x0000,
  0x0000,0x0000,0x0000,0x0000,0x0000,0x0000,0x0000,0x0000,0x0000,0x0000,0x0000,0x0000,0x0000,0x0000,0x0000,0x0000,0x0000,0x0fff,0xfffe,0x01ff,0x8000,0x0000,0x0000,0x0000,
  0x0000,0x0000,0x0000,0x0000,0x0000,0x0000,0x0000,0x0000,0x0000,0x0000,0x0000,0x0000,0x0000,0x0000,0x0000,0x0000,0x0000,0x0fff,0xfff8,0x003e,0x0000,0x0000,0x0000,0x0000,
  0x0000,0x0000,0x0000,0x0000,0x0000,0x0000,0x0000,0x0000,0x0000,0x0000,0x0000,0x0000,0x0000,0x0000,0x0000,0x0000,0x0000,0x0fff,0xfff0,0x0000,0x0000,0x0000,0x0000,0x0000,
  0x0000,0x0000,0x0000,0x0000,0x0000,0x0000,0x0000,0x0000,0x0000,0x0000,0x0000,0x0000,0x0000,0x0000,0x0000,0x0000,0x0000,0x1fff,0xffe0,0x0000,0x0000,0x0000,0x0000,0x0000,
  0x0000,0x0000,0x0000,0x0000,0x0000,0x0000,0x0000,0x0000,0x0000,0x0000,0x0000,0x0000,0x0000,0x0000,0x0000,0x0000,0x0000,0x1fff,0xffc0,0x0000,0x0000,0x0000,0x0000,0x0000,
  0x0000,0x0000,0x0000,0x0000,0x0000,0x0000,0x0000,0x0000,0x0000,0x0000,0x0000,0x0000,0x0000,0x0000,0x0000,0x0000,0x0000,0x0fff,0xff80,0x0000,0x0000,0x0000,0x0000,0x0000,
  0x0000,0x0000,0x0000,0x0000,0x0000,0x0000,0x0000,0x0000,0x0000,0x0000,0x0000,0x0000,0x0000,0x0000,0x0000,0x0000,0x0000,0x0fff,0xff80,0x0000,0x0000,0x0000,0x0000,0x0000,
  0x0000,0x0000,0x0000,0x0000,0x0000,0x0000,0x0000,0x0000,0x0000,0x0000,0x0000,0x0000,0x0000,0x0000,0x0000,0x0000,0x0000,0x0fff,0xff00,0x0000,0x0000,0x0000,0x0000,0x0000,
  0x0000,0x0000,0x0000,0x0000,0x0000,0x0000,0x0000,0x0000,0x0000,0x0000,0x0000,0x0000,0x0000,0x0000,0x0000,0x0000,0x0000,0x0fff,0xff00,0x0000,0x0000,0x0000,0x0000,0x0000,
  0x0000,0x0000,0x0000,0x0000,0x0000,0x0000,0x0000,0x0000,0x0000,0x0000,0x0000,0x0000,0x0000,0x0000,0x0000,0x0000,0x0000,0x07ff,0xfe00,0x0000,0x0000,0x0000,0x0000,0x0000,
  0x0000,0x0000,0x0000,0x0000,0x0000,0x0000,0x0000,0x0000,0x0000,0x0000,0x0000,0x0000,0x0000,0x0000,0x0000,0x0000,0x0000,0x07ff,0xfe00,0x0000,0x0000,0x0000,0x0000,0x0000,
  0x0000,0x0000,0x0000,0x0000,0x0000,0x0000,0x0000,0x0000,0x0000,0x0000,0x0000,0x0000,0x0000,0x0000,0x0000,0x0000,0x0000,0x03ff,0xfc00,0x0000,0x0000,0x0000,0x0000,0x0000,
  0x0000,0x0000,0x0000,0x0000,0x0000,0x0000,0x0000,0x0000,0x0000,0x0000,0x0000,0x0000,0x0000,0x0000,0x0000,0x0000,0x0000,0x01ff,0xf800,0x0000,0x0000,0x0000,0x0000,0x0000,
  0x0000,0x0000,0x0000,0x0000,0x0000,0x0000,0x0000,0x0000,0x0000,0x0000,0x0000,0x0000,0x0000,0x0000,0x0000,0x0000,0x0000,0x007f,0xe000,0x0000,0x0000,0x0000,0x0000,0x0000,
  0x0000,0x0000,0x0000,0x0000,0x0000,0x0000,0x0000,0x0000,0x0000,0x0000,0x0000,0x0000,0x0000,0x0000,0x0000,0x0000,0x0000,0x001f,0x8000,0x0000,0x0000,0x0000,0x0000,0x0000,
  0x0000,0x0000,0x0000,0x0000,0x0000,0x0000,0x0000,0x0000,0x0000,0x0000,0x0000,0x0000,0x0000,0x0000,0x0000,0x0000,0x0000,0x0000,0x0000,0x0000,0x0000,0x0000,0x0000,0x0000,
  0x0000,0x0000,0x0000,0x0000,0x0000,0x0000,0x0000,0x0000,0x0000,0x0000,0x0000,0x0000,0x0000,0x0000,0x0000,0x0000,0x0000,0x0000,0x0000,0x0000,0x0000,0x0000,0x0000,0x0000,
  0x0000,0x0000,0x0000,0x0000,0x0000,0x0000,0x0000,0x0000,0x0000,0x0000,0x0000,0x0000,0x0000,0x0000,0x0000,0x0000,0x0000,0x0000,0x0000,0x0000,0x0000,0x0000,0x0000,0x0000,
  0x0000,0x0000,0x0000,0x0000,0x0000,0x0000,0x0000,0x0000,0x0000,0x0000,0x0000,0x0000,0x0000,0x0000,0x0000,0x0000,0x0000,0x0000,0x0000,0x0000,0x0000,0x0000,0x0000,0x0000,
  0x0000,0x0000,0x0000,0x0000,0x0000,0x0000,0x0000,0x0000,0x0000,0x0000,0x0000,0x0000,0x0000,0x0000,0x0000,0x0000,0x0000,0x0000,0x0000,0x0000,0x0000,0x0000,0x0000,0x0000,
  0x0000,0x0000,0x0000,0x0000,0x0000,0x0000,0x0000,0x0000,0x0000,0x0000,0x0000,0x0000,0x0000,0x0000,0x0000,0x0000,0x0000,0x0000,0x0000,0x0000,0x0000,0x0000,0x0000,0x0000,
  0x0000,0x0000,0x0000,0x0000,0x0000,0x0000,0x0000,0x0000,0x0000,0x0000,0x0000,0x0000,0x0000,0x0000,0x0000,0x0000,0x0000,0x0000,0x0000,0x0000,0x0000,0x0000,0x0000,0x0000,
  0x0000,0x0000,0x0000,0x0000,0x0000,0x0000,0x0000,0x0000,0x0000,0x0000,0x0000,0x0000,0x0000,0x0000,0x0000,0x0000,0x0000,0x0000,0x0000,0x0000,0x0000,0x0000,0x0000,0x0000,
  0x0000,0x0000,0x0000,0x0000,0x0000,0x0000,0x0000,0x0000,0x0000,0x0000,0x0000,0x0000,0x0000,0x0000,0x0000,0x0000,0x0000,0x0000,0x0000,0x0000,0x0000,0x0000,0x0000,0x1f00,
  0x0000,0x0000,0x0000,0x0000,0x0000,0x0000,0x0000,0x0000,0x0000,0x0000,0x0000,0x0000,0x0000,0x0000,0x0000,0x0000,0x0000,0x0000,0x0000,0x0000,0x0000,0x0000,0x0000,0xffe0,
  0x0000,0x0000,0x0000,0x0000,0x0000,0x0000,0x0000,0x0000,0x0000,0x0000,0x0000,0x0000,0x0000,0x0000,0x0000,0x0000,0x0000,0x0000,0x0000,0x0000,0x0000,0x0000,0x0003,0xfff8,
  0x0000,0x0000,0x0000,0x0000,0x0000,0x3800,0x0000,0x0000,0x0fe0,0x0000,0x0000,0x0000,0x0000,0x0000,0x0000,0x0000,0x0000,0x0000,0x0000,0x0000,0x0000,0x0000,0x000f,0xfffc,
  0x0000,0x0000,0x0000,0x0000,0x0003,0xff00,0x0000,0x0000,0x7ff8,0x0000,0x0000,0x0000,0x0000,0x0000,0x0000,0x0000,0x0000,0x0000,0x0000,0x0000,0x0000,0x0000,0x001f,0xffff,
  0x0000,0x0000,0x0000,0x0000,0x0007,0xffc0,0x0000,0x0000,0xfffe,0x0000,0x0000,0x0000,0x0000,0x0000,0x0000,0x0000,0x0000,0x0000,0x0000,0x0000,0x0000,0x0000,0x001f,0xffff,
  0x8000,0x0000,0x0000,0x0000,0x001f,0xffe0,0x0000,0x0001,0xffff,0x0000,0x0000,0x0000,0x0000,0x0000,0x0000,0x0000,0x0000,0x0000,0x0000,0x0000,0x0000,0x0000,0x003f,0xffff,
  0xc000,0x0000,0x0000,0x0000,0x003f,0xfff8,0x0000,0x0003,0xffff,0x8000,0x0000,0x0000,0x0000,0x0000,0x0000,0x0000,0x0000,0x0000,0x0000,0x0000,0x0000,0x0000,0x007f,0xffff,
  0xf000,0x0000,0x01c0,0x0000,0x007f,0xfffc,0x0000,0x000f,0xffff,0xc000,0x0000,0x0000,0x0000,0x0000,0x0000,0x0000,0x0000,0x0000,0x0000,0x0000,0x0000,0x0000,0x007f,0xffff,
  0xf800,0x0000,0x07f0,0x0000,0x00ff,0xfffe,0x0000,0x001f,0xffff,0xc000,0x0000,0x0000,0x0000,0x0000,0x0000,0x0000,0x0000,0x0000,0x0000,0x0000,0x0000,0x0000,0x00ff,0xffff,
  0xfe00,0x0000,0x1ffc,0x0000,0x01ff,0xffff,0x8000,0x007f,0xffff,0xe000,0x0000,0x0000,0x0000,0x0000,0x0000,0x0000,0x0000,0x0000,0x0000,0x0000,0x0000,0x0000,0x00ff,0xffff,
  0xffc0,0x0000,0x3ffe,0x0000,0x07ff,0xffff,0xe000,0x01ff,0xffff,0xe000,0x0000,0x0000,0x0000,0x0000,0x0000,0x0000,0x0000,0x0000,0x0000,0x0000,0x0000,0x0000,0x00ff,0xffff,
  0xfff8,0x0001,0xffff,0x8000,0x1fff,0xffff,0xfc00,0x0fff,0xffff,0xf000,0x0000,0x0000,0x0000,0x0000,0x0000,0x0000,0x0000,0x0000,0x0000,0x0000,0x0000,0x0000,0x00ff,0xffff,
  0xffff,0xffff,0xffff,0xf801,0xffff,0xffff,0xffff,0xffff,0xffff,0xf000,0x0000,0x0000,0x0000,0x0000,0x0000,0x0000,0x0000,0x0000,0x0000,0x0000,0x0000,0x0000,0x00ff,0xffff,
  0xffff,0xffff,0xffff,0xffff,0xffff,0xffff,0xffff,0xffff,0xffff,0xf000,0x0000,0x0000,0x0000,0x0000,0x0000,0x0000,0x0000,0x0000,0x0000,0x0000,0x0000,0x0000,0x00ff,0xffff,
  0xffff,0xffff,0xffff,0xffff,0xffff,0xffff,0xffff,0xffff,0xffff,0xf000,0x0000,0x0000,0x0000,0x0000,0x0000,0x0000,0x0000,0x0000,0x0000,0x0000,0x0000,0x0000,0x00ff,0xffff,
  0xffff,0xffff,0xffff,0xffff,0xffff,0xffff,0xffff,0xffff,0xffff,0xf000,0x0000,0x0000,0x0000,0x0000,0x0000,0x0000,0x0000,0x0000,0x0000,0x0000,0x0000,0x0000,0x00ff,0xffff,
  0xffe0,0x000f,0xffff,0xfc03,0xffff,0xffff,0xffff,0xffff,0xffff,0xf000,0x0000,0x0000,0x0000,0x0000,0x0000,0x0000,0x0000,0x0000,0x0000,0x0000,0x0000,0x0000,0x00ff,0xffff,
  0xff00,0x0000,0xffff,0xc000,0x3fff,0xffff,0xfe00,0x1fff,0xffff,0xf000,0x0000,0x0000,0x0000,0x0000,0x0000,0x0000,0x0000,0x0000,0x0000,0x0000,0x0000,0x0000,0x00ff,0xffff,
  0xf800,0x0000,0x3ffe,0x0000,0x07ff,0xffff,0xf000,0x01ff,0xffff,0xe000,0x0000,0x0000,0x0000,0x0000,0x0000,0x0000,0x0000,0x0000,0x0000,0x0000,0x0000,0x0000,0x007f,0xffff,
  0xe000,0x0000,0x1ffc,0x0000,0x01ff,0xffff,0x8000,0x007f,0xffff,0xe000,0x0000,0x0000,0x0000,0x0000,0x0000,0x0000,0x0000,0x0000,0x0000,0x0000,0x0000,0x0000,0x007f,0xffff,
  0xc000,0x0000,0x07f0,0x0000,0x00ff,0xfffe,0x0000,0x001f,0xffff,0xe000,0x0000,0x0000,0x0000,0x0000,0x0000,0x0000,0x0000,0x0000,0x0000,0x0000,0x0000,0x0000,0x003f,0xffff,
  0x8000,0x0000,0x01c0,0x0000,0x007f,0xfffc,0x0000,0x000f,0xffff,0xe000,0x0000,0x0000,0x0000,0x0000,0x0000,0x0000,0x0000,0x0000,0x0000,0x0000,0x0000,0x0000,0x003f,0xffff,
  0x0000,0x0000,0x0000,0x0000,0x003f,0xfff8,0x0000,0x0007,0xffff,0xe000,0x0000,0x0000,0x0000,0x0000,0x0000,0x0000,0x0000,0x0000,0x0000,0x0000,0x0000,0x0000,0x001f,0xffff,
  0x0000,0x0000,0x0000,0x0000,0x001f,0xfff0,0x0000,0x0001,0xffff,0xf000,0x0000,0x0000,0x0000,0x0000,0x0000,0x0000,0x0000,0x0000,0x0000,0x0000,0x0000,0x0000,0x000f,0xfffe,
  0x0000,0x0000,0x0000,0x0000,0x000f,0xffc0,0x0000,0x0000,0xffff,0xf000,0x0000,0x0000,0x0000,0x0000,0x0000,0x0000,0x0000,0x0000,0x0000,0x0000,0x0000,0x0000,0x0003,0xfff8,
  0x0000,0x0000,0x0000,0x0000,0x0003,0xff80,0x0000,0x0000,0x7fff,0xf000,0x0000,0x0000,0x0000,0x0000,0x0000,0x0000,0x0000,0x0000,0x0000,0x0000,0x0000,0x0000,0x0001,0xfff0,
  0x0000,0x0000,0x0000,0x0000,0x0000,0x7800,0x0000,0x0000,0x0fff,0xf000,0x0000,0x0000,0x0000,0x0000,0x0000,0x0000,0x0000,0x0000,0x0000,0x0000,0x0000,0x0000,0x0000,0x3f80,
  0x0000,0x0000,0x0000,0x0000,0x0000,0x0000,0x0000,0x0000,0x01ff,0xf000,0x0000,0x0000,0x0000,0x0000,0x0000,0x0000,0x0000,0x0000,0x0000,0x0000,0x0000,0x0000,0x0000,0x0000,
  0x0000,0x0000,0x0000,0x0000,0x0000,0x0000,0x0000,0x0000,0x007f,0xf800,0x0000,0x0000,0x0000,0x0000,0x0000,0x0000,0x0000,0x0000,0x0000,0x0000,0x0000,0x0000,0x0000,0x0000,
  0x0000,0x0000,0x0000,0x0000,0x0000,0x0000,0x0000,0x0000,0x001f,0xf800,0x0000,0x0000,0x0000,0x0000,0x0000,0x0000,0x0000,0x0000,0x0000,0x0000,0x0000,0x0000,0x0000,0x0000,
  0x0000,0x0000,0x0000,0x0000,0x0000,0x0000,0x0000,0x0000,0x0007,0xf800,0x0000,0x0000,0x0000,0x0000,0x0000,0x0000,0x0000,0x0000,0x0000,0x0000,0x0000,0x0000,0x0000,0x0000,
  0x0000,0x0000,0x0000,0x0000,0x0000,0x0000,0x0000,0x0000,0x0003,0xfc00,0x0000,0x0000,0x0000,0x0000,0x0000,0x0000,0x0000,0x0000,0x0000,0x0000,0x0000,0x0000,0x0000,0x0000,
  0x0000,0x0000,0x0000,0x0000,0x0000,0x0000,0x0000,0x0000,0x0001,0xfc00,0x0000,0x0000,0x0000,0x0000,0x0000,0x0000,0x0000,0x0000,0x0000,0x0000,0x0000,0x0000,0x0000,0x0000,
  0x0000,0x0000,0x0000,0x0000,0x0000,0x0000,0x0000,0x0000,0x0000,0xfe00,0x0000,0x0000,0x00e0,0x0000,0x0000,0x0000,0x0000,0x0000,0x0000,0x0000,0x0000,0x0000,0x0000,0x0000,
  0x0000,0x0000,0x0000,0x0000,0x0000,0x0000,0x0000,0x0000,0x0000,0x7e00,0x0000,0x0000,0x0ffc,0x0000,0x0000,0x0000,0x0000,0x0000,0x0000,0x0000,0x0000,0x0000,0x0000,0x0000,
  0x0000,0x0000,0x0000,0x0000,0x0000,0x0000,0x0000,0x0000,0x0000,0x3f00,0x0000,0x0000,0x3ffe,0x0000,0x0000,0x0000,0x0000,0x0000,0x0000,0x0000,0x0000,0x0000,0x0000,0x0000,
  0x0000,0x0000,0x0000,0x0000,0x0000,0x0000,0x0000,0x0000,0x0000,0x1f80,0x0000,0x0000,0xffff,0x0000,0x0000,0x0000,0x0000,0x0000,0x0000,0x0000,0x0000,0x0000,0x0000,0x0000,
  0x0000,0x0000,0x0000,0x0000,0x0000,0x0000,0x0000,0x0000,0x0000,0x0f80,0x0000,0x0003,0xffff,0x8000,0x0000,0x0000,0x0000,0x0000,0x0000,0x0000,0x0000,0x0000,0x0000,0x0000,
  0x0000,0x0000,0x0000,0x0000,0x0000,0x0000,0x0000,0x0000,0x0000,0x0fc0,0x0000,0x0007,0xffff,0x8000,0x0000,0x0000,0x0000,0x00ff,0x0000,0x0000,0x0000,0x0000,0x0000,0x0000,
  0x0fff,0xffff,0xff00,0x03fe,0x0000,0x0000,0x7fff,0xffc0,0x0000,0x0000,0x0000,0x0000,0x0000,0x0000,0x0001,0xff80,0x3ff8,0x0000,0x0001,0xffff,0xc03f,0xf000,0x0000,0x0000,
  0x1fff,0xffff,0xfc00,0x01fe,0x0000,0x0000,0x7fff,0xffe0,0x0000,0x0000,0x0000,0x0000,0x0000,0x0000,0x0003,0xff80,0x7ff8,0x0000,0x0001,0xffff,0xe01f,0xf800,0x0000,0x0000,
  0x3fff,0xffff,0xf000,0x01fc,0x0000,0x0000,0xffff,0xfff8,0x0000,0x0000,0x0000,0x0000,0x0000,0x0000,0x000f,0xff80,0x7ff8,0x0000,0x0000,0xffff,0xe01f,0xfc00,0x0000,0x0000,
  0x7fff,0xffff,0xc000,0x00fc,0x0000,0x0001,0xffff,0xfffe,0x0000,0x0000,0x0000,0x0000,0x0000,0x0000,0x003f,0xff80,0x7ff8,0x0000,0x0000,0xffff,0xe01f,0xfe00,0x0000,0x0000,
  0xffff,0xffff,0x8000,0x00f8,0x0000,0x0001,0xffff,0x803f,0xe1fc,0x0000,0x0000,0x0000,0x0000,0x0000,0x007f,0xffc0,0x7ff0,0x0000,0x0000,0xffff,0xf01f,0xff00,0x0000,0x0000,
  0xffff,0xffff,0x0000,0x00f8,0x0000,0x0003,0xffff,0x0007,0xfffe,0x0000,0x0000,0x0000,0x0000,0x0000,0x00ff,0xffc0,0x3ff0,0x0000,0x0000,0x7fff,0xf01f,0xffc0,0x0000,0x0001,
  0xffff,0xfffc,0x0000,0x0078,0x0000,0x0007,0xfffe,0x0003,0xffff,0x0000,0x0000,0x0000,0x0000,0x0000,0x01ff,0xffc0,0x3fe0,0x0000,0x0000,0x7fff,0xf01f,0xffe0,0x0000,0x0003,
  0xffff,0xfffc,0x0000,0x0078,0x0000,0x000f,0xf8fe,0x0000,0xffff,0x8000,0x0000,0x0000,0x0000,0x0000,0x03ff,0xffc0,0x1fe0,0x0000,0x0000,0x7fff,0xe01f,0xfff8,0x0000,0x000f,
  0xffff,0xfff8,0x01c0,0x0070,0x0000,0x000f,0xf0fc,0x0000,0x7fff,0x8000,0x0000,0x0000,0x0000,0x0000,0x07ff,0xffe0,0x0780,0x0000,0x0000,0x7fff,0xe01f,0xfffe,0x0000,0x003f,
  0xffff,0xfff0,0x0ff8,0x0070,0x0000,0x001f,0xc07c,0x0000,0x3fff,0xc000,0x0000,0x0000,0x0000,0x0000,0x07ff,0xffe0,0x0000,0x0000,0x0000,0x3fff,0xe01f,0xffff,0x8000,0x00ff,
  0xffff,0xfff0,0x1ffc,0x0070,0x0000,0x003f,0x8078,0x0000,0x1fff,0xc000,0x0000,0x0000,0x0000,0x0000,0x07ff,0xffe0,0x0000,0x0000,0x0000,0x3fff,0xc03f,0xffff,0xe000,0x03ff,
  0xffff,0xffe0,0x3ffe,0x0070,0x0000,0x007e,0x0078,0x0000,0x0fff,0xc000,0x0000,0x0000,0x0000,0x0000,0x07ff,0xfff0,0x0000,0x0000,0x0000,0x1fff,0x803f,0xffff,0xfe00,0x3fff,
  0xffff,0xffc0,0x7fff,0x0070,0x0000,0x00fc,0x0078,0x0000,0x0fff,0xc000,0x0000,0x0000,0x0000,0x0000,0x0fff,0xfff0,0x0000,0x0000,0x0000,0x0fff,0x003f,0xffff,0xffff,0xffff,
  0xffff,0xff80,0x7fff,0x0070,0x0000,0x01f8,0x0078,0x0000,0x0fff,0x8000,0x0000,0x0000,0x0000,0x0000,0x0fff,0xfff0,0x0000,0x0000,0x0000,0x07ff,0x003f,0xffff,0xffff,0xffff,
  0x03ff,0xff00,0xffff,0x8070,0x0000,0x03f0,0x0070,0x0000,0x07ff,0x8000,0x0000,0x0000,0x0000,0x0000,0x0fff,0xfff0,0x0000,0x0000,0x0000,0x03fe,0x007f,0xffff,0xffff,0xffc0,
  0x003f,0xfe00,0xffff,0x8070,0x0000,0x07c0,0x0070,0x0000,0x03ff,0x0000,0x0000,0x0000,0x1c00,0x0000,0x0fff,0xfff0,0x0000,0x0000,0x0000,0x01fc,0x007f,0xffff,0xffff,0xfc00,
  0x000f,0xf801,0xffff,0x8078,0x0000,0x1f80,0x0070,0x0000,0x01fe,0x0000,0x0000,0x0000,0x7f00,0x0000,0x07ff,0xfff0,0x0000,0x0000,0x0000,0x00fc,0x007f,0xffff,0xffff,0xf000,
  0x0000,0x0003,0xffff,0x8078,0x0000,0x3f00,0x00f8,0x0000,0x01fe,0x0000,0x0000,0x0001,0xffc0,0x0000,0x07ff,0xffe0,0x0000,0x0000,0x0000,0x00f8,0x00ff,0xffff,0xffff,0xc000,
  0x0000,0x0007,0xffff,0x80f8,0x0000,0x7e00,0x00f8,0x0000,0x01fc,0x0000,0x0000,0x0001,0xffe0,0x0000,0x07ff,0xffe0,0x0000,0x0000,0x0000,0x0078,0x00ff,0xffff,0xffff,0x0000,
  0x0000,0x000f,0xffff,0x80f8,0x0000,0xfc00,0x00f8,0x0000,0x00fc,0x0000,0x0000,0x0003,0xffe0,0x0000,0x03ff,0xffc0,0x0000,0x0000,0x0000,0x0078,0x00ff,0xffff,0xfffe,0x0000,
  0x0000,0x003f,0xffff,0x80fc,0x0003,0xf800,0x01f8,0x0000,0x00fc,0x0000,0x0000,0x0003,0xfff0,0x0000,0x03ff,0xffc0,0x0000,0x0000,0x0000,0x0038,0x00ff,0xffff,0xfff8,0x0000,
  0x0000,0x007f,0xffff,0x01fc,0x0007,0xf800,0x01f8,0x0000,0x00f8,0x0000,0x0000,0x0007,0xfff0,0x0000,0x01ff,0xff80,0x0000,0x0000,0x0000,0x0038,0x01ff,0xffff,0xfff0,0x0000,
  0x0000,0x01ff,0xfffe,0x01fe,0x001f,0xf000,0x03fc,0x0000,0x0078,0x0000,0x0000,0x0007,0xfff0,0x0000,0x00ff,0xff00,0x0000,0x0000,0x0000,0x0038,0x01ff,0xffff,0xffe0,0x0000,
  0x0000,0x07ff,0xfffc,0x03fe,0x007f,0xe000,0x03fc,0x0000,0x0078,0x0000,0x0000,0x0007,0xfff0,0x0000,0x003f,0xfe00,0x0000,0x0000,0x0000,0x0038,0x01ff,0xffff,0xffc0,0x0000,
  0x0000,0x1fff,0xfff8,0x03ff,0x01ff,0xc000,0x07fe,0x0000,0x0078,0x0000,0x0000,0x0007,0xfff0,0x0000,0x001f,0xf800,0x0000,0x0000,0x0000,0x0038,0x01ff,0xffff,0xff80,0x0000,
  0x8000,0xffff,0xffe0,0x07ff,0x07ff,0x8000,0x0ffe,0x0000,0x0078,0x0000,0x0000,0x0003,0xfff0,0x0000,0x0001,0x8000,0x0000,0x0000,0x0000,0x007c,0x00ff,0xffff,0xff80,0x00ff,
  0xf81f,0xffff,0xffc0,0x0fff,0xffff,0x8000,0x1fff,0x0000,0x0078,0x0000,0x0000,0x0003,0xffe0,0x0000,0x0000,0x0000,0x0000,0x0000,0x0000,0x007c,0x00ff,0xffff,0xff00,0x03ff,
  0xffff,0xffff,0xff80,0x1fff,0xffff,0x0000,0x3fff,0x8000,0x0078,0x0000,0x0000,0x0003,0xffe0,0x0000,0x0000,0x0000,0x0000,0x0000,0x0000,0x007e,0x00ff,0xffff,0xfe00,0x07ff,
  0xffff,0xffff,0xff00,0x3fff,0xfffe,0x0000,0x7fff,0x8000,0x0070,0x0000,0x0000,0x0003,0xffc0,0x0000,0x0000,0x0000,0x0000,0x0000,0x0000,0x00fe,0x00ff,0xffff,0xfe00,0x0fff,
  0xffff,0xffff,0xfe00,0x7fff,0xfffe,0x0000,0xffff,0xc000,0x0070,0x0000,0x0000,0x0007,0xffc0,0x0000,0x0000,0x0000,0x0000,0x0000,0x0000,0x00ff,0x007f,0xffff,0xfc00,0x1fff,
  0xffff,0xffff,0xfc00,0xffff,0xfffc,0x0001,0xffff,0xe000,0x0070,0x0000,0x0000,0x0007,0xffc0,0x0000,0x0000,0x0000,0x0000,0x0000,0x0000,0x01ff,0x807f,0xffff,0xfc00,0x1fff,
  0xffff,0xffff,0xf801,0xffff,0xfffc,0x0003,0xffff,0xf000,0x0070,0x0000,0x0000,0x0007,0xffc0,0x0000,0x0000,0x0000,0x0000,0x0000,0x0000,0x03ff,0xc03f,0xffff,0xf800,0x3fff,
  0xffff,0xffff,0xf803,0xffff,0xfff8,0x0003,0xffff,0xf800,0x0070,0x0000,0x0000,0x0007,0xcfc0,0x0000,0x0000,0x0000,0x0000,0x0000,0x0000,0x03ff,0xe01f,0xffff,0xf000,0x3fff,
  0xffff,0xffff,0xf003,0xffff,0xfff8,0x0007,0xffff,0xf800,0x0070,0x0000,0x0000,0x000f,0x0fc0,0x0000,0x0000,0x0000,0x0000,0x0000,0x0000,0x07ff,0xe01f,0xffff,0xf000,0x7fff,
  0xffff,0xffff,0xe007,0xffff,0xfff0,0x0007,0xffff,0xfc00,0x0070,0x0000,0x0000,0x000f,0x07c0,0x0000,0x0000,0x0000,0x0000,0x0000,0x0000,0x07ff,0xf00f,0xffff,0xe000,0x7fff,
  0xffff,0xffff,0xe00f,0xffff,0xfff0,0x000f,0xffff,0xfc00,0x0070,0x0000,0x0000,0x001e,0x07c0,0x0000,0x0000,0x0000,0x0000,0x0000,0x0000,0x07ff,0xf007,0xffff,0x8000,0x7fff,
  0xffff,0xffff,0xc00f,0xffff,0xfff0,0x000f,0xffff,0xfc00,0x0070,0x0000,0x0000,0x001c,0x03c0,0x0000,0x0000,0x0000,0x0000,0x0000,0x0000,0x07ff,0xf001,0xffff,0x0000,0x7fff,
  0xffff,0xffff,0xc01f,0xffff,0xffe0,0x000f,0xffff,0xfc00,0x0078,0x0000,0x0000,0x0038,0x03c0,0x0000,0x0000,0x0000,0x0000,0x0000,0x0000,0x07ff,0xf000,0x7ffc,0x0000,0x7fff,
  0xffff,0xffff,0x801f,0xffff,0xffe0,0x000f,0xffff,0xfc00,0x0078,0x0000,0x0000,0x0078,0x01c0,0x0000,0x0000,0x0000,0x0000,0x0000,0x0000,0x07ff,0xf000,0x0fe0,0x0000,0xffff,
  0xffff,0xffff,0x801f,0xffff,0xffe0,0x000f,0xffff,0xfe00,0x0078,0x0000,0x0000,0x00f0,0x01e0,0x0000,0x0000,0x0000,0x0000,0x0000,0x0000,0x03ff,0xf800,0x0000,0x0000,0xffff,
  0xffff,0xffff,0x001f,0xffff,0xffe0,0x000f,0xffff,0xfe00,0x0078,0x0000,0x0000,0x01f0,0x01e0,0x0000,0x0000,0x0000,0x0000,0x0000,0x0000,0x03ff,0xf800,0x0000,0x0000,0xffff,
  0xffff,0xffff,0x001f,0xffff,0xffe0,0x000f,0xffff,0xfe00,0x0078,0x0000,0x0000,0x07f0,0x00e0,0x0000,0x0000,0x0000,0x0000,0x0000,0x0000,0x01ff,0xfc00,0x0000,0x0001,0xffff,
  0xffff,0xffff,0x001f,0xffff,0xffe0,0x000f,0xffff,0xfe00,0x0078,0x0000,0x0000,0x0fe0,0x00e0,0x0000,0x0000,0x0000,0x0000,0x0000,0x0000,0x00ff,0xfe00,0x0000,0x0003,0xffff,
  0xffff,0xfffe,0x001f,0xffff,0xffe0,0x0007,0xffff,0xfe00,0x00f8,0x0000,0x0000,0x7fe0,0x00e0,0x0000,0x0000,0x0000,0x0000,0x0000,0x0000,0x001f,0xfe00,0x0000,0x0003,0xffff,
  0xffff,0xfffe,0x001f,0xffff,0xffe0,0x0007,0xffff,0xff00,0x00f8,0x0000,0x0003,0xffe0,0x0070,0x0000,0x0000,0x0000,0x0000,0x0000,0x0000,0x0000,0x7f00,0x0000,0x0007,0xffff,
  0xffff,0xfffe,0x001f,0xffff,0xffe0,0x0003,0xffff,0xff00,0x00fc,0x0000,0x0007,0xffe0,0x0070,0x0000,0x0000,0x0000,0x0000,0x0000,0x0000,0x0000,0x1f80,0x0000,0x000f,0xffff,
  0xffff,0xfffc,0x001f,0xffff,0xffe0,0x0003,0xffff,0xff80,0x00fc,0x0000,0x000f,0xffe0,0x0070,0x0000,0x0000,0x0000,0x0000,0x0000,0x0000,0x0000,0x07c0,0x0000,0x001f,0xffff,
  0xffff,0xfffc,0x001f,0xffff,0xffe0,0x0001,0xffff,0xff80,0x01fc,0x0000,0x001f,0xffe0,0x0070,0x0000,0x0000,0x0000,0x0000,0x0000,0x0000,0x0000,0x01e0,0x0000,0x003f,0xffff,
  0xffff,0xfffc,0x000f,0xffff,0xffe0,0x0000,0xffff,0xffc0,0x01fe,0x0000,0x003f,0xffe0,0x0078,0x0000,0x0000,0x0000,0x0000,0x0000,0x0000,0x0000,0x00f0,0x0000,0x007f,0xffff,
  0x3fff,0xfffc,0x000f,0xffff,0xffe0,0x0000,0x7fff,0xffe0,0x01fe,0x0000,0x003f,0xffe0,0x0038,0x0000,0x0000,0x0000,0x0000,0x0000,0x0000,0x0000,0x007c,0x0000,0x00ff,0xffff,
  0x0fff,0xfffc,0x000f,0xffff,0xffe0,0x0000,0x3fff,0xfff0,0x03fe,0x0000,0x007f,0xffe0,0x0038,0x0000,0x0000,0x0000,0x0000,0x0000,0x0000,0x0000,0x003e,0x0000,0x03ff,0xfffe,
  0x07ff,0xfff8,0x0007,0xffff,0xfff0,0x0000,0x1fff,0xfffc,0x03ff,0x0000,0x00ff,0xfff0,0x003c,0x0000,0x0000,0x0000,0x0000,0x0000,0x0000,0x0000,0x001f,0x0000,0x07ff,0xfffe,
  0x03ff,0xfff8,0x0003,0xffff,0xfff0,0x0000,0x0fff,0x83ff,0x87ff,0x0000,0x01ff,0xfff0,0x003c,0x0000,0x0000,0x0000,0x0000,0x0000,0x0000,0x0000,0x000f,0xc000,0x1fff,0xfffc,
  0x01ff,0xfff8,0x0001,0xffff,0xfff0,0x0000,0x0fff,0x00ff,0xffff,0x8000,0x07ff,0xfff0,0x003c,0x0000,0x0000,0x0000,0x0000,0x0000,0x0000,0x0000,0x0007,0xf000,0x7fff,0xfffc,
  0x01ff,0xfff8,0x0000,0xffff,0xfff8,0x0000,0x07ff,0x003f,0xffff,0xc000,0x0fff,0xffe0,0x003e,0x0000,0x0000,0x0000,0x0000,0x0000,0x0000,0x0000,0x0003,0xfe07,0xffff,0xfff8,
  0x00ff,0xfff8,0x0000,0x7fff,0xfff8,0x0000,0x07ff,0x001f,0xffff,0xf000,0x3fff,0xffe0,0x001e,0x0000,0x0000,0x0000,0x0000,0x0000,0x0000,0x0000,0x0001,0xffff,0xffff,0xfff8,
  0x00ff,0xfff8,0x0000,0x3fff,0xfff8,0x0000,0x03fe,0x000f,0xffff,0xfe03,0xffff,0xffe0,0x001f,0x0000,0x0000,0x0000,0x0000,0x0000,0x0000,0x0000,0x0000,0xffff,0xffff,0xfff8,
  0x00ff,0xfff8,0x0000,0x0fff,0xfffc,0x0000,0x03fe,0x000f,0xffff,0xffff,0xffff,0xffc0,0x001f,0x0000,0x0000,0x0000,0x0000,0x0000,0x0000,0x0000,0x0000,0xffff,0xffff,0xfff0,
  0x00ff,0xfff8,0x0000,0x01ff,0xfffc,0x0000,0x01fe,0x0007,0xffff,0xffff,0xffff,0xff80,0x001f,0x8000,0x0000,0x0000,0x0000,0x0000,0x0000,0x0000,0x0000,0x7fff,0xffff,0xfff0,
  0x00ff,0xfffc,0x0000,0x0007,0xfffe,0x0000,0x01fe,0x0007,0xffff,0xffff,0x801f,0xff00,0x001f,0x8000,0x0000,0x0000,0x0000,0x0000,0x0000,0x0000,0x0000,0x7fff,0xffff,0xfff0,
  0x00ff,0xfffc,0x0000,0x0000,0xfffe,0x0000,0x00fe,0x0003,0xffff,0xfffe,0x001f,0xfe00,0x001f,0xc000,0x0000,0x0000,0x0000,0x0000,0x0000,0x0000,0x0000,0x3fff,0xffff,0xffe0,
  0x00ff,0xfffc,0x0000,0x0000,0x3fff,0x0000,0x00fc,0x0003,0xffff,0xfff8,0x001f,0xf800,0x001f,0xe000,0x0000,0x0000,0x0000,0x0000,0x0000,0x0000,0x0000,0x3fff,0xffff,0xffe0,
  0x00ff,0xfffe,0x0000,0x0000,0x0fff,0x8000,0x00fc,0x0003,0xffff,0xffe0,0x000f,0xe000,0x001f,0xe000,0x0000,0x0000,0x0000,0x0000,0x0000,0x0000,0x0000,0x3fff,0xffff,0xffe0,
  0x00ff,0xfffe,0x0000,0x0000,0x03ff,0x8000,0x00fc,0x0001,0xffff,0xffc0,0x001f,0xc000,0x003f,0xf000,0x0000,0x0000,0x0000,0x0000,0x0000,0x0000,0x0000,0x3fff,0xffff,0xffe0,
  0x00ff,0xffff,0x0000,0x0000,0x01ff,0xc000,0x007c,0x0001,0xffff,0xff80,0x001f,0x0000,0x003f,0xfc00,0x0000,0x0000,0x0000,0x0000,0x0000,0x0000,0x0000,0x3fff,0xffff,0xffe0,
  0x00ff,0xffff,0x0000,0x0000,0x007f,0xe000,0x007c,0x0001,0xffff,0xff00,0x001f,0x0000,0x003f,0xfe00,0x0000,0x0000,0x0000,0x0000,0x0000,0x0000,0x0000,0x1fff,0xffff,0xffc0,
  0x00ff,0xffff,0x8000,0x0000,0x003f,0xe000,0x007c,0x0001,0xffff,0xfe00,0x003e,0x0000,0x003f,0xff00,0x0000,0x0000,0x0000,0x0000,0x0000,0x0000,0x0000,0x1fff,0xffff,0xffc0,
  0x00ff,0xffff,0xc000,0x0000,0x001f,0xf000,0x007c,0x0001,0xffff,0xfe00,0x003e,0x0000,0x007f,0xff80,0x0000,0x0000,0x0000,0x0000,0x0000,0x0000,0x0000,0x0fff,0xffff,0xffc0,
  0x00ff,0xffff,0xe000,0x0000,0x000f,0xf800,0x007c,0x0000,0xffff,0xfc00,0x007c,0x0000,0x007f,0xffc0,0x0000,0x0000,0x0000,0x0000,0x0000,0x0000,0x0000,0x03ff,0xffff,0xffc0,
  0x007f,0xffff,0xf000,0x0ff0,0x0007,0xf800,0x003c,0x0000,0xffff,0xf800,0x00fc,0x0000,0x00ff,0xffc0,0x0000,0x0000,0x0000,0x0000,0x0000,0x0000,0x0000,0x00ff,0xffff,0xffc0,
  0x007f,0xffff,0xf800,0x3ffc,0x0003,0xfc00,0x003e,0x0000,0x7fff,0xf800,0x03fc,0x0000,0x01ff,0xffe0,0x0000,0x0000,0x0000,0x0000,0x0000,0x0000,0x0000,0x000f,0xffff,0xffc0,
  0x003f,0xffff,0xfe01,0xfffe,0x0001,0xfe00,0x003e,0x0000,0x7fff,0xf000,0x0ffc,0x0000,0x03ff,0xffe0,0x0000,0x0000,0x0000,0x0000,0x0000,0x0000,0x0000,0x0003,0xffff,0xffc0,
  0x003f,0xffff,0xffff,0xffff,0x8000,0xff00,0x003e,0x0000,0x3fff,0xe000,0x3ffc,0x0000,0x0fff,0xffe0,0x0000,0x0000,0x0000,0x0000,0x0000,0x0000,0x0000,0x0001,0xffff,0xffc0,
  0x001f,0xffff,0xffff,0xffff,0xc000,0x7f80,0x003e,0x0000,0x1fff,0xc000,0xfffc,0x0000,0x3fff,0xffe0,0x0000,0x0000,0x0000,0x0000,0x0000,0x0000,0x0000,0x0000,0x7fff,0xffc0,
  0x000f,0xffff,0xffff,0xffff,0xc000,0x3fc0,0x003e,0x0000,0x07ff,0x8001,0xfffe,0x0000,0xffff,0xffe0,0x0000,0x0000,0x0000,0x0000,0x0000,0x0000,0x0000,0x0000,0x3fff,0xffc0,
  0x0007,0xffe0,0x0fff,0xffff,0xe000,0x1fe0,0x003e,0x0000,0x01fe,0x0001,0xffff,0xc00f,0xffff,0xffe0,0x0000,0x0000,0x0000,0x0000,0x0000,0x0000,0x0000,0x0000,0x1fff,0xffc0,
  0x0001,0xff00,0x03ff,0xffff,0xe000,0x0ff0,0x003f,0x0000,0x0000,0x0003,0xffff,0xffff,0xffff,0xffe0,0x0000,0x0000,0x0000,0x0000,0x0000,0x0000,0x0000,0x0000,0x1fff,0xffc0,
  0x0000,0x0000,0x00ff,0xffff,0xf000,0x07f8,0x003f,0x0000,0x0000,0x0007,0xffff,0xffff,0xffff,0xffc0,0x0000,0x0000,0x0000,0x0000,0x0000,0x0000,0x0000,0x0000,0x0fff,0xffe0,
  0x0000,0x0000,0x007f,0xffff,0xf000,0x03fc,0x003f,0x0000,0x0000,0x0007,0xffff,0xffff,0xffff,0xffc0,0x0000,0x0000,0x0000,0x0000,0x0000,0x0000,0x0000,0x0000,0x07ff,0xffe0,
  0x0000,0x0000,0x007f,0xffff,0xf000,0x03fe,0x007f,0x8000,0x0000,0x0007,0xffff,0xffc0,0x01ff,0xff80,0x0000,0x0000,0x0000,0x0000,0x0000,0x0000,0x000f,0xc000,0x07ff,0xffe0,
  0x0000,0x0000,0x003f,0xffff,0xf000,0x01ff,0x007f,0x8000,0x0000,0x0007,0xffff,0xfe00,0x003f,0xff00,0x0000,0x0000,0x0000,0x0000,0x0000,0x0000,0x003f,0xf000,0x03ff,0xffe0,
  0x0000,0x0000,0x001f,0xffff,0xf000,0x00ff,0x807f,0x8000,0x0000,0x0007,0xffff,0xf800,0x000f,0xfe00,0x0000,0x0000,0x0000,0x0000,0x0000,0x0000,0x007f,0xf800,0x03ff,0xfff0,
  0x0000,0x0000,0x001f,0xffff,0xf000,0x007f,0xe07f,0xc000,0x000e,0x0007,0xffff,0xe000,0x0007,0xf800,0x0000,0x0000,0x0000,0x0000,0x0000,0x0000,0x00ff,0xfc00,0x01ff,0xfff0,
  0x0000,0x0000,0x000f,0xffff,0xf000,0x007f,0xf07f,0xc000,0x007f,0xc007,0xffff,0xc000,0x0000,0x0000,0x0000,0x0000,0x0000,0x0000,0x0000,0x0000,0x01ff,0xfe00,0x01ff,0xfff0,
  0x0000,0x0000,0x000f,0xffff,0xf000,0x003f,0xfcff,0xe000,0x00ff,0xe007,0xffff,0x8000,0x0000,0x0000,0x0000,0x0000,0x0000,0x0000,0x0000,0x0000,0x01ff,0xff00,0x01ff,0xfff8,
  0x0000,0x0000,0x0007,0xffff,0xf000,0x001f,0xfeff,0xe000,0x01ff,0xf003,0xffff,0x0000,0x0000,0x0000,0x0000,0x0000,0x0000,0x0000,0x0000,0x0000,0x01ff,0xff80,0x00ff,0xfff8,
  0x0000,0x0000,0x0007,0xffff,0xf800,0x001f,0xffff,0xf000,0x03ff,0xf803,0xfffe,0x0000,0x0000,0x0000,0x0000,0x0000,0x0000,0x0000,0x0000,0x0000,0x03ff,0xffe0,0x00ff,0xfffc,
  0x0000,0x0380,0x0003,0xffff,0xf800,0x000f,0xffff,0xf800,0x07ff,0xfc01,0xfffc,0x0000,0x0000,0x0000,0x0000,0x0000,0x0000,0x0000,0x0000,0x0000,0x03ff,0xfff8,0x03ff,0xfffe,
  0x0000,0x0ff0,0x0003,0xffff,0xf800,0x000f,0xffff,0xf800,0x07ff,0xfc00,0xfff8,0x0000,0x0000,0x0000,0x0000,0x0000,0x0000,0x0000,0x0000,0x0000,0x03ff,0xffff,0xffff,0xffff,
  0x8000,0x3ff8,0x0001,0xffff,0xfc00,0x0007,0xffff,0xfc00,0x0fff,0xfc00,0x7ff0,0x0000,0x0000,0x0000,0x0000,0x0000,0x0000,0x0000,0x0000,0x0000,0x01ff,0xffff,0xffff,0xffff,
  0xc000,0x7ffc,0x0000,0xffff,0xfc00,0x0007,0xffff,0xfe00,0x1fff,0xfe00,0x1fc0,0x0000,0x0000,0x0000,0x0000,0x0000,0x0000,0x0000,0x0000,0x0000,0x01ff,0xffff,0xffff,0xffff,
  0xf001,0xfffe,0x0000,0x3fff,0xfe00,0x0003,0xffff,0xff80,0x3fff,0xfe00,0x0000,0x0000,0x0000,0x0000,0x0000,0x0000,0x0000,0x0000,0x0000,0x0000,0x01ff,0xffff,0xffff,0xffff,
  0xfc07,0xffff,0x8000,0x1fff,0xff00,0x0003,0xffff,0xfff0,0xffff,0xfe00,0x0000,0x0000,0x0000,0x0000,0x0000,0x0000,0x0000,0x0000,0x0000,0x0000,0x00ff,0xff00,0x7fff,0xffff,
  0xffff,0xffff,0xe000,0x0003,0xffe0,0x0003,0xffff,0xffff,0xffff,0xfc00,0x0000,0x0000,0x0000,0x0000,0x0000,0x0000,0x0000,0x0000,0x0000,0x0000,0x007f,0xfc00,0x1fff,0xffff,
  0xffff,0xffff,0xf800,0x0000,0x7fff,0x8001,0xffff,0xffff,0xffff,0xfc00,0x0000,0x0000,0x0000,0x0000,0x0000,0x0000,0x0000,0x0000,0x0000,0x0000,0x003f,0xfc00,0x07ff,0xffff,
  0xffff,0xffff,0xff00,0x0000,0x1fff,0xe001,0xffff,0xffff,0xffff,0xfc00,0x0000,0x0000,0x0000,0x0000,0x0000,0x0000,0x0000,0x0000,0x0000,0x0000,0x000f,0xfc00,0x03ff,0xffff,
  0xffff,0xffff,0xfff0,0x0000,0x0fff,0xf801,0xffff,0xffff,0xffff,0xf800,0x0000,0x0000,0x0000,0x0000,0x0000,0x0000,0x0000,0x0000,0x0000,0x0000,0x0003,0xfc00,0x01ff,0xffff,
  0xe00f,0xffff,0xffff,0xc000,0x0fff,0xf800,0xffff,0xffff,0xffff,0xf000,0x0000,0x0000,0x0000,0x0000,0x0000,0x0000,0x0000,0x0000,0x0000,0x0000,0x0001,0xfc00,0x00ff,0xffff,
  0x8007,0xffff,0xffff,0xffff,0xffff,0xfc00,0xffff,0xffff,0xffff,0xe000,0x0000,0x0000,0x0000,0x0000,0x0000,0x0000,0x0000,0x0000,0x0000,0x0000,0x0000,0xfc00,0x007f,0xffff,
  0x0001,0xffff,0xffff,0xffff,0xffff,0xfe00,0xffff,0xffff,0xfdff,0xc000,0x0000,0x0000,0x0000,0x0000,0x0000,0x0000,0x0000,0x0000,0x0000,0x0000,0x0000,0x7c00,0x007f,0xffff,
  0x0000,0xffff,0xfe07,0xffff,0xffff,0xfe00,0xffff,0xffff,0xe00e,0x0000,0x0000,0x0000,0x0000,0x0000,0x0000,0x0000,0x0000,0x0000,0x0000,0x0000,0x0000,0x3c00,0x003f,0xfffc,
  0x0000,0x7fff,0x0000,0x01ff,0xffff,0xfe00,0xffff,0xffff,0xc000,0x0000,0x0000,0x0000,0x0000,0x0000,0x0000,0x0000,0x0000,0x0000,0x0000,0x0000,0x0000,0x3c00,0x001f,0xfff8,
  0x0000,0x3ffc,0x0000,0x000f,0xffff,0xfe00,0xffff,0xffff,0x8000,0x0000,0x0000,0x0000,0x0000,0x0000,0x0000,0x0000,0x0000,0x0000,0x0000,0x0000,0x0000,0x1e00,0x000f,0xfff0,
  0x0000,0x0ff0,0x0000,0x0001,0xffff,0xfe00,0xffff,0xffff,0x0000,0x0000,0x0000,0x0000,0x0000,0x0000,0x0000,0x0000,0x0000,0x0000,0x0000,0x0000,0x0000,0x0e00,0x0007,0xffe0,
  0x0000,0x03c0,0x0000,0x0000,0x3fff,0xfe00,0xffff,0xfffe,0x0000,0x0000,0x0000,0x0000,0x0000,0x0000,0x0000,0x0000,0x0000,0x0000,0x0000,0x0000,0x0000,0x0f00,0x0001,0xff80,
  0x0000,0x0000,0x0000,0x0000,0x0fff,0xfe00,0xffff,0xfffe,0x0000,0x0000,0x0000,0x0000,0x0000,0x0000,0x0000,0x0000,0x0000,0x0000,0x0000,0x0000,0x0000,0x0f00,0x0000,0x1800,
  0x0000,0x0000,0x0000,0x0000,0x03ff,0xfc00,0xffff,0xfffc,0x0000,0x0000,0x0000,0x0000,0x0000,0x0000,0x0000,0x0000,0x0000,0x0000,0x0000,0x0000,0x0000,0x0780,0x0000,0x0000,
  0x1f00,0x0000,0x0000,0x0000,0x01ff,0xfc00,0xffff,0xfffc,0x0000,0x0000,0x0000,0x0000,0x0000,0x0000,0x0000,0x0000,0x0000,0x0000,0x0000,0x0000,0x0000,0x07c0,0x0000,0x0000,
  0x7fc0,0x0000,0x0000,0x0000,0x00ff,0xf800,0x7fff,0xfffc,0x0000,0x0000,0x0000,0x0000,0x0000,0x0000,0x0000,0x0000,0x0000,0x0000,0x0000,0x0000,0x0000,0x07e0,0x0000,0x0000,
  0xfff0,0x0000,0x0000,0x0000,0x007f,0xf000,0x7fff,0xfff8,0x0000,0x0000,0x0000,0x0000,0x0000,0x0000,0x0000,0x0000,0x0000,0x0000,0x0000,0x0000,0x0000,0x07f0,0x0000,0x0000,
  0xfff8,0x0000,0x0000,0x0000,0x001f,0xc000,0x3fff,0xfff8,0x0000,0x0000,0x0000,0x0000,0x0000,0x0000,0x0000,0x0000,0x0000,0x0000,0x0000,0x0000,0x0000,0x07f8,0x0000,0x0001,
  0xfff8,0x0000,0x0000,0x0000,0x0000,0x0000,0x3fff,0xfff0,0x0000,0x0000,0x0000,0x0000,0x0000,0x0000,0x0000,0x0000,0x0000,0x0000,0x0000,0x0000,0x0000,0x07fe,0x0000,0x0003,
  0xfffc,0x0000,0x0000,0x0000,0x0000,0x0000,0x1fff,0xfff0,0x0000,0x0000,0x0000,0x0000,0x0000,0x0000,0x0000,0x0000,0x0000,0x0000,0x0000,0x0000,0x0000,0x07ff,0x8000,0x000f,
  0xfffc,0x0000,0x0000,0x0000,0x0000,0x0000,0x0fff,0xffe0,0x0000,0x0000,0x0000,0x0000,0x0000,0x0000,0x0000,0x0000,0x0000,0x0000,0x0000,0x0000,0x0000,0x07ff,0xc000,0x001f,
  0xfffe,0x0000,0x0000,0x0000,0x0000,0x0000,0x0fff,0xffc0,0x0000,0x0000,0x0000,0x0000,0x0000,0x0000,0x0000,0x0000,0x0000,0x0000,0x0000,0x0000,0x0000,0x07ff,0xf000,0x007f,
  0xfffe,0x0000,0x0000,0x0000,0x0000,0x0000,0x03ff,0xff80,0x0000,0x0000,0x0000,0x0000,0x0000,0x0000,0x0000,0x0000,0x0000,0x0000,0x0000,0x0000,0x0000,0x0fff,0xfc00,0x03ff,
  0xfffe,0x0000,0x0000,0x0000,0x0000,0x0000,0x01ff,0xff00,0x0000,0x0000,0x0000,0x0000,0x0000,0x0000,0x0000,0x0000,0x0000,0x0000,0x0000,0x0000,0x0000,0x0fff,0xffc0,0x7fff,
  0xfffe,0x0000,0x0000,0x0000,0x0000,0x0000,0x007f,0xfc00,0x0000,0x0000,0x0000,0x0000,0x0000,0x0000,0x0000,0x0000,0x0000,0x0000,0x0000,0x0000,0x0000,0x0fff,0xffff,0xffff,
  0xfffc,0x0000,0x0000,0x0000,0x0000,0x0000,0x001f,0xe000,0x0000,0x0000,0x0000,0x0000,0x0000,0x0000,0x0000,0x0000,0x0000,0x0000,0x0000,0x0000,0x0000,0x1fff,0xffff,0xffff,
  0xfffc,0x0000,0x0000,0x0000,0x0000,0x0000,0x0000,0x0000,0x0000,0x0000,0x0000,0x0000,0x0000,0x0000,0x0000,0x0000,0x0000,0x0000,0x0000,0x0000,0x0000,0x1fff,0xffff,0xffff,
  0xfffc,0x0000,0x0000,0x0000,0x0000,0x0000,0x0000,0x0000,0x0000,0x0000,0x0000,0x0000,0x0000,0x0000,0x0000,0x0000,0x0000,0x0000,0x0000,0x0000,0x0000,0x1fff,0xfff8,0x003f,
  0xfff8,0x0000,0x0000,0x0000,0x0000,0x0000,0x0000,0x0000,0x0000,0x0000,0x0000,0x0000,0x0000,0x0000,0x0000,0x0000,0x0000,0x0000,0x0000,0x0000,0x0000,0x1fff,0xffc0,0x0007,
  0xfff8,0x0000,0x0000,0x0000,0x0000,0x0000,0x0000,0x0000,0x0000,0x0000,0x0000,0x0000,0x0000,0x0000,0x0000,0x0000,0x0000,0x0000,0x0000,0x0000,0x0000,0x1fff,0xff00,0x0001,
  0xfff8,0x0000,0x0000,0x0000,0x0000,0x0000,0x0000,0x0000,0x0000,0x0000,0x0000,0x0000,0x0000,0x0000,0x0000,0x0000,0x0000,0x0000,0x0000,0x0000,0x0000,0x0fff,0xfc00,0x0000,
  0x3ff8,0x0000,0x0000,0x0000,0x0000,0x0000,0x0000,0x0000,0x0000,0x0000,0x0000,0x0000,0x0000,0x0000,0x0000,0x0000,0x0000,0x0000,0x0000,0x0000,0x0000,0x0fff,0xfc00,0x0000,
  0x1ff0,0x0000,0x0000,0x0000,0x0000,0x0000,0x0000,0x0000,0x0000,0x0000,0x0000,0x0000,0x0000,0x0000,0x0000,0x0000,0x0000,0x0000,0x0000,0x0000,0x0000,0x07ff,0xfe00,0x0000,
  0x0ff0,0x0000,0x0000,0x0000,0x0000,0x0000,0x0000,0x0000,0x0000,0x0000,0x0000,0x0000,0x0000,0x0000,0x0000,0x0000,0x0000,0x0000,0x3f80,0x0000,0x0000,0x03ff,0xff00,0x0000,
  0x07f0,0x0000,0x0000,0x0000,0x0000,0x0000,0x0000,0x0000,0x0000,0x0000,0x0000,0x0000,0x0000,0x0000,0x0000,0x0000,0x0000,0x0000,0xffc0,0x0000,0x0000,0x01ff,0xff00,0x0000,
  0x07f0,0x0000,0x0000,0x0000,0x0000,0x0000,0x0000,0x0000,0x0000,0x0000,0x0000,0x0000,0x0000,0x0000,0x0000,0x0000,0x0000,0x0001,0xffe0,0x0000,0x0000,0x00ff,0xff80,0x0000,
  0x03f0,0x0000,0x0000,0x0000,0x0000,0x0000,0x0000,0x0000,0x0000,0x0000,0x0000,0x0000,0x0000,0x0000,0x0000,0x0000,0x0000,0x0003,0xfff0,0x0000,0x0000,0x0000,0x0fe0,0x0000,
  0x01f0,0x0000,0x0000,0x0000,0x0000,0x0000,0x0000,0x0000,0x0000,0x0000,0x0000,0x0000,0x0000,0x0000,0x0000,0x0000,0x0000,0x0007,0xfff8,0x0000,0x0000,0x0000,0x03f8,0x0000,
  0x01f8,0x0000,0x0000,0x0000,0x0000,0x0000,0x0000,0x0000,0x0000,0x0000,0x0000,0x0000,0x0000,0x0000,0x0000,0x0000,0x0000,0x0007,0xfffc,0x0000,0x0000,0x0000,0x00ff,0xfe00,
  0x00f8,0x0000,0x0000,0x0000,0x0000,0x0000,0x0000,0x0000,0x0000,0x0000,0x0000,0x0000,0x0000,0x0000,0x0000,0x0000,0x0000,0x000f,0xfffc,0x0000,0x0000,0x0000,0x007f,0xff80,
  0x00f8,0x0000,0x0000,0x0000,0x0000,0x0000,0x0000,0x0000,0x0000,0x0000,0x0000,0x0000,0x0000,0x0000,0x0000,0x0000,0x0000,0x001f,0xfffe,0x0000,0x0000,0x0000,0x003f,0xffc0,
  0x0078,0x0000,0x0000,0x0000,0x0000,0x0000,0x0000,0x0000,0x0000,0x0000,0x0000,0x0000,0x0000,0x0000,0x0000,0x0000,0x0000,0x003f,0xffff,0x0000,0x0000,0x0000,0x003f,0xffe0,
  0x0078,0x0000,0x0000,0x0000,0x0000,0x0000,0x0000,0x0000,0x0000,0x0000,0x0000,0x0000,0x0000,0x0000,0x0000,0x0000,0x0000,0x007f,0xffff,0x8000,0x0000,0x0000,0x001f,0xffe0,
  0x007c,0x0000,0x0000,0x0000,0x0000,0x0000,0x0000,0x0000,0x0000,0x0000,0x0000,0x0000,0x0000,0x0000,0x0000,0x0000,0x0000,0x01ff,0xffff,0xc000,0x00f8,0x0000,0x001f,0xfff0,
  0x003c,0x0000,0x0000,0x0000,0x0000,0x0000,0x0000,0x0000,0x0000,0x0000,0x0000,0x0000,0x0000,0x0000,0x0000,0x0000,0x0000,0x03ff,0xffff,0xe000,0x07ff,0x0000,0x000f,0xfff0,
  0x003c,0x0000,0x0000,0x0000,0x0000,0x0000,0x0000,0x0000,0x0000,0x0000,0x0000,0x0000,0x0000,0x0000,0x0000,0x0000,0x0000,0x0fff,0xffff,0xf800,0x1fff,0xc000,0x000f,0xfff0,
  0x003e,0x0000,0x0000,0x0000,0x0000,0x0000,0x0000,0x0000,0x0000,0x0000,0x0000,0x0000,0x0000,0x0000,0x0000,0x0000,0x0000,0x3fff,0xffff,0xff00,0xffff,0xe000,0x000f,0xfff0,
  0x003e,0x0000,0x0000,0x0000,0x0000,0x0000,0x0000,0x0000,0x0000,0x0000,0x0000,0x0000,0x0000,0x0000,0x0000,0x0000,0x0001,0xffff,0xffff,0xffff,0xffff,0xf000,0x000f,0xfff0,
  0x003f,0x0000,0x0000,0x0000,0x0000,0x0000,0x0000,0x0000,0x0000,0x0000,0x0000,0x0000,0x0000,0x0000,0x0000,0x07f8,0x000f,0xffff,0xffff,0xffff,0xffff,0xf800,0x000f,0xfff0,
  0x001f,0x0000,0x0000,0x0000,0x0000,0x0000,0x0000,0x0000,0x0000,0x0000,0x0000,0x0000,0x0000,0x0000,0x0000,0x0fff,0x83ff,0xf801,0xffe0,0x07ff,0xffff,0xf800,0x0007,0xffe0,
  0x001f,0x8000,0x0000,0x0000,0x0000,0x0000,0x0000,0x0000,0x0000,0x0000,0x0000,0x0000,0x0000,0x0000,0x0000,0x1fff,0xffff,0x8000,0x3f00,0x01ff,0xffff,0xfc00,0x0007,0xffc0,
  0x001f,0xc000,0x0000,0x0000,0x0000,0x0000,0x0000,0x0000,0x0000,0x0000,0x0000,0x0000,0x0000,0x0000,0x0000,0x3fff,0xfffc,0x0000,0x0000,0x007f,0xffff,0xff00,0x0003,0xffc0,
  0x001f,0xe000,0x0000,0x0000,0x0000,0x0000,0x0000,0x0000,0x0000,0x0000,0x0000,0x0000,0x0000,0x0000,0x0000,0x7fff,0xfff0,0x0000,0x0000,0x001f,0xffff,0xff80,0x0001,0xff00,
  0x003f,0xf000,0x0000,0x0000,0x0000,0x0000,0x0000,0x0000,0x0000,0x0000,0x0000,0x0000,0x0000,0x0000,0x0000,0x7fff,0xffc0,0x0000,0x0000,0x000f,0xffff,0xffe0,0x0000,0x7e00,
  0x003f,0xf800,0x0000,0x0000,0x0000,0x0000,0x0000,0x0000,0x0000,0x0000,0x0000,0x0000,0x0000,0x0000,0x0000,0xffff,0xff00,0x0000,0x0000,0x0007,0xffff,0xfff0,0x0000,0x0000,
  0x003f,0xfc00,0x0000,0x0000,0x0000,0x0000,0x0000,0x0000,0x0000,0x0000,0x0000,0x0000,0x0000,0x0000,0x0000,0xffff,0xfc00,0x0000,0x0000,0x0007,0xffff,0xfffe,0x0000,0x0000,
  0x003f,0xfe00,0x0000,0x0000,0x0000,0x0000,0x0000,0x0000,0x0000,0x0000,0x0000,0x0000,0x0000,0x0000,0x0000,0xffff,0xf800,0x0000,0x0000,0x0003,0xffff,0xffff,0x8000,0x0000,
  0x003f,0xff80,0x0000,0x0000,0x0000,0x0000,0x0000,0x0000,0x0000,0x0000,0x0000,0x0000,0x0000,0x0000,0x0000,0xffff,0xf000,0x0000,0x0000,0x0001,0xffff,0xffff,0xf000,0x0000,
  0x007f,0xffe0,0x0000,0x0000,0x0000,0x0000,0x0000,0x0000,0x0000,0x0000,0x0000,0x0000,0x0000,0x0000,0x0000,0xffff,0xe000,0x0000,0x0000,0x0001,0xffff,0xffff,0xfe00,0x0000,
  0x007f,0xfff0,0x0000,0x0000,0x0000,0x0000,0x0000,0x0000,0x0000,0x0000,0x0000,0x0000,0x0000,0x0000,0x0000,0x7fff,0xc000,0x0000,0x0000,0x0000,0xffff,0xffff,0xffc0,0x0000,
  0x00ff,0xfffc,0x0000,0x0000,0x0000,0x0000,0x0000,0x0000,0x0000,0x0000,0x0000,0x0000,0x0000,0x0000,0x0000,0x7fff,0xc000,0x0000,0x0003,0xf000,0xffff,0xffff,0xfffe,0x0000,
  0x0fff,0xfffe,0x0000,0x0000,0x0000,0x0000,0x0000,0x0000,0x0000,0x0000,0x0000,0x0000,0x0000,0x0000,0x0000,0x3fff,0x8000,0x0000,0x000f,0xf800,0x7fff,0xffff,0xffff,0xf800,
  0xffff,0xfffe,0x0000,0x0000,0x0000,0x0000,0x0000,0x0000,0x0000,0x0000,0x0000,0x0000,0x0000,0x0000,0x0000,0x3fff,0x0000,0x0000,0x001f,0xfc00,0x3fff,0xffff,0xffff,0xffff,
  0xffff,0xffff,0x0000,0x0000,0x0000,0x0000,0x0000,0x0000,0x0000,0x0000,0x0000,0x0000,0x0000,0x0000,0x0000,0x1ffe,0x0000,0x0000,0x003f,0xfe00,0x3fff,0xfc00,0x0fff,0xffff,
  0xffff,0xffff,0x8000,0x0000,0x0000,0x0000,0x0000,0x0000,0x0000,0x0000,0x0000,0x0000,0x0000,0x0000,0x0000,0x07fc,0x0000,0x0000,0x003f,0xfe00,0x0fff,0xc000,0x003f,0xffff,
  0xffff,0xffff,0x8000,0x0000,0x0000,0x0000,0x0000,0x0000,0x0000,0x0000,0x0000,0x0000,0x0000,0x0000,0x0000,0x01f0,0x0000,0x0000,0x003f,0xff00,0x07ff,0x8000,0x0003,0xffff,
  0xffff,0xffff,0x8000,0x0000,0x0000,0x0000,0x0000,0x0000,0x0000,0x0000,0x0000,0x0000,0x0000,0x0000,0x0000,0x0000,0x0000,0x0000,0x003f,0xff80,0x01fc,0x0000,0x0000,0x3fff,
  0xffff,0xffff,0xc000,0x0000,0x0000,0x0000,0x0000,0x0000,0x0000,0x0000,0x0000,0x0000,0x0000,0x0000,0x0000,0x0000,0x0000,0x0000,0x003f,0xffc0,0x0000,0x0000,0x0000,0x07ff,
  0xffff,0xffff,0xc000,0x0000,0x0000,0x0000,0x0000,0x0000,0x0000,0x0000,0x0000,0x0000,0x0000,0x0000,0x0000,0x0000,0x0000,0x0000,0x003f,0xffe0,0x0000,0x0000,0x0000,0x00ff,
  0xffff,0xffff,0xc000,0x0000,0x0000,0x0000,0x0000,0x0000,0x0000,0x0000,0x0000,0x0000,0x0000,0x0000,0x0000,0x0000,0x0000,0x0000,0x003f,0xfff0,0x0000,0x0000,0x0000,0x001f,
  0xffff,0xffff,0xc000,0x0000,0x0000,0x0000,0x0000,0x0000,0x0000,0x0000,0x0000,0x0000,0x0000,0x0000,0x0000,0x0000,0x0000,0x0000,0x001f,0xfffc,0x0000,0x0000,0x0000,0x0007,
  0xffff,0xffff,0xc000,0x0000,0x0000,0x0000,0x0000,0x0000,0x0000,0x0000,0x0000,0x0000,0x0000,0x0000,0x0000,0x0000,0x0000,0x0000,0x001f,0xfffe,0x0000,0x0000,0x0000,0x0003,
  0xffff,0xffff,0xc000,0x0000,0x0000,0x0000,0x0000,0x0000,0x0000,0x0000,0x0000,0x0000,0x0000,0x0000,0x0000,0x0000,0x0000,0x0000,0x000f,0xffff,0x8000,0x0000,0x0000,0x0000,
  0x3fff,0xffff,0xc000,0x0000,0x0000,0x0000,0x0000,0x0000,0x0000,0x0000,0x0000,0x0000,0x0000,0x0000,0x0000,0x0000,0x0000,0x0000,0x0003,0xf1ff,0xe000,0x0000,0x0000,0x0000,
  0x1fff,0xffff,0xc000,0x0000,0x0000,0x0000,0x0000,0x0000,0x0000,0x0000,0x0000,0x0000,0x0000,0x0000,0x0000,0x0000,0x0000,0x0000,0x0000,0x0007,0xfc00,0x0000,0xff00,0x0000,
  0x0fff,0xffff,0xc000,0x0000,0x0000,0x0000,0x0000,0x0000,0x0000,0x0000,0x0000,0x0000,0x0000,0x0000,0x0000,0x0000,0x0000,0x0000,0x0000,0x0000,0xff00,0x0007,0xffe0,0x0000,
  0x07ff,0xffff,0x8000,0x0000,0x0000,0x0000,0x0000,0x0000,0x0000,0x0000,0x0000,0x0000,0x0000,0x0000,0x0000,0x0000,0x0000,0x0000,0x0000,0x0000,0x3fe0,0x001f,0xfff0,0x0000,
  0x03ff,0xffff,0x8000,0x0000,0x0000,0x0000,0x0000,0x0000,0x0000,0x0000,0x0000,0x0000,0x0000,0x0000,0x0000,0x0000,0x0000,0x0000,0x0000,0x0000,0x0fff,0x83ff,0xfffc,0x0000,
  0x01ff,0xffff,0x0000,0x0000,0x0000,0x0000,0x0000,0x0000,0x0000,0x0000,0x0000,0x0000,0x0000,0x0000,0x0000,0x0000,0x0000,0x0000,0x0000,0x0000,0x03ff,0xffff,0xfffe,0x0000,
  0x00ff,0xffff,0x0000,0x0000,0x0000,0x0000,0x0000,0x0000,0x0000,0x0000,0x0000,0x0000,0x0000,0x0000,0x0000,0x0000,0x0000,0x0000,0x0000,0x0000,0x00ff,0xffff,0xffff,0x0000,
  0x00ff,0xfffe,0x0000,0x0000,0x0000,0x0000,0x0000,0x0000,0x0000,0x0000,0x0000,0x0000,0x0000,0x0000,0x0000,0x0000,0x0000,0x0000,0x0000,0x0000,0x003f,0xffff,0xffff,0x8000,
  0x007f,0xfffc,0x0000,0x0000,0x0000,0x0000,0x0000,0x0000,0x0000,0x0000,0x0000,0x0000,0x0000,0x0000,0x0000,0x0000,0x0000,0x0000,0x0000,0x0000,0x001f,0xffff,0xffff,0x8000,
  0x003f,0xfff8,0x0000,0x0000,0x0000,0x0000,0x0000,0x0000,0x0000,0x0000,0x0000,0x0000,0x0000,0x0000,0x0000,0x0000,0x0000,0x0000,0x0000,0x0000,0x000f,0xffff,0xffff,0xc000,
  0x000f,0xffe0,0x0000,0x0000,0x0000,0x0000,0x0000,0x0000,0x0000,0x0000,0x0000,0x0000,0x0000,0x0000,0x0000,0x0000,0x0000,0x0000,0x0000,0x0000,0x0007,0xffff,0xffff,0xc000,
  0x0003,0xffc0,0x0000,0x0000,0x0000,0x0000,0x0000,0x0000,0x0000,0x0000,0x0000,0x0000,0x0000,0x0000,0x0000,0x0000,0x0000,0x0000,0x0000,0x0000,0x0001,0xffff,0xffff,0xe000,
  0x0000,0x7e00,0x0000,0x0000,0x0000,0x0000,0x0000,0x0000,0x0000,0x0000,0x0000,0x0000,0x0000,0x0000,0x0000,0x0000,0x0000,0x0000,0x003f,0xe000,0x0001,0xffff,0xffff,0xe000,
  0x0000,0x0000,0x0000,0x0000,0x0000,0x0000,0x0000,0x0000,0x0000,0x0000,0x0000,0x0000,0x0000,0x0000,0x0000,0x0000,0x0000,0x0000,0x007f,0xf800,0x0000,0xffff,0xffff,0xe000,
  0x0000,0x0000,0x0000,0x0000,0x0000,0x0000,0x0000,0x0000,0x0000,0x0000,0x0000,0x0000,0x0000,0x0000,0x0000,0x0000,0x0000,0x0000,0x00ff,0xfc00,0x0001,0xffff,0xffff,0xf000,
  0x0000,0x0000,0x0000,0x0000,0x0000,0x0000,0x0000,0x0000,0x0000,0x0000,0x0000,0x0000,0x0000,0x0000,0x0000,0x0000,0x0000,0x0000,0x01ff,0xff00,0x0007,0xffff,0xffff,0xf000,
  0x0000,0x0000,0x0000,0x0000,0x0000,0x0000,0x0000,0x0000,0x0000,0x0000,0x0000,0x0000,0x0000,0x0000,0x0000,0x0000,0x0000,0x0000,0x03ff,0xffe0,0x003f,0xffff,0xffff,0xf000,
  0x0000,0x0000,0x0000,0x0000,0x0000,0x0000,0x0000,0x0000,0x0000,0x0000,0x0000,0x0000,0x0000,0x0000,0x0000,0x0000,0x0000,0x0000,0x03ff,0xffff,0x8fff,0xffff,0xffff,0xf000,
  0x0000,0x0000,0x0000,0x0000,0x0000,0x0000,0x0000,0x0000,0x0000,0x0000,0x0000,0x0000,0x0000,0x0000,0x0000,0x0000,0x0000,0x0000,0x07ff,0xffff,0xffff,0xffff,0xffff,0xf000,
  0x1ffc,0x0000,0x0000,0x0000,0x0000,0x0000,0x0000,0x0000,0x0000,0x0000,0x0000,0x0000,0x0000,0x0000,0x0000,0x0000,0x0000,0x0000,0x07ff,0xffff,0xffff,0xffff,0xffff,0xf000,
  0x7ffe,0x0000,0x0000,0x0000,0x0000,0x0000,0x0000,0x0000,0x0000,0x0000,0x0000,0x0000,0x0000,0x0000,0x0000,0x0000,0x0000,0x0000,0x07ff,0xffff,0xffff,0xffff,0xffff,0xe000,
  0xffff,0x8000,0x0000,0x0000,0x0000,0x0000,0x0000,0x0000,0x0000,0x0000,0x0000,0x0000,0x0000,0x0000,0x0000,0x0000,0x0000,0x0000,0x07ff,0xffff,0xfc7f,0xffff,0xffff,0xe000,
  0xffff,0xc000,0x0000,0x0000,0x0000,0x0000,0x0000,0x0000,0x0000,0x0000,0x0000,0x0000,0x0000,0x0000,0x0000,0x0000,0x0000,0x0000,0x07ff,0xffff,0x0001,0xffff,0xffff,0xe001,
  0xffff,0xe000,0x0000,0x0000,0x0000,0x0000,0x0000,0x0000,0x0000,0x0000,0x0000,0x0000,0x0000,0x0000,0x0000,0x0000,0x0000,0x0000,0x07ff,0xfff8,0x0000,0x3fff,0xffff,0xc003,
  0xffff,0xf000,0x0000,0x0000,0x0000,0x0000,0x0000,0x0000,0x0000,0x0000,0x0000,0x0000,0x0000,0x0000,0x0000,0x0000,0x0000,0x0000,0x07ff,0xffe0,0x0000,0x0fff,0xffff,0xc007,
  0xffff,0xf800,0x0000,0x0000,0x0000,0x0000,0x0000,0x0000,0x0000,0x0000,0x0000,0x0000,0x0000,0x0000,0x0000,0x0000,0x0000,0x0000,0x03ff,0xffc0,0x0000,0x07ff,0xffff,0x800f,
  0xffff,0xf800,0x0000,0x0000,0x0000,0x0000,0x0000,0x0000,0x0000,0x0000,0x0000,0x0000,0x0000,0x0000,0x0000,0x0000,0x0000,0x0000,0x03ff,0xffe0,0x0000,0x01ff,0xffff,0x800f,
  0xffff,0xf800,0x0000,0x0000,0x0000,0x0000,0x0000,0x0000,0x0000,0x0000,0x0000,0x0000,0x0000,0x0000,0x0000,0x0000,0x0000,0x0000,0x01ff,0xffe0,0x0000,0x00ff,0xffff,0x001f,
  0xffff,0xfc00,0x0000,0x0000,0x0000,0x0000,0x0000,0x0000,0x0000,0x0000,0x0000,0x0000,0x0000,0x0000,0x0000,0x0000,0x0000,0x0000,0x00ff,0xfff0,0x0000,0x007f,0xfffe,0x001f,
  0xffff,0xfc00,0x0000,0x0000,0x0000,0x0000,0x0000,0x0000,0x0000,0x0000,0x0000,0x0000,0x0000,0x0000,0x0000,0x0000,0x0000,0x0000,0x007f,0xfff8,0x0000,0x003f,0xfffc,0x001f,
  0xffff,0xfc00,0x0000,0x0000,0x0000,0x0000,0x0000,0x0000,0x0000,0x0000,0x0000,0x0000,0x0000,0x0000,0x0000,0x0000,0x0000,0x0000,0x003f,0xfffc,0x0000,0x000f,0xfff0,0x003f,
  0xffff,0xfc00,0x0000,0x0000,0x0000,0x0000,0x0000,0x0000,0x0000,0x0000,0x0000,0x0000,0x0000,0x0000,0x0000,0x0000,0x0000,0x0000,0x003f,0xe1fe,0x0000,0x0003,0xffc0,0x003f,
  0xffff,0xfe00,0x0000,0x0000,0x0000,0x0000,0x0000,0x0000,0x0000,0x0000,0x0000,0x0000,0x0000,0x0000,0x0000,0x0000,0x0000,0x0000,0x001f,0xe07f,0x8000,0x0000,0x7e00,0x003f,
  0xffff,0xfe00,0x0000,0x0000,0x0000,0x0000,0x0000,0x0000,0x0000,0x0000,0x0000,0x0000,0x0000,0x0000,0x0000,0x0000,0x0000,0x0000,0x001f,0xc01f,0xf00f,0x8000,0x0000,0x003f,
  0xffff,0xfc00,0x0000,0x0000,0x0000,0x0000,0x0000,0x0000,0x0000,0x0000,0x0000,0x0000,0x0000,0x0000,0x0000,0x0000,0x0000,0x0000,0x000f,0xc007,0xffff,0xf000,0x0000,0x003f,
  0xffff,0xfc00,0x0000,0x0000,0x0000,0x0000,0x0000,0x0000,0x0000,0x0000,0x0000,0x0000,0x0000,0x0000,0x0000,0x0000,0x0000,0x0000,0x000f,0x8003,0xffff,0xfc00,0x0000,0x003f,
  0xffff,0xfc00,0x0000,0x0000,0x0000,0x0000,0x0000,0x0000,0x0000,0x0000,0x0000,0x0000,0x0000,0x0000,0x0000,0x0000,0x0000,0x0000,0x000f,0x8003,0xffff,0xff00,0x0000,0x001f,
  0xffff,0xfc00,0x0000,0x0000,0x0000,0x0000,0x0000,0x0000,0x0000,0x0000,0x0000,0x0000,0x0000,0x0000,0x0000,0x0000,0x0000,0x0000,0x000f,0x8001,0xffff,0xff00,0x0000,0x001f,
  0xffff,0xf800,0x0000,0x0000,0x0000,0x0000,0x0000,0x0000,0x0000,0x0000,0x0000,0x0000,0x0000,0x0000,0x0000,0x0000,0x0000,0x0000,0x0007,0x8000,0xffff,0xff80,0x0000,0x001f,
  0xffff,0xf800,0x0000,0x0000,0x0000,0x0000,0x0000,0x0000,0x0000,0x0000,0x0000,0x0000,0x0000,0x0000,0x0000,0x0000,0x0000,0x0000,0x0007,0x8000,0xffff,0xffc0,0x0000,0x000f,
  0xffff,0xf000,0x0000,0x0000,0x0000,0x0000,0x0000,0x0000,0x0000,0x0000,0x0000,0x0000,0x0000,0x0000,0x0000,0x0000,0x0000,0x0000,0x0007,0x8000,0x7fff,0xffc0,0x0000,0x000f,
  0xffff,0xf000,0x0000,0x0000,0x0000,0x0000,0x0000,0x0000,0x0000,0x0000,0x0000,0x0000,0x0000,0x0000,0x0000,0x0000,0x0000,0x0000,0x0007,0x0000,0x7fff,0xffe0,0x0000,0x0007,
  0xffff,0xe000,0x0000,0x0000,0x0000,0x0000,0x0000,0x0000,0x0000,0x0000,0x0000,0x0000,0x0000,0x0000,0x0000,0x0000,0x0000,0x0000,0x0007,0x0000,0x7fff,0xffe0,0x0000,0x0007,
  0xffff,0xc000,0x0000,0x0000,0x0000,0x0000,0x0000,0x0000,0x0000,0x0000,0x0000,0x0000,0x0000,0x0000,0x0000,0x0000,0x0000,0x0000,0x0007,0x8000,0x3fff,0xfff0,0x0000,0x0003,
  0xffff,0x0000,0x0000,0x0000,0x0000,0x0000,0x0000,0x0000,0x0000,0x0000,0x0000,0x0000,0x0000,0x0000,0x0000,0x0000,0x0000,0x0000,0x0007,0x8000,0x3fff,0xfff0,0x0000,0x0003,
  0xfffe,0x0000,0x0000,0x0000,0x0000,0x0000,0x0000,0x0000,0x0000,0x0000,0x0000,0x0000,0x0000,0x0000,0x0000,0x0000,0x0000,0x0000,0x0007,0x8000,0x3fff,0xfff0,0x0000,0x0003,
  0xfff0,0x0000,0x0000,0x0000,0x0000,0x0000,0x0000,0x0000,0x0000,0x0000,0x0000,0x0000,0x0000,0x0000,0x0000,0x0000,0x0000,0x0000,0x0007,0x8000,0x3fff,0xfff8,0x0000,0x0003,
  0xffc0,0x0000,0x0000,0x0000,0x0000,0x0000,0x0000,0x0000,0x0000,0x0000,0x0000,0x0000,0x0000,0x0000,0x0000,0x0000,0x0000,0x0000,0x000f,0x8000,0x3fff,0xfffc,0x0000,0x0003,
  0xff00,0x0000,0x0000,0x0000,0x0000,0x0000,0x0000,0x0000,0x0000,0x0000,0x0000,0x0000,0x0000,0x0000,0x0000,0x0000,0x0000,0x0000,0x000f,0x8000,0x3fff,0xfffc,0x0000,0x0003,
  0xfe00,0x0000,0x0000,0x0000,0x0000,0x0000,0x0000,0x0000,0x0000,0x0000,0x0000,0x0000,0x0000,0x0000,0x0000,0x0000,0x0000,0x0000,0x000f,0xc000,0x1fff,0xfffe,0x0000,0x0003,
  0xfc00,0x0000,0x0000,0x0000,0x0000,0x0000,0x0000,0x0000,0x0000,0x0000,0x0000,0x0000,0x0000,0x0000,0x0000,0x0000,0x0000,0x0000,0x000f,0xc000,0x1fff,0xffff,0x0000,0x0003,
  0xf800,0x0000,0x0000,0x0000,0x0000,0x0000,0x0000,0x0000,0x0000,0x0000,0x0000,0x0000,0x0000,0x0000,0x0000,0x0000,0x0000,0x0000,0x001f,0xc000,0x1fff,0xffff,0x8000,0x0003,
  0xf000,0x0000,0x0000,0x0000,0x0000,0x0000,0x0000,0x0000,0x0000,0x0000,0x0000,0x0000,0x0000,0x0000,0x0000,0x0000,0x0000,0x0000,0x001f,0xe000,0x0fff,0xffff,0xc000,0x0003,
  0xf000,0x0000,0x0000,0x0000,0x0000,0x0000,0x0000,0x0000,0x0000,0x0000,0x0000,0x0000,0x0000,0x0000,0x0000,0x0000,0x0000,0x0000,0x003f,0xe000,0x0fff,0xffff,0xe000,0x0007,
  0xe000,0x0000,0x0000,0x0000,0x0000,0x0000,0x0000,0x0000,0x0000,0x0000,0x0000,0x0000,0x0000,0x0000,0x0000,0x0000,0x0000,0x0000,0x007f,0xf000,0x07ff,0xffff,0xf000,0x0007,
  0xe000,0x0000,0x0000,0x0000,0x0000,0x0000,0x0000,0x0000,0x0000,0x0000,0x0000,0x0000,0x0000,0x0000,0x0000,0x0000,0x0000,0x0000,0x007f,0xf800,0x03ff,0xffff,0xfc00,0x000f,
  0xe000,0x0000,0x0000,0x0000,0x0000,0x0000,0x0000,0x0000,0x0000,0x0000,0x0000,0x0000,0x0000,0x0000,0x0000,0x0000,0x0000,0x0000,0x00ff,0xfc00,0x01ff,0xffff,0xff00,0x001f,
  0xe000,0x0000,0x0000,0x0000,0x0000,0x0000,0x0000,0x0000,0x0000,0x0000,0x0000,0x0000,0x0000,0x0000,0x0000,0x0000,0x0000,0x0000,0x01ff,0xfe00,0x007f,0xfe01,0xffc0,0x007f,
  0xe000,0x0000,0x0000,0x0000,0x0000,0x0000,0x0000,0x0000,0x0000,0x0000,0x0000,0x0000,0x0000,0x0000,0x0000,0x0000,0x0000,0x0000,0x03ff,0xfe00,0x003f,0xfc00,0x3ff8,0x00ff,
  0xe000,0x0000,0x0000,0x0000,0x0000,0x0000,0x0000,0x0000,0x0000,0x0000,0x0000,0x0000,0x0000,0x0000,0x0000,0x0000,0x0000,0x0000,0x03ff,0xff00,0x001f,0xfc00,0x07ff,0xffff,
  0xe000,0x0000,0x0000,0x0000,0x0000,0x0000,0x0000,0x0000,0x0000,0x0000,0x0000,0x0000,0x0000,0x0000,0x0000,0x0000,0x0000,0x0000,0x07ff,0xff00,0x000f,0xf800,0x01ff,0xffff,
  0xe000,0x0000,0x0000,0x0000,0x0000,0x0000,0x0000,0x0000,0x0000,0x0000,0x0000,0x0000,0x0000,0x0000,0x0000,0x0000,0x0000,0x0000,0x07ff,0xff00,0x0007,0xf800,0x00ff,0xffff,
  0xe000,0x0000,0x0000,0x0000,0x0000,0x0000,0x0000,0x0000,0x0000,0x0000,0x0000,0x0000,0x0000,0x0000,0x0000,0x0000,0x0000,0x0000,0x07ff,0xff00,0x0007,0xf800,0x003f,0xffff,
  0xf000,0x0000,0x0000,0x0000,0x0000,0x0000,0x0000,0x0000,0x0000,0x0000,0x0000,0x0000,0x0000,0x0000,0x0000,0x0000,0x0000,0x0000,0x07ff,0xff00,0x0003,0xf800,0x001f,0xffff,
  0xf000,0x0000,0x0000,0x0000,0x0000,0x0000,0x0000,0x0000,0x0000,0x0000,0x0000,0x0000,0x0000,0x0000,0x0000,0x0000,0x0000,0x0000,0x07ff,0xff00,0x0003,0xf000,0x000f,0xffff,
  0xf000,0x0000,0x0000,0x0000,0x0000,0x0000,0x0000,0x0000,0x0000,0x0000,0x0000,0x0000,0x0000,0x0000,0x0000,0x0000,0x0000,0x0000,0x07ff,0xff00,0x0001,0xf000,0x0007,0xffff,
  0xf800,0x0000,0x0000,0x0000,0x0000,0x0000,0x0000,0x0000,0x0000,0x0000,0x0000,0x0000,0x0000,0x0000,0x0000,0x0000,0x0000,0x0000,0x07ff,0xff00,0x0001,0xf000,0x0003,0xffff,
  0xf800,0x0000,0x0000,0x0000,0x0000,0x0000,0x0000,0x0000,0x0000,0x0000,0x0000,0x0000,0x0000,0x0000,0x0000,0x0000,0x0000,0x0000,0x03ff,0xfe00,0x0001,0xf800,0x0001,0xffff,
  0xf800,0x0000,0x0000,0x0000,0x0000,0x0000,0x0000,0x0000,0x0000,0x0000,0x0000,0x0000,0x0000,0x0000,0x0000,0x0000,0x0000,0x0000,0x03ff,0xfe00,0x0000,0xf800,0x0001,0xffff,
  0xf800,0x0000,0x0000,0x0000,0x0000,0x0000,0x0000,0x0000,0x0000,0x0000,0x0000,0x0000,0x0000,0x0000,0x0000,0x0000,0x0000,0x0000,0x01ff,0xfc00,0x0000,0xf800,0x0000,0xffff,
  0xf800,0x0000,0x0000,0x0000,0x0000,0x0000,0x0000,0x0000,0x0000,0x0000,0x0000,0x0000,0x0000,0x0000,0x0000,0x0000,0x0000,0x0000,0x00ff,0xf800,0x0000,0xf800,0x0000,0x7fff,
  0xf800,0x0000,0x0000,0x0000,0x0000,0x0000,0x0000,0x0000,0x0000,0x0000,0x0000,0x0000,0x0000,0x0000,0x0000,0x0000,0x0000,0x0000,0x003f,0xf000,0x0000,0xfc00,0x0000,0x7fff,
  0xf800,0x0000,0x0000,0x0000,0x0000,0x0000,0x0000,0x0000,0x0000,0x0000,0x0000,0x0000,0x0000,0x0000,0x0000,0x0000,0x0000,0x0000,0x000f,0xc000,0x0001,0xfe00,0x0000,0x7fff,
  0xf800,0x0000,0x0000,0x0000,0x0000,0x0000,0x0000,0x0000,0x0000,0x0000,0x0000,0x0000,0x0000,0x0000,0x0000,0x0000,0x0000,0x0000,0x0000,0x0000,0x0001,0xfe00,0x0000,0x3fff,
  0xf800,0x0000,0x0000,0x0000,0x0000,0x0000,0x0000,0x0000,0x0000,0x0000,0x0000,0x0000,0x0000,0x0000,0x0000,0x0000,0x0000,0x0000,0x0000,0x0000,0x0001,0xff00,0x0000,0x1fff,
  0xfc00,0x0000,0x0000,0x0000,0x0000,0x0000,0x0000,0x0000,0x0000,0x0000,0x0000,0x0000,0x0000,0x0000,0x0000,0x0000,0x0000,0x0000,0x0000,0x0000,0x0001,0xff80,0x0000,0x1fff,
  0xfc00,0x0000,0x0000,0x0000,0x0000,0x0000,0x0000,0x0000,0x0000,0x0000,0x0000,0x0000,0x0000,0x0000,0x0000,0x0000,0x0000,0x0000,0x0000,0x0000,0x0003,0xffc0,0x0000,0x0fff,
  0xfc00,0x0000,0x0000,0x0000,0x0000,0x0000,0x0000,0x0000,0x003f,0x8000,0x0000,0x0000,0x0000,0x0000,0x0000,0x0000,0x0000,0x0000,0x0000,0x0000,0x0003,0xffe0,0x0000,0x03ff,
  0xfe00,0x0000,0x0000,0x0000,0x0000,0x0000,0x0000,0x0000,0x007f,0xc000,0x0000,0x0000,0x0000,0x0000,0x0000,0x0000,0x0000,0x0000,0x0000,0x0000,0x0007,0xfff0,0x0000,0x007f,
  0xfe00,0x0000,0x0000,0x0000,0x0000,0x0000,0x0000,0x0000,0x00ff,0xe000,0x0000,0x0000,0x0000,0x0000,0x0000,0x0000,0x0000,0x0000,0x0000,0x0000,0x000f,0xfffc,0x0000,0x0001,
  0xff00,0x0000,0x0000,0x0000,0x0000,0x0000,0x0000,0x0000,0x01ff,0xf000,0x0000,0x0000,0x0000,0x0000,0x0000,0x0000,0x0000,0x0000,0x0000,0x0000,0x000f,0xfffe,0x0000,0x0000,
  0xff80,0x0000,0x0000,0x0000,0x0000,0x0000,0x0000,0x0000,0x01ff,0xf000,0x0000,0x0000,0x0000,0x0000,0x0000,0x0000,0x0000,0x0000,0x0000,0x0000,0x001f,0xffff,0x0000,0x0000,
  0xffc0,0x0000,0x0000,0x0000,0x0000,0x0000,0x0000,0x0000,0x01ff,0xf000,0x0000,0x0000,0x0000,0x0000,0x0000,0x0000,0x0000,0x0000,0x0000,0x0000,0x003f,0xffff,0x8000,0x0000,
  0xfff0,0x0000,0x0000,0x0000,0x0000,0x0000,0x0000,0x0000,0x01ff,0xf800,0x0000,0x0000,0x0000,0x0000,0x0000,0x0000,0x0000,0x0000,0x0000,0x0000,0x003f,0xffff,0x8000,0x0000,
  0xfffc,0x0000,0x0000,0x0000,0x0000,0x0000,0x0000,0x0000,0x03ff,0xf000,0x0000,0x0000,0x0000,0x0000,0x0000,0x0000,0x0000,0x0000,0x0000,0x0000,0x007f,0xffff,0xc000,0x0000,
  0xffff,0x8000,0x0000,0x0000,0x0000,0x0000,0x0000,0x0000,0x03ff,0xf000,0x0000,0x0000,0x0000,0x0000,0x0000,0x0000,0x0000,0x0000,0x0000,0x0000,0x007f,0xffff,0xc000,0x0000,
  0xffff,0xfe00,0x0000,0x0000,0x0000,0x0000,0x0000,0x0000,0x03ff,0xf000,0x0000,0x0000,0x0000,0x0000,0x0000,0x0000,0x0000,0x0000,0x0000,0x0000,0x00ff,0xffff,0xe000,0x0000,
  0xffff,0xff80,0x0000,0x0000,0x0000,0x0000,0x0000,0x0000,0x07ff,0xe000,0x0000,0x0000,0x0000,0x0000,0x0000,0x0000,0x0000,0x0000,0x0000,0x0000,0x00ff,0xffff,0xe000,0x0000,
  0xffff,0xffc0,0x0000,0x0000,0x0000,0x0000,0x0000,0x0000,0x0fff,0xe000,0x0000,0x0000,0x0000,0x0000,0x0000,0x0000,0x0000,0x0000,0x0000,0x0000,0x00ff,0xffff,0xe000,0x0000,
  0xffff,0xffe0,0x0000,0x0000,0x0000,0x0000,0x0000,0x0000,0x0fff,0xc000,0x0000,0x0000,0x0000,0x0000,0x0000,0x0000,0x0000,0x0000,0x0000,0x0000,0x01ff,0xffff,0xf000,0x0000,
  0xffff,0xfff0,0x0000,0x0000,0x0000,0x0000,0x0000,0x0000,0x1fff,0x8000,0x0000,0x0000,0x0000,0x0000,0x0000,0x0000,0x0000,0x0000,0x0000,0x0000,0x01ff,0xffff,0xf000,0x0000,
  0xffff,0xfff0,0x0000,0x0000,0x0000,0x0000,0x0000,0x0000,0x3f1f,0x8000,0x0000,0x0000,0x0000,0x0000,0x0000,0x0000,0x0000,0x0000,0x0000,0x0000,0x01ff,0xffff,0xf000,0x0000,
  0xffff,0xfff0,0x0000,0x0000,0x0000,0x0000,0x0000,0x0000,0x7c0f,0x8000,0x0000,0x0000,0x0000,0x0000,0x0000,0x0000,0x0000,0x0000,0x0000,0x0000,0x01ff,0xffff,0xf000,0x0000,
  0xffff,0xfff8,0x0000,0x0000,0x0000,0x0000,0x0000,0x0000,0xf00f,0x0000,0x0000,0x0000,0x0000,0x0000,0x0000,0x0000,0x0000,0x0000,0x0000,0x0000,0x00ff,0xffff,0xf000,0x0000,
  0xffff,0xfff8,0x0000,0x0000,0x0000,0x0000,0x0000,0x0001,0xe007,0x0000,0x0000,0x0000,0x0000,0x0000,0x0000,0x0000,0x0000,0x0000,0x0000,0x0000,0x00ff,0xffff,0xe000,0x0000,
  0xffff,0xfff8,0x0000,0x0000,0x0000,0x0000,0x0000,0x0007,0x8007,0x0000,0x0000,0x0000,0x0000,0x0000,0x0000,0x0000,0x0000,0x0000,0x0000,0x0000,0x00ff,0xffff,0xe000,0x0000,
  0xffff,0xfff8,0x0000,0x0000,0x0000,0x0000,0x0000,0x000f,0x0007,0x0000,0x0000,0x0000,0x0000,0x0000,0x0000,0x0000,0x0000,0x0000,0x0000,0x0000,0x00ff,0xffff,0xe000,0x0000,
  0xffff,0xfff8,0x0000,0x0000,0x0000,0x0000,0x0000,0x003e,0x0007,0x0000,0x0000,0x0000,0x0000,0x0000,0x0000,0x0000,0x0000,0x0000,0x0000,0x0000,0x007f,0xffff,0xc000,0x0000,
  0xffff,0xfff0,0x0000,0x0000,0x0000,0x0000,0x0000,0x00fc,0x0007,0x0000,0x0000,0x0000,0x0000,0x0000,0x0000,0x0000,0x0000,0x0000,0x0000,0x0000,0x007f,0xffff,0xc000,0x0000,
  0xffff,0xfff0,0x0000,0x0000,0x0000,0x0000,0x0000,0xfff8,0x0007,0x0000,0x0000,0x0000,0x0000,0x0000,0x0000,0x0000,0x0000,0x0000,0x0000,0x0000,0x003f,0xffff,0x8000,0x0000,
  0xffff,0xffe0,0x0000,0x0000,0x0000,0x0000,0x0001,0xfff8,0x0007,0x8000,0x0000,0x0000,0x0000,0x0000,0x0000,0x0000,0x0000,0x0000,0x0000,0x0000,0x001f,0xffff,0x0000,0x0000,
  0xffff,0xffe0,0x0000,0x0000,0x0000,0x0000,0x0003,0xfff0,0x0007,0x8000,0x0000,0x0000,0x0000,0x0000,0x0000,0x0000,0x0000,0x0000,0x0000,0x0000,0x000f,0xfffe,0x0000,0x0000,
  0xffff,0xffc0,0x0000,0x0000,0x0000,0x0000,0x0007,0xffe0,0x000f,0xc000,0x0000,0x0000,0x0000,0x0000,0x0000,0x0000,0x0000,0x0000,0x0000,0x0000,0x0007,0xfffc,0x0000,0x0000,
  0xffff,0xff00,0x0000,0x0000,0x0000,0x0000,0x000f,0xffe0,0x000f,0xc000,0x0000,0x0000,0x0000,0x0000,0x0000,0x0000,0x0000,0x0000,0x0000,0x0000,0x0003,0xfff8,0x0000,0x0000,
  0xffe0,0xfc00,0x0000,0x0000,0x0000,0x0000,0x000f,0xffc0,0x001f,0xe000,0x0000,0x0000,0x0000,0x0000,0x0000,0x0000,0x0000,0x0000,0x0000,0x0000,0x0001,0xfff0,0x0000,0x0000,
  0xfe00,0x0000,0x0000,0x0000,0x0000,0x0000,0x000f,0xffc0,0x001f,0xf000,0x0000,0x0000,0x0000,0x0000,0x0000,0x0000,0x0000,0x0000,0x0000,0x0000,0x0001,0xfff0,0x0003,0xc001,
  0xf800,0x0000,0x0000,0x0000,0x0000,0x0000,0x000f,0xffc0,0x003f,0xf800,0x0000,0x0000,0x0000,0x0000,0x0000,0x0000,0x0000,0x0000,0x0000,0x0000,0x0000,0xffe0,0x001f,0xffff,
  0xf000,0x0000,0x0000,0x0000,0x0000,0x0000,0x000f,0xffc0,0x007f,0xfc00,0x0000,0x0000,0x0000,0x0000,0x0000,0x0000,0x0000,0x0000,0x0000,0x0000,0x0000,0x7fc0,0x007f,0xffff,
  0xc000,0x0000,0x0000,0x0000,0x0000,0x0000,0x000f,0xff80,0x007f,0xff00,0x0000,0x0000,0x0000,0x0000,0x0000,0x0000,0x0000,0x0000,0x0000,0x0000,0x0000,0x7fc0,0x00ff,0xffff,
  0x8000,0x0000,0x0000,0x0000,0x0000,0x0000,0x0007,0xff80,0x00ff,0xff80,0x0000,0x0000,0x0000,0x0000,0x0000,0x0000,0x0000,0x0000,0x0000,0x0000,0x0000,0x3f80,0x01ff,0xffff,
  0x0000,0x0000,0x0000,0x0000,0x0000,0x0000,0x0003,0xff00,0x01ff,0xffc0,0x0000,0x0000,0x0000,0x0000,0x0000,0x0000,0x0000,0x0000,0x0000,0x0000,0x0000,0x3f80,0x03ff,0xffff,
  0x0000,0x0000,0x0000,0x0000,0x0000,0x0000,0x0001,0xfe00,0x03ff,0xffc0,0x0000,0x0000,0x0000,0x0000,0x0000,0x0000,0x0000,0x0000,0x0000,0x0000,0x0000,0x1f00,0x03ff,0xffff,
  0x0000,0x0000,0x0000,0x0000,0x0000,0x0000,0x0000,0x7800,0x07ff,0xffe0,0x0000,0x0000,0x0000,0x0000,0x0000,0x0000,0x0000,0x0000,0x0000,0x0000,0x0000,0x1f00,0x07ff,0xfffe,
  0x0000,0x0000,0x0000,0x0000,0x0000,0x0000,0x0000,0x0000,0x07ff,0xfff0,0x0000,0x0000,0x0000,0x0000,0x0000,0x0000,0x0000,0x0000,0x0000,0x0000,0x0000,0x1f00,0x07ff,0xfffc,
  0x0000,0x0000,0x0000,0x0000,0x0000,0x0000,0x0000,0x0000,0x07ff,0xfff0,0x0000,0x0000,0x0000,0x0000,0x0000,0x0000,0x0000,0x0000,0x0000,0x0000,0x0000,0x1f00,0x07ff,0xfffc,
  0x0000,0x0000,0x0000,0x0000,0x0000,0x0000,0x0000,0x0000,0x0fff,0xfff8,0x0000,0x0000,0x0000,0x0000,0x0000,0x0000,0x0000,0x0000,0x0000,0x0000,0x0000,0x1f00,0x0fff,0xfff8,
  0x0000,0x0000,0x0000,0x0000,0x0000,0x0000,0x0000,0x0000,0x0fff,0xfffc,0x0000,0x0000,0x0000,0x0000,0x0000,0x0000,0x0000,0x0000,0x0000,0x0000,0x0000,0x1f00,0x0fff,0xfff8,
  0x0000,0x0000,0x0000,0x0000,0x0000,0x0000,0x0000,0x0000,0x0fff,0xffff,0x0000,0x0000,0x0000,0x0000,0x0000,0x0000,0x0000,0x0000,0x0000,0x0000,0x0000,0x1f00,0x0fff,0xfff8,
  0x0000,0x0000,0x0000,0x0000,0x0000,0x0000,0x0000,0x0000,0x0fff,0xffff,0x8000,0x3c00,0x0000,0x0000,0x0000,0x0000,0x0000,0x0000,0x0000,0x0000,0x0000,0x1f00,0x0fff,0xfff0,
  0x0000,0x0000,0x0000,0x0000,0x0000,0x0000,0x0000,0x0000,0x0fff,0xffff,0xe000,0xff00,0x0000,0x0000,0x0000,0x0000,0x00f0,0x0000,0x0000,0x0000,0x0000,0x1f00,0x0fff,0xfff0,
  0x0000,0x0000,0x0000,0x0000,0x0000,0x0000,0x0000,0x0000,0x0fff,0xffff,0xfc07,0xff80,0x0000,0x0000,0x0000,0x0000,0x03f8,0x0000,0x0000,0x0000,0x0000,0x1f00,0x07ff,0xfff0,
  0x0000,0x0000,0x0000,0x0000,0x0000,0x0000,0x0000,0x0000,0x0fff,0xffff,0xffff,0xffc0,0x0000,0x0000,0x0000,0x0000,0x07fc,0x0000,0x0000,0x0000,0x0000,0x1f80,0x07ff,0xfff0,
  0x0000,0x0000,0x0000,0x0000,0x0000,0x0000,0x0000,0x0000,0x07ff,0xffff,0xffff,0xffc0,0x0000,0x0000,0x0000,0x0000,0x07fe,0x0000,0x0000,0x0000,0x0000,0x3f80,0x07ff,0xffe0,
  0x0000,0x0000,0x0000,0x0000,0x0000,0x0000,0x0000,0x0000,0x07ff,0xfffe,0x007f,0xffc0,0x0000,0x0000,0x0000,0x0000,0x07fe,0x0000,0x0000,0x0000,0x0000,0x3f80,0x03ff,0xffe0,
  0x0000,0x0000,0x0000,0x0000,0x0000,0x0000,0x0000,0x0000,0x03ff,0xfff0,0x001f,0xffc0,0x0000,0x0000,0x003e,0x0000,0x07fe,0x0000,0x0000,0x0000,0x0000,0x7fc0,0x03ff,0xffc0,
  0x0000,0x0000,0x0000,0x0000,0x0000,0x0000,0x0000,0x0000,0x01ff,0xffe0,0x0007,0xffc0,0x0000,0x0000,0x00ff,0x0000,0x07fe,0x0000,0x0000,0x0000,0x0000,0xffe0,0x01ff,0xff80,
  0x0000,0x0000,0x0000,0x0000,0x0000,0x0000,0x0000,0x0000,0x01ff,0xff80,0x0003,0xffc0,0x0000,0x0000,0x01ff,0x8000,0x07fc,0x0000,0x0000,0x0000,0x0000,0xffe0,0x01ff,0xff00,
  0x0000,0x0000,0x0000,0x0000,0x0000,0x0000,0x0000,0x0000,0x00ff,0xff00,0x0001,0xffc0,0x0000,0x0000,0x03ff,0xc000,0x07f8,0x0000,0x0000,0x0000,0x0001,0xfff0,0x00ff,0xfe00,
  0x0000,0x0000,0x0000,0x0000,0x0000,0x0000,0x0000,0x0000,0x003f,0xfc00,0x0000,0xffc0,0x0000,0x0000,0x03ff,0xe000,0x03f0,0x0000,0x0000,0x0000,0x0003,0xfff8,0x00ff,0xf800,
  0x0000,0x0000,0x0000,0x0000,0x0000,0x0000,0x0000,0x0000,0x000f,0xf000,0x0000,0x3fc0,0x0000,0x0000,0x03ff,0xe000,0x03e0,0x0000,0x0000,0x0000,0x0007,0xfffc,0x00ff,0xf000,
  0x0000,0x0000,0x0000,0x0000,0x0000,0x0000,0x0000,0x0000,0x0000,0x0000,0x0000,0x07c0,0x0000,0x0000,0x07ff,0xe000,0x03c0,0x0000,0x0000,0x0000,0x0007,0xfffc,0x00ff,0xe000,
  0x0000,0x0000,0x0000,0x0000,0x0000,0x0000,0x0000,0x0000,0x0000,0x0000,0x0000,0x03c0,0x0000,0x0000,0x07ff,0xe000,0x07c0,0x0000,0x0000,0x0000,0x000f,0xfffe,0x00ff,0xc000,
  0x01ff,0xc000,0x0000,0x0000,0x0000,0x0000,0x0000,0x0000,0x0000,0x0000,0x0000,0x00e0,0x0000,0x0000,0x03ff,0xf000,0x0780,0x0000,0x0000,0x0000,0x000f,0xfffe,0x007f,0x8000,
  0x0fff,0xf800,0x0000,0x0000,0x0000,0x0000,0x0000,0x0000,0x0000,0x0000,0x0000,0x00f0,0x0000,0x0000,0x03ff,0xf000,0x0f80,0x0000,0x0000,0x0000,0x001f,0xffff,0x007f,0x0000,
  0x1fff,0xfe00,0x0000,0x0000,0x0000,0x0000,0x0000,0x0000,0x0000,0x0000,0x0000,0x007c,0x0000,0x0000,0x03ff,0xf800,0x1f80,0x0000,0x0000,0x0000,0x001f,0xffff,0x007e,0x0000,
  0x7fff,0xff00,0x0000,0x0000,0x0000,0x0000,0x0000,0x0000,0x0000,0x0000,0x0000,0x007f,0x8000,0x0000,0x03ff,0xfc00,0x7f80,0x0000,0x0000,0x0000,0x001f,0xffff,0x007c,0x0000,
  0xffff,0xff80,0x0000,0x0000,0x0000,0x0000,0x0000,0x0000,0x0000,0x0000,0x0000,0x007f,0xf000,0x0000,0x03ff,0xff01,0xff80,0x0000,0x0000,0x0000,0x001f,0xffff,0x007c,0x0000,
  0xffff,0xffc0,0x0000,0x0000,0x0000,0x0000,0x0000,0x0000,0x0000,0x0000,0x0000,0x007f,0xf800,0x0000,0x03ff,0xffff,0xffc0,0x0000,0x0000,0x0000,0x001f,0xffff,0x00f8,0x0001,
  0xffff,0xffe0,0x0000,0x0000,0x0000,0x0000,0x0000,0x0000,0x0000,0x0000,0x0000,0x007f,0xfc00,0x0000,0x07e0,0x3fff,0xffc0,0x0000,0x0000,0x0000,0x001f,0xffff,0x00f8,0x0003,
  0xffff,0xfff0,0x0000,0x0000,0x0000,0x0000,0x0000,0x0000,0x0000,0x0000,0x0000,0x007f,0xfe00,0x0000,0x0780,0x0fff,0xffe0,0x0000,0x0000,0x0000,0x000f,0xfffe,0x00f0,0x0007,
  0xffff,0xfff8,0x0000,0x0000,0x0000,0x0000,0x0000,0x0000,0x0000,0x0000,0x0000,0x007f,0xff00,0x0000,0x0e00,0x07ff,0xffe0,0x0000,0x0000,0x0000,0x000f,0xfffe,0x00f0,0x000f,
  0xffff,0xfffc,0x0000,0x0000,0x0000,0x0000,0x0000,0x0000,0x0000,0x0000,0x0000,0x00ff,0xff00,0x0000,0x0e00,0x07ff,0xfff0,0x0000,0x0000,0x0000,0x0007,0xfffe,0x00f0,0x000f,
  0xffff,0xfffc,0x0000,0x0000,0x0000,0x0000,0x0000,0x0000,0x0000,0x0000,0x0000,0x00ff,0xff80,0x0000,0x3c00,0x03ff,0xfff8,0x0000,0x0000,0x0000,0x0007,0xfffc,0x00e0,0x001f,
  0xffff,0xfffe,0x0000,0x0000,0x0000,0x0000,0x0000,0x0000,0x0000,0x0000,0x0000,0x00ff,0xffc0,0x0000,0x7c00,0x03ff,0xfff8,0x0000,0x0000,0x0000,0x0003,0xfffc,0x01e0,0x001f,
  0xffff,0xfffe,0x0000,0x0000,0x0000,0x0000,0x0000,0x0000,0x0000,0x0000,0x0000,0x00ff,0xfff0,0x0007,0xf800,0x01ff,0xfff8,0x0000,0x0000,0x0000,0x0000,0xfffc,0x01e0,0x003f,
  0xffff,0xfffe,0x0000,0x0000,0x0000,0x0000,0x0000,0x0000,0x0000,0x0000,0x0000,0x00ff,0xfffc,0x001f,0xf800,0x01ff,0xfffc,0x0000,0x0000,0x0000,0x0000,0x7ffc,0x01c0,0x003f,
  0xffff,0xffff,0x0000,0x0000,0x0000,0x0000,0x0000,0x0000,0x0000,0x0000,0x0000,0x007f,0xffff,0x80ff,0xf800,0x01ff,0xfffc,0x0000,0x0000,0x0000,0x0000,0x0ffc,0x03c0,0x007f,
  0xffff,0xffff,0x0000,0x0000,0x0000,0x0000,0x0000,0x0000,0x0000,0x0000,0x0000,0x007f,0xffff,0xffff,0xf800,0x01ff,0xfffc,0x0000,0x0000,0x0000,0x0000,0x03fc,0x03c0,0x007f,
  0xffff,0xffff,0x0000,0x0000,0x0000,0x0000,0x0000,0x0000,0x0000,0x0000,0x0000,0x003f,0xff83,0xffff,0xf800,0x01ff,0xfffc,0x0000,0x0000,0x0000,0x0000,0x00fc,0x03c0,0x007f,
  0xffff,0xffff,0x0000,0x0000,0x0000,0x0000,0x0000,0x0000,0x0000,0x0000,0x0000,0x001f,0xfc00,0x3fff,0xf800,0x03ff,0xfffc,0x0000,0x0000,0x0000,0x0000,0x007c,0x0780,0x00ff,
  0xffff,0xffff,0x0000,0x0000,0x0000,0x0000,0x0000,0x0000,0x0000,0x0000,0x0000,0x000f,0xf000,0x0fff,0xfc00,0x03ff,0xfff8,0x0000,0x0000,0x0000,0x0000,0x003c,0x0780,0x00ff,
  0xffff,0xffff,0x0000,0x0000,0x0000,0x0000,0x0000,0x0000,0x0000,0x0000,0x0000,0x0001,0x8000,0x03ff,0xfc00,0x03ff,0xfff8,0x0000,0x0000,0x0000,0x0000,0x001c,0x0780,0x01ff,
  0xffff,0xffff,0x0000,0x0000,0x0000,0x0000,0x0000,0x0000,0x0000,0x0000,0x0000,0x0000,0x0000,0x01ff,0xf800,0x07ff,0xfff8,0x0000,0x0000,0x0000,0x0000,0x001e,0x0f80,0x01ff,
  0xffff,0xffff,0x0000,0x0000,0x0000,0x0000,0x0000,0x0000,0x0000,0x0000,0x0000,0x0000,0x0000,0x00ff,0xf800,0x07ff,0xfff0,0x0000,0x0000,0x0000,0x0000,0x000f,0x1f80,0x03ff,
  0xffff,0xffff,0x0000,0x0000,0x0000,0x0000,0x0000,0x0000,0x0000,0x0000,0x0000,0x0000,0x0000,0x007f,0xf800,0x0fff,0xffe0,0x0000,0x0000,0x0000,0x0000,0x000f,0x1f80,0x07ff,
  0xffff,0xffff,0x0000,0x0000,0x0000,0x0000,0x0000,0x0000,0x0000,0x0000,0x0000,0x0000,0x0000,0x007f,0xf000,0x1fff,0xffc0,0x0000,0x0000,0x0000,0x0000,0x000f,0xff80,0x0fff,
  0xffff,0xffff,0x0000,0x0000,0x0000,0x0000,0x0000,0x0000,0x0000,0x0000,0x0000,0x0000,0x0000,0x001f,0xe000,0x1fff,0xff80,0x0000,0x0000,0x0000,0x0000,0x0007,0xff80,0x1fff,
  0xffff,0xfffe,0x0000,0x0000,0x0000,0x0000,0x0000,0x0000,0x0000,0x0000,0x0000,0x0000,0x0000,0x000f,0x8000,0x3fff,0xff00,0x0000,0x0000,0x0000,0x0000,0x0007,0xff80,0x3fff,
  0xffff,0xfffe,0x0000,0x0000,0x0000,0x0000,0x0000,0x0000,0x0000,0x0000,0x0000,0x0000,0x0000,0x0000,0x0000,0x7fff,0xf000,0x0000,0x0000,0x0000,0x0000,0x0007,0xff80,0xffff,
  0xffff,0xfffe,0x0000,0x0000,0x0000,0x0000,0x0000,0x0000,0x0000,0x0000,0x0000,0x0000,0x0000,0x0000,0x0000,0xff80,0x0000,0x0000,0x0000,0x0000,0x0000,0x0007,0xffff,0xffff,
  0xffff,0xfffc,0x0000,0x0000,0x0000,0x0000,0x0000,0x0000,0x0000,0x0000,0x0000,0x0000,0x0000,0x0000,0x0001,0xfe00,0x0000,0x0000,0x0000,0x0000,0x0000,0x000f,0xffff,0xffff,
  0xffff,0xfffc,0x0000,0x0000,0x0000,0x0000,0x0000,0x0000,0x0000,0x0000,0x0000,0x0000,0x0000,0x0000,0x0003,0xf800,0x0000,0x0000,0x0000,0x0000,0x0000,0x000f,0xffff,0xffff,
  0xffff,0xfff8,0x0000,0x0000,0x0000,0x0000,0x0000,0x0000,0x0000,0x0000,0x0000,0x0000,0x0000,0x0000,0x000f,0xe000,0x0000,0x0000,0x0000,0x0003,0xf800,0x000f,0xffff,0xffff,
  0xffff,0xfff0,0x0000,0x0000,0x0000,0x0000,0x0000,0x0000,0x0000,0x0000,0x0000,0x0000,0x0000,0x0000,0x001f,0xc000,0x0000,0x0000,0x0000,0x003f,0xff80,0x000f,0xffff,0x003f,
  0xffff,0xffe0,0x0000,0x0000,0x0000,0x0000,0x0000,0x0000,0x0000,0x0000,0x0000,0x0000,0x0000,0x0000,0x007f,0x0000,0x0000,0x0000,0x0000,0x00ff,0xffe0,0x001f,0xfffc,0x000f,
  0xffff,0xffc0,0x0000,0x0000,0x0000,0x0000,0x0000,0x0000,0x0000,0x0000,0x0000,0x0000,0x0000,0x0000,0x01fe,0x0000,0x0000,0x0000,0x0000,0x03ff,0xfff8,0x001f,0xfff8,0x0003,
  0xffff,0xff80,0x0000,0x0000,0x0000,0x0000,0x0000,0x0000,0x0000,0x0000,0x0000,0x0000,0x0000,0x0000,0x0ffc,0x0000,0x0000,0x0000,0x0000,0x0fff,0xfffc,0x001f,0xfff0,0x0000,
  0x7fff,0xff00,0x0000,0x0000,0x0000,0x0000,0x0000,0x0000,0x0000,0x0000,0x0000,0x0000,0x0000,0x007f,0xfff8,0x0000,0x0000,0x0000,0x0000,0x1fff,0xffff,0x000f,0xffe0,0x0000,
  0x1fff,0xfc00,0x0000,0x0000,0x0000,0x0000,0x0000,0x0000,0x0000,0x0000,0x0000,0x0000,0x0000,0x03ff,0xfff0,0x0007,0xff00,0x0000,0x0000,0x3fff,0xffff,0x800f,0xffc0,0x0000,
  0x07ff,0xf000,0x0000,0x0000,0x0000,0x0000,0x0000,0x0000,0x0000,0x0000,0x0000,0x0000,0x0000,0x07ff,0xfff0,0x001f,0xffc0,0x0000,0x0000,0x7fff,0xffff,0xc007,0xffc0,0x0000,
  0x00ff,0x8000,0x0000,0x0000,0x0000,0x0000,0x0000,0x0000,0x0000,0x0000,0x0000,0x0000,0x0000,0x0fff,0xffe0,0x007f,0xfff0,0x0000,0x0000,0xffff,0xffff,0xc007,0xff80,0x0000,
  0x0000,0x0000,0x0000,0x0000,0x0000,0x0000,0x0000,0x0000,0x0000,0x0000,0x0000,0x0000,0x0000,0x1fff,0xffc0,0x00ff,0xfff8,0x0000,0x0001,0xffff,0xffff,0xe003,0xff00,0x0000,
  0x0000,0x0000,0x0000,0x0000,0x0000,0x0000,0x0000,0x0000,0x0000,0x0000,0x0000,0x0000,0x0000,0x3fff,0xffc0,0x01ff,0xfffc,0x0000,0x0003,0xffff,0xffff,0xf000,0xfc00,0x0000,
  0x0000,0x0000,0x0000,0x0000,0x0000,0x0000,0x0000,0x0000,0x0000,0x0000,0x0000,0x0000,0x0000,0x3fff,0xff80,0x03ff,0xfffe,0x0000,0x0007,0xffff,0xffff,0xf000,0x0000,0x0000,
  0x0000,0x0000,0x0000,0x0000,0x0000,0x0000,0x0000,0x0000,0x0000,0x0000,0x0000,0x0000,0x0000,0x3fff,0xff80,0x07ff,0xffff,0x8000,0x000f,0xffff,0xffff,0xf800,0x0000,0x0000,
  0x0000,0x0000,0x0000,0x0000,0x0000,0x0000,0x0000,0x0000,0x0000,0x0000,0x0000,0x0000,0x0000,0x7fff,0xff00,0x07ff,0xffff,0xc000,0x001f,0xffff,0xffff,0xf800,0x0000,0x0000,
  0x0000,0x0000,0x0000,0x0000,0x0000,0x0000,0x0000,0x0000,0x0000,0x0000,0x0000,0x0000,0x0000,0x7fff,0xff00,0x0fff,0xffff,0xe000,0x007f,0xffff,0xffff,0xfc00,0x0000,0x0000,
  0x0000,0x0000,0x0000,0x0000,0x0000,0x0000,0x0000,0x0000,0x0000,0x0000,0x0000,0x0000,0x0000,0x7fff,0xff00,0x0fff,0xffff,0xf800,0x00ff,0xffff,0xffff,0xfc00,0x0000,0x0000,
  0x0000,0x0000,0x0000,0x0000,0x0000,0x0000,0x0000,0x0000,0x0000,0x0000,0x0000,0x0000,0x0000,0x7fff,0xff00,0x1fff,0xffff,0xfe00,0x03ff,0xffff,0xffff,0xfc00,0x0000,0x0000,
  0x0000,0x0000,0x0000,0x0000,0x0000,0x0000,0x0000,0x0000,0x0000,0x0000,0x0000,0x0000,0x0000,0x7fff,0xff00,0x1fff,0xffff,0xffc0,0x1fff,0xffff,0xffff,0xfc00,0x0000,0x0000,
  0x0000,0x0000,0x0000,0x0000,0x0000,0x0000,0x0000,0x0000,0x0000,0x0000,0x0000,0x0000,0x0000,0x7fff,0xfe00,0x1fff,0xffff,0xffff,0xffff,0xffff,0xffff,0xfe00,0x0000,0x0000,
  0x0000,0x0000,0x0000,0x0000,0x0000,0x0000,0x0000,0x0000,0x0000,0x0000,0x0000,0x0000,0x0000,0x7fff,0xfe00,0x1fff,0xffff,0xffff,0xffff,0xffff,0xffff,0xfe00,0x0000,0x0000,
  0x0000,0x0000,0x0000,0x0000,0x0000,0x0000,0x0000,0x0000,0x0000,0x0000,0x0000,0x0000,0x0000,0x3fff,0xfe00,0x3fff,0xffff,0xffff,0xffff,0xffff,0xffff,0xfe00,0x0000,0x0000,
  0x0000,0x0000,0x0000,0x0000,0x0000,0x0000,0x0000,0x0000,0x0000,0x0000,0x0000,0x0000,0x0000,0x3fff,0xfc00,0x3fff,0xffff,0xffff,0xffff,0xffff,0xffff,0xfe00,0x0000,0x0000,
  0x0000,0x0000,0x0000,0x0000,0x0000,0x0000,0x0000,0x0000,0x0000,0x0000,0x0000,0x0000,0x0000,0x1fff,0xfc00,0x3fff,0xffff,0xffff,0xffff,0xffff,0xffff,0xfe00,0x0000,0x0000,
  0x0000,0x0000,0x0000,0x0000,0x0000,0x0000,0x0000,0x0000,0x0000,0x0000,0x0000,0x0000,0x0000,0x0fff,0xf800,0x3fff,0xffff,0xffff,0xffff,0xffff,0xffff,0xfe00,0x0000,0x0000,
  0x0000,0x0000,0x0000,0x0000,0x0000,0x0000,0x0000,0x0000,0x0000,0x0000,0x0000,0x0000,0x0000,0x0fff,0xf800,0x1fff,0xffff,0xffff,0xffff,0xffff,0xffff,0xfe00,0x0000,0x0000,
  0x0000,0x0000,0x0000,0x0000,0x0000,0x0000,0x0000,0x0000,0x0000,0x0000,0x0000,0x0000,0x0000,0x03ff,0xf000,0x1fff,0xffff,0xffe0,0x7fff,0xffff,0xffff,0xfe00,0x0000,0x0000,
  0x0000,0x0000,0x0000,0x0000,0x0000,0x0000,0x0000,0x0000,0x0000,0x0000,0x0000,0x0000,0x0000,0x01ff,0xf000,0x1fff,0xffff,0xff00,0x0fff,0xffff,0xffff,0xfc00,0x0000,0x0000,
  0x0000,0x0000,0x0000,0x0000,0x0000,0x0000,0x0000,0x0000,0x0000,0x0000,0x0000,0x0000,0x0000,0x007f,0xe000,0x1fff,0xffff,0xfc00,0x01ff,0xffff,0xffff,0xfc00,0x0000,0x0000,
  0x0000,0x0000,0x0000,0x0000,0x0000,0x0000,0x0000,0x0000,0x0000,0x0000,0x0000,0x0000,0x0000,0x001f,0xe000,0x0fff,0xffff,0xf000,0x00ff,0xffff,0xffff,0xfc00,0x0000,0x0000,
  0x0000,0x0000,0x0000,0x0000,0x0000,0x0000,0x0000,0x0000,0x0000,0x0000,0x0000,0x0000,0x0000,0x000f,0xe000,0x0fff,0xffff,0xe000,0x003f,0xffff,0xffff,0xf800,0x0000,0x0000,
  0x0000,0x0000,0x0000,0x0000,0x0000,0x0000,0x0000,0x0000,0x0000,0x0000,0x0000,0x0000,0x0000,0x0007,0xe000,0x07ff,0xffff,0x8000,0x001f,0xffff,0xffff,0xf800,0x0000,0x0000,
  0x0000,0x0000,0x0000,0x0000,0x0000,0x0000,0x0000,0x0000,0x0000,0x0000,0x0000,0x0000,0x0000,0x0003,0xe000,0x07ff,0xffff,0x0000,0x0007,0xffff,0xffff,0xf800,0x0000,0x0000,
  0x0000,0x0000,0x0000,0x0000,0x0000,0x0000,0x0000,0x0000,0x0000,0x0000,0x0000,0x0000,0x0000,0x0003,0xe000,0x03ff,0xfffe,0x003f,0x8003,0xffff,0xffff,0xf000,0x0000,0x0000,
  0x0000,0x0000,0x0000,0x0000,0x0000,0x0000,0x0000,0x0000,0x0000,0x0000,0x0000,0x0000,0x0000,0x0001,0xf000,0x03ff,0xfffc,0x007f,0xe001,0xffff,0xffff,0xf000,0x0000,0x0000,
  0x0000,0x0000,0x0000,0x0000,0x0000,0x0000,0x0000,0x0000,0x0000,0x0000,0x0000,0x0000,0x0000,0x0001,0xf000,0x03ff,0xfff0,0x01ff,0xf000,0xffff,0xffff,0xe000,0x0000,0x0000,
  0x0000,0x0000,0x0000,0x0000,0x0000,0x0000,0x0000,0x0000,0x0000,0x0000,0x0000,0x0000,0x0000,0x0001,0xf800,0x01ff,0xffe0,0x01ff,0xf000,0x7fff,0xffff,0xe000,0x0000,0x0000,
  0x0000,0x0000,0x0000,0x0000,0x0000,0x0000,0x0000,0x0000,0x0000,0x0000,0x0000,0x0000,0x0000,0x0001,0xfc00,0x01ff,0xff80,0x03ff,0xf800,0x3fff,0xffff,0xc000,0x0000,0x0000,
  0x0000,0x0000,0x0000,0x0000,0x0000,0x0000,0x0000,0x0000,0x0000,0x0000,0x0000,0x0000,0x0000,0x0001,0xfe00,0x01ff,0xfe00,0x03ff,0xf800,0x1fff,0xffff,0xc000,0x0000,0x0000,
  0x0000,0x0000,0x0000,0x0000,0x0000,0x0000,0x0000,0x0000,0x0000,0x0000,0x0000,0x0000,0x0000,0x0003,0xff80,0x01ff,0xf800,0x07ff,0xfc00,0x0fff,0xffff,0xc000,0x0000,0x0000,
  0x0000,0x0000,0x0000,0x0000,0x0000,0x0000,0x0000,0x0000,0x0000,0x0000,0x0000,0x0000,0x0000,0x0003,0xffc0,0x01ff,0xe000,0x07ff,0xfc00,0x07ff,0xffff,0x8000,0x0000,0x0000,
  0x0000,0x0000,0x0000,0x0000,0x0000,0x0000,0x0000,0x0000,0x0000,0x0000,0x0000,0x0000,0x0000,0x0003,0xffe0,0x01ff,0x8000,0x07ff,0xfc00,0x01ff,0xffff,0x8000,0x0000,0x0000,
  0x0000,0x0000,0x0000,0x0000,0x0000,0x0000,0x0000,0x0000,0x0000,0x0000,0x0000,0x0000,0x0000,0x0007,0xffe0,0x01ff,0x0000,0x07ff,0xfc00,0x007f,0xffff,0x8000,0x0000,0x0000,
  0x0000,0x0000,0x0000,0x0000,0x0000,0x0000,0x0000,0x0000,0x0000,0x0000,0x0000,0x0000,0x0000,0x0007,0xfff0,0x01fe,0x0000,0x07ff,0xfe00,0x001f,0xffff,0x8000,0x0000,0x0000,
  0x0000,0x0000,0x0000,0x0030,0x0000,0x0000,0x007e,0x0000,0x0000,0x0000,0x0000,0x0000,0x0000,0x000f,0xfff0,0x01fc,0x0000,0x0fff,0xfe00,0x0003,0xffff,0x8000,0x0000,0x0000,
  0x0000,0x0000,0x0000,0x01fc,0x0000,0x0000,0x01ff,0x8000,0x0000,0x0000,0x0000,0x0000,0x0000,0x000f,0xfff0,0x01f8,0x0000,0x0fff,0xff00,0x0001,0xffff,0x0000,0x0000,0x0000,
  0x0000,0x0000,0x0000,0x03ff,0x0000,0x0000,0x03ff,0xc000,0x0000,0x0000,0x0000,0x0000,0x0000,0x000f,0xfff0,0x01f0,0x0000,0x1fff,0xff80,0x0000,0x7fff,0x0000,0x0000,0x0000,
  0x0000,0x0000,0x0000,0x07ff,0x8000,0x0000,0x07ff,0xe000,0x0000,0x0000,0x0000,0x0000,0x0000,0x000f,0xfff0,0x03f0,0x0000,0x1fff,0xffc0,0x0000,0x1fff,0x0000,0x0000,0x0000,
  0x0000,0x0000,0x0000,0x0fff,0x8000,0x0000,0x0fff,0xf000,0x0000,0x0000,0x0000,0x0000,0x0000,0x0007,0xfff0,0x03e0,0x0000,0x3fff,0xffe0,0x0000,0x0fff,0x0000,0x0000,0x0000,
  0x000f,0xf800,0x0000,0x1fff,0xc000,0x0000,0x0fff,0xf000,0x0000,0x0000,0x0000,0x0000,0x0000,0x0007,0xffe0,0x03e0,0x0000,0x7e00,0x0ff0,0x0000,0x07ff,0x0000,0x0000,0x0000,
  0x003f,0xfe00,0x0000,0x3fff,0xc000,0x0000,0x1fff,0xf800,0x0000,0x0000,0x0000,0x0000,0x0000,0x0003,0xffe0,0x07c0,0x0000,0xf800,0x01f8,0x0000,0x03ff,0x8000,0x0000,0x0000,
  0x00ff,0xff00,0x0000,0xffff,0xc000,0x0000,0x1fff,0xf800,0x0000,0x0000,0x0000,0x0000,0x0000,0x0003,0xffc0,0x07c0,0x0001,0xe000,0x007e,0x0000,0x01ff,0x8000,0x0000,0x0000,
  0x01ff,0xffc0,0x0003,0xffff,0xc000,0x0000,0x1fff,0xf800,0x0000,0x0000,0x0000,0x0000,0x0000,0x0000,0xff80,0x0fc0,0x0003,0x8000,0x003f,0x8000,0x00ff,0x8000,0x0000,0x0000,
  0x03ff,0xfff0,0x000f,0xffff,0xc000,0x0000,0x1fff,0xfc00,0x0000,0x0000,0x0000,0x0000,0x0000,0x0000,0x7e00,0x1f80,0x000f,0x0000,0x001f,0xfff8,0x007f,0xc000,0x0000,0x0000,
  0x03ff,0xffff,0x01ff,0xffff,0x8000,0x0000,0x3fff,0xfe00,0x0000,0x0000,0x0000,0x0000,0x0000,0x0000,0x0000,0x3f80,0x003e,0x0000,0x000f,0xfffe,0x007f,0xc000,0x0000,0x0000,
  0x07ff,0xffff,0xffff,0xffff,0x8000,0x0000,0x3fff,0xff00,0x0000,0x0000,0x0000,0x0000,0x0000,0x0000,0x0000,0x7f80,0x07fc,0x0000,0x0007,0xffff,0x803f,0xe000,0x0000,0x0000,
  0x0fff,0xffff,0xffff,0xffff,0x0000,0x0000,0x3fff,0xff00,0x0000,0x0000,0x0000,0x0000,0x0000,0x0000,0x0000,0xff80,0x1ff8,0x0000,0x0003,0xffff,0xc03f,0xe000,0x0000,0x0000,
  };

#define foreground_width 384
#define foreground_height 384
#define foreground_depth 3
#define foreground_bytesPerRow 48
#define foreground_bplSize 18432
#define foreground_size 55296

static const __rodata BitmapT foreground = {
  .width = 384,
  .height = 384,
  .depth = 3,
  .bytesPerRow = 48,
  .bplSize = 18432,
  .flags = BM_STATIC,
  .planes = {
    (void *)_foreground_bpl + 0,
    (void *)_foreground_bpl + 18432,
    (void *)_foreground_bpl + 36864,
    }
};


