#ifndef background_bpl_section
#define background_bpl_section __data_chip 
#endif

static background_bpl_section u_short _background_bpl[] = {
  0x0000,0x0000,0x0000,0x0000,0x0000,0x0000,0x0000,0x0007,0xffff,0xffff,0xffff,0xc000,0x0007,0xffff,0xffff,0xffff,0xc000,0x0000,0x0000,0x0000,0x0000,0x0000,0x0000,0x0000,
  0x0000,0x0000,0x0000,0x0000,0x0000,0x0000,0x0000,0x0007,0xffff,0xffff,0xffff,0xc000,0x0007,0xffff,0xffff,0xffff,0xc000,0x0000,0x0000,0x0000,0x0000,0x0000,0x0000,0x0000,
  0x0000,0x0000,0x0000,0x0000,0x0000,0x0000,0x0000,0x0007,0xffff,0xffff,0xffff,0xc000,0x0007,0xffff,0xffff,0xffff,0xc000,0x0000,0x0000,0x0000,0x0000,0x0000,0x0000,0x0000,
  0x0000,0x0000,0x0000,0x0000,0x0000,0x0000,0x0000,0x0007,0xffff,0xffff,0xffff,0xc000,0x0007,0xffff,0xffff,0xffff,0xc000,0x0000,0x0000,0x0000,0x0000,0x0000,0x0000,0x0000,
  0x0000,0x0000,0x0000,0x0000,0x0000,0x0000,0x0000,0x0007,0xffff,0xffff,0xffff,0xc000,0x0007,0xffff,0xffff,0xffff,0xc000,0x0000,0x0000,0x0000,0x0000,0x0000,0x0000,0x0000,
  0x0000,0x0000,0x0000,0x0000,0x0000,0x0000,0x0000,0x0003,0xffff,0xffff,0xffff,0xc000,0x0007,0xffff,0xffff,0xffff,0xc000,0x0000,0x0000,0x0000,0x0000,0x0000,0x0000,0x0000,
  0x0000,0x0000,0x0000,0x0000,0x0000,0x0000,0x0000,0x0003,0xffff,0xffff,0xffff,0xc000,0x0003,0xffff,0xffff,0xffff,0xc000,0x0000,0x0000,0x0000,0x0000,0x0000,0x0000,0x0000,
  0x0000,0x0000,0x0000,0x0000,0x0000,0x0000,0x0000,0x0003,0xffff,0xffff,0xffff,0xc000,0x0003,0xffff,0xffff,0xffff,0xc000,0x0000,0x0000,0x0000,0x0000,0x0000,0x0000,0x0000,
  0x0000,0x0000,0x0000,0x0000,0x0000,0x0000,0x0000,0x0003,0xffff,0xffff,0xffff,0xc000,0x0003,0xffff,0xffff,0xffff,0xc000,0x0000,0x0000,0x0000,0x0000,0x0000,0x0000,0x0000,
  0x0000,0x0000,0x0000,0x0000,0x0000,0x0000,0x0000,0x0003,0xffff,0xffff,0xffff,0xc000,0x0003,0xffff,0xffff,0xffff,0xc000,0x0000,0x0000,0x0000,0x0000,0x0000,0x0000,0x0000,
  0x0000,0x0000,0x0000,0x0000,0x0000,0x0000,0x0000,0x0003,0xffff,0xffff,0xffff,0x8000,0x0003,0xffff,0xffff,0xffff,0x8000,0x0000,0x0000,0x0000,0x0000,0x0000,0x0000,0x0000,
  0x0000,0x0000,0x0000,0x0000,0x0000,0x0000,0x0000,0x0003,0xffff,0xffff,0xffff,0x8000,0x0003,0xffff,0xffff,0xffff,0x8000,0x0000,0x0000,0x0000,0x0000,0x0000,0x0000,0x0000,
  0x0000,0x0000,0x0000,0x0000,0x0000,0x0000,0x0000,0x0001,0xffff,0xffff,0xffff,0x8000,0x0001,0xffff,0xffff,0xffff,0x8000,0x0000,0x0000,0x0000,0x0000,0x0000,0x0000,0x0000,
  0x0000,0x0000,0x0000,0x0000,0x0000,0x0000,0x0000,0x0001,0xffff,0xffff,0xffff,0x8000,0x0001,0xffff,0xffff,0xffff,0x8000,0x0000,0x0000,0x0000,0x0000,0x0000,0x0000,0x0000,
  0x0000,0x0000,0x0000,0x0000,0x0000,0x0000,0x0000,0x0001,0xffff,0xffff,0xffff,0x8000,0x0001,0xffff,0xffff,0xffff,0x0000,0x0000,0x0000,0x0000,0x0000,0x0000,0x0000,0x0000,
  0x0000,0x0000,0x0000,0x0000,0x0000,0x0000,0x0000,0x0001,0xffff,0xffff,0xffff,0x0000,0x0001,0xffff,0xffff,0xffff,0x0000,0x0000,0x0000,0x0000,0x0000,0x0000,0x0000,0x0000,
  0x0000,0x0000,0x0000,0x0000,0x0000,0x0000,0x0000,0x0000,0xffff,0xffff,0xffff,0x0000,0x0000,0xffff,0xffff,0xffff,0x0000,0x0000,0x0000,0x0000,0x0000,0x0000,0x0000,0x0000,
  0x0000,0x0000,0x0000,0x0000,0x0000,0x0000,0x0000,0x0000,0xffff,0xffff,0xffff,0x0000,0x0000,0xffff,0xffff,0xffff,0x0000,0x0000,0x0000,0x0000,0x0000,0x0000,0x0000,0x0000,
  0x0000,0x0000,0x0000,0x0000,0x0000,0x0000,0x0000,0x0000,0xffff,0xffff,0xfffe,0x0000,0x0000,0xffff,0xffff,0xfffe,0x0000,0x0000,0x0000,0x0000,0x0000,0x0000,0x0000,0x0000,
  0x0000,0x0000,0x0000,0x0000,0x0000,0x0000,0x0000,0x0000,0x7fff,0xffff,0xfffe,0x0000,0x0000,0x7fff,0xffff,0xfffe,0x0000,0x0000,0x0000,0x0000,0x0000,0x0000,0x0000,0x0000,
  0x0000,0x0000,0x0000,0x0000,0x0000,0x0000,0x0000,0x0000,0x7fff,0xffff,0xfffe,0x0000,0x0000,0x7fff,0xffff,0xfffc,0x0000,0x0000,0x0000,0x0000,0x0000,0x0000,0x0000,0x0000,
  0x0000,0x0000,0x0000,0x0000,0x0000,0x0000,0x0000,0x0000,0x3fff,0xffff,0xfffc,0x0000,0x0000,0x7fff,0xffff,0xfffc,0x0000,0x0000,0x0000,0x0000,0x0000,0x0000,0x0000,0x0000,
  0x0000,0x0000,0x0000,0x0000,0x0000,0x0000,0x0000,0x0000,0x3fff,0xffff,0xfffc,0x0000,0x0000,0x3fff,0xffff,0xfffc,0x0000,0x0000,0x0000,0x0000,0x0000,0x0000,0x0000,0x0000,
  0x0000,0x0000,0x0000,0x0000,0x0000,0x0000,0x0000,0x0000,0x3fff,0xffff,0xfff8,0x0000,0x0000,0x3fff,0xffff,0xfff8,0x0000,0x0000,0x0000,0x0000,0x0000,0x0000,0x0000,0x0000,
  0x0000,0x0000,0x0000,0x0000,0x0000,0x0000,0x0000,0x0000,0x1fff,0xffff,0xfff8,0x0000,0x0000,0x1fff,0xffff,0xfff8,0x0000,0x0000,0x0000,0x0000,0x0000,0x0000,0x0000,0x0000,
  0x0000,0x0000,0x0000,0x0000,0x0000,0x0000,0x0000,0x0000,0x1fff,0xffff,0xfff0,0x0000,0x0000,0x1fff,0xffff,0xfff0,0x0000,0x0000,0x0000,0x0000,0x0000,0x0000,0x0000,0x0000,
  0x0000,0x0000,0x0000,0x0000,0x0000,0x0000,0x0000,0x0000,0x0fff,0xffff,0xfff0,0x0000,0x0000,0x0fff,0xffff,0xffe0,0x0000,0x0000,0x0000,0x0000,0x0000,0x0000,0x0000,0x0000,
  0x0000,0x0000,0x0000,0x0000,0x0000,0x0000,0x0000,0x0000,0x07ff,0xffff,0xffe0,0x0000,0x0000,0x07ff,0xffff,0xffe0,0x0000,0x0000,0x0000,0x0000,0x0000,0x0000,0x0000,0x0000,
  0x0000,0x0000,0x0000,0x0000,0x0000,0x0000,0x0000,0x0000,0x07ff,0xffff,0xffc0,0x0000,0x0000,0x07ff,0xffff,0xffc0,0x0000,0x0000,0x0000,0x0000,0x0000,0x0000,0x0000,0x0000,
  0x0000,0x0000,0x0000,0x0000,0x0000,0x0000,0x0000,0x0000,0x03ff,0xffff,0xffc0,0x0000,0x0000,0x03ff,0xffff,0xffc0,0x0000,0x0000,0x0000,0x0000,0x0000,0x0000,0x0000,0x0000,
  0x0000,0x0000,0x0000,0x0000,0x0000,0x0000,0x0000,0x0000,0x01ff,0xffff,0xff80,0x0000,0x0000,0x01ff,0xffff,0xff80,0x0000,0x0000,0x0000,0x0000,0x0000,0x0000,0x0000,0x0000,
  0x0000,0x0000,0x0000,0x0000,0x0000,0x0000,0x0000,0x0000,0x00ff,0xffff,0xff00,0x0000,0x0000,0x01ff,0xffff,0xff00,0x0000,0x0000,0x0000,0x0000,0x0000,0x0000,0x0000,0x0000,
  0x0000,0x0000,0x0000,0x0000,0x0000,0x0000,0x0000,0x0000,0x00ff,0xffff,0xfe00,0x0000,0x0000,0x00ff,0xffff,0xfe00,0x0000,0x0000,0x0000,0x0000,0x0000,0x0000,0x0000,0x0000,
  0x0000,0x0000,0x0000,0x0000,0x0000,0x0000,0x0000,0x0000,0x007f,0xffff,0xfc00,0x0000,0x0000,0x007f,0xffff,0xfc00,0x0000,0x0000,0x0000,0x0000,0x0000,0x0000,0x0000,0x0000,
  0x0000,0x0000,0x0000,0x0000,0x0000,0x0000,0x0000,0x0000,0x003f,0xffff,0xf800,0x0000,0x0000,0x001f,0xffff,0xf800,0x0000,0x0000,0x0000,0x0000,0x0000,0x0000,0x0000,0x0000,
  0x0000,0x0000,0x0000,0x0000,0x0000,0x0000,0x0000,0x0000,0x000f,0xffff,0xf000,0x0000,0x0000,0x000f,0xffff,0xf000,0x0000,0x0000,0x0000,0x0000,0x0000,0x0000,0x0000,0x0000,
  0x0000,0x0000,0x0000,0x0000,0x0000,0x0000,0x0000,0x0000,0x0007,0xffff,0xc000,0x0000,0x0000,0x0007,0xffff,0xc000,0x0000,0x0000,0x0000,0x0000,0x0000,0x0000,0x0000,0x0000,
  0x0000,0x0000,0x0000,0x0000,0x0000,0x0000,0x0000,0x0000,0x0001,0xffff,0x8000,0x0000,0x0000,0x0001,0xffff,0x8000,0x0000,0x0000,0x0000,0x0000,0x0000,0x0000,0x0000,0x0000,
  0x0000,0x0000,0x0000,0x0000,0x0000,0x0000,0x0000,0x0000,0x0000,0x7ffe,0x0000,0x0000,0x0000,0x0000,0x7ffe,0x0000,0x0000,0x0000,0x0000,0x0000,0x0000,0x0000,0x0000,0x0000,
  0x0000,0x0000,0x0000,0x0000,0x0000,0x0000,0x0000,0x0000,0x0000,0x0ff0,0x0000,0x0000,0x0000,0x0000,0x0fe0,0x0000,0x0000,0x0000,0x0000,0x0000,0x0000,0x0000,0x0000,0x0000,
  0x0000,0x0000,0x0000,0x0000,0x0000,0x0000,0x0000,0x0000,0x0000,0x0000,0x0000,0x0000,0x0000,0x0000,0x0000,0x0000,0x0000,0x0000,0x0000,0x0000,0x0000,0x0000,0x0000,0x0000,
  0x0000,0x0000,0x0000,0x0000,0x0000,0x0000,0x0000,0x0000,0x0000,0x0000,0x0000,0x0000,0x0000,0x0000,0x0000,0x0000,0x0000,0x0000,0x0000,0x0000,0x0000,0x0000,0x0000,0x0000,
  0x0000,0x0000,0x0000,0x0000,0x0000,0x0000,0x0000,0x0000,0x0000,0x0000,0x0000,0x0000,0x0000,0x0000,0x0000,0x0000,0x0000,0x0000,0x0000,0x0000,0x0000,0x0000,0x0000,0x0000,
  0x0000,0x0000,0x0000,0x0000,0x0000,0x0000,0x0000,0x0000,0x0000,0x0000,0x0000,0x0000,0x0000,0x0000,0x0000,0x0000,0x0000,0x0000,0x0000,0x0000,0x0000,0x0000,0x0000,0x0000,
  0x0000,0x0000,0x0000,0x0000,0x0000,0x0000,0x0000,0x0000,0x0000,0x0000,0x0000,0x0000,0x0000,0x0000,0x0000,0x0000,0x0000,0x0000,0x0000,0x0000,0x0000,0x0000,0x0000,0x0000,
  0x0000,0x0000,0x0000,0x0000,0x0000,0x0000,0x0000,0x0000,0x0000,0x0000,0x0000,0x0000,0x0000,0x0000,0x0000,0x0000,0x0000,0x0000,0x0000,0x0000,0x0000,0x0000,0x0000,0x0000,
  0x0000,0x0000,0x0000,0x0000,0x0000,0x0000,0x0000,0x0000,0x0000,0x0000,0x0000,0x0000,0x0000,0x0000,0x0000,0x0000,0x0000,0x0000,0x0000,0x0000,0x0000,0x0000,0x0000,0x0000,
  0x0000,0x0000,0x0000,0x0000,0x0000,0x0000,0x0000,0x0000,0x0000,0x0000,0x0000,0x0000,0x0000,0x0000,0x0000,0x0000,0x0000,0x0000,0x0000,0x0000,0x0000,0x0000,0x0000,0x0000,
  0x0000,0x0000,0x0000,0x0000,0x0000,0x0000,0x0000,0x0000,0x0000,0x0000,0x0000,0x0000,0x0000,0x0000,0x0000,0x0000,0x0000,0x0000,0x0000,0x0000,0x0000,0x0000,0x0000,0x0000,
  0x0000,0x0000,0x0000,0x0000,0x0000,0x0000,0x0000,0x0000,0x0000,0x0000,0x0000,0x0000,0x0000,0x0000,0x0000,0x0000,0x0000,0x0000,0x0000,0x0000,0x0000,0x0000,0x0000,0x0000,
  0x0000,0x0000,0x0000,0x0000,0x0000,0x0000,0x0000,0x0000,0x0000,0x0000,0x0000,0x0000,0x0000,0x0000,0x0000,0x0000,0x0000,0x0000,0x0000,0x0000,0x0000,0x0000,0x0000,0x0000,
  0x0000,0x0000,0x0000,0x0000,0x0000,0x0000,0x0000,0x0000,0x0000,0x0000,0x0000,0x0000,0x0000,0x0000,0x0000,0x0000,0x0000,0x0000,0x0000,0x0000,0x0000,0x0000,0x0000,0x0001,
  0x0000,0x0000,0x0000,0x0000,0x0000,0x0000,0x0000,0x0000,0x0000,0x0000,0x0000,0x0000,0x0000,0x0000,0x0000,0x0000,0x0000,0x0000,0x0000,0x0000,0x0000,0x0000,0x0000,0x0000,
  0x0000,0x0000,0x0000,0x0000,0x0000,0x0000,0x0000,0x0000,0x0000,0x0000,0x0000,0x0000,0x0000,0x0000,0x0000,0x0000,0x0000,0x0000,0x0000,0x0000,0x0000,0x0000,0x0000,0x0000,
  0x0000,0x0000,0x0000,0x0000,0x0000,0x0000,0x0000,0x0000,0x0000,0x0000,0x0000,0x0000,0x0000,0x0000,0x0000,0x0000,0x0000,0x0000,0x0000,0x0000,0x0000,0x0000,0x0000,0x0000,
  0x0000,0x0000,0x0000,0x0000,0x0000,0x0000,0x0000,0x0000,0x0000,0x0000,0x0000,0x0000,0x0000,0x0000,0x0000,0x0000,0x0000,0x0000,0x0000,0x0000,0x0000,0x0000,0x0000,0x0000,
  0x0000,0x0000,0x0001,0xfc00,0x0000,0x0000,0x0000,0x0000,0x0000,0x0000,0x0000,0x0000,0x0001,0xfc00,0x0000,0x0000,0x0000,0x0001,0xfc00,0x0000,0x0000,0x0000,0x0000,0x0000,
  0x0000,0x0000,0x000f,0xff80,0x0000,0x0000,0x0000,0x0000,0x0000,0x0000,0x0000,0x0000,0x000f,0xff80,0x0000,0x0000,0x0000,0x000f,0xff80,0x0000,0x0000,0x0000,0x0000,0x0000,
  0x0000,0x0000,0x003f,0xfff0,0x0000,0x0000,0x0000,0x0000,0x0000,0x0000,0x0000,0x0000,0x003f,0xffe0,0x0000,0x0000,0x0000,0x003f,0xffe0,0x0000,0x0000,0x0000,0x0000,0x0000,
  0x0000,0x0000,0x00ff,0xfff8,0x0000,0x0000,0x0000,0x0000,0x0000,0x0000,0x0000,0x0000,0x00ff,0xfff8,0x0000,0x0000,0x0000,0x00ff,0xfff8,0x0000,0x0000,0x0000,0x0000,0x0000,
  0x0000,0x0000,0x01ff,0xfffe,0x0000,0x0000,0x0000,0x0000,0x0000,0x0000,0x0000,0x0000,0x01ff,0xfffe,0x0000,0x0000,0x0000,0x01ff,0xfffc,0x0000,0x0000,0x0000,0x0000,0x0000,
  0x0000,0x0000,0x03ff,0xffff,0x0000,0x0000,0x0000,0x0000,0x0000,0x0000,0x0000,0x0000,0x07ff,0xffff,0x0000,0x0000,0x0000,0x07ff,0xffff,0x0000,0x0000,0x0000,0x0000,0x0000,
  0x0000,0x0000,0x07ff,0xffff,0x8000,0x0000,0x0000,0x0000,0x0000,0x0000,0x0000,0x0000,0x0fff,0xffff,0x8000,0x0000,0x0000,0x0fff,0xffff,0x8000,0x0000,0x0000,0x0000,0x0000,
  0x0000,0x0000,0x0fff,0xffff,0xc000,0x0000,0x0000,0x0000,0x0000,0x0000,0x0000,0x0000,0x1fff,0xffff,0xc000,0x0000,0x0000,0x1fff,0xffff,0xc000,0x0000,0x0000,0x0000,0x0000,
  0x0000,0x0000,0x1fff,0xffff,0xe000,0x0000,0x0000,0x0000,0x0000,0x0000,0x0000,0x0000,0x3fff,0xffff,0xe000,0x0000,0x0000,0x1fff,0xffff,0xe000,0x0000,0x0000,0x0000,0x0000,
  0x0000,0x0000,0x3fff,0xffff,0xf000,0x0000,0x0000,0x0000,0x0000,0x0000,0x0000,0x0000,0x3fff,0xffff,0xf000,0x0000,0x0000,0x3fff,0xffff,0xe000,0x0000,0x0000,0x0000,0x0000,
  0x0000,0x0000,0x7fff,0xffff,0xf000,0x0000,0x0000,0x0000,0x0000,0x0000,0x0000,0x0000,0x7fff,0xffff,0xf000,0x0000,0x0000,0x7fff,0xffff,0xf000,0x0000,0x0000,0x0000,0x0000,
  0x0000,0x0000,0xffff,0xffff,0xf800,0x0000,0x0000,0x0000,0x0000,0x0000,0x0000,0x0000,0xffff,0xffff,0xf800,0x0000,0x0000,0xffff,0xffff,0xf800,0x0000,0x0000,0x0000,0x0000,
  0x0000,0x0000,0xffff,0xffff,0xfc00,0x0000,0x0000,0x0000,0x0000,0x0000,0x0000,0x0000,0xffff,0xffff,0xfc00,0x0000,0x0000,0xffff,0xffff,0xfc00,0x0000,0x0000,0x0000,0x0000,
  0x0000,0x0001,0xffff,0xffff,0xfc00,0x0000,0x0000,0x0000,0x0000,0x0000,0x0000,0x0001,0xffff,0xffff,0xfc00,0x0000,0x0001,0xffff,0xffff,0xfc00,0x0000,0x0000,0x0000,0x0000,
  0x0000,0x0001,0xffff,0xffff,0xfe00,0x0000,0x0000,0x0000,0x0000,0x0000,0x0000,0x0003,0xffff,0xffff,0xfe00,0x0000,0x0003,0xffff,0xffff,0xfe00,0x0000,0x0000,0x0000,0x0000,
  0x0000,0x0003,0xffff,0xffff,0xfe00,0x0000,0x0000,0x0000,0x0000,0x0000,0x0000,0x0003,0xffff,0xffff,0xfe00,0x0000,0x0003,0xffff,0xffff,0xfe00,0x0000,0x0000,0x0000,0x0000,
  0x0000,0x0007,0xffff,0xffff,0xff00,0x0000,0x0000,0x0000,0x0000,0x0000,0x0000,0x0007,0xffff,0xffff,0xff00,0x0000,0x0007,0xffff,0xffff,0xff00,0x0000,0x0000,0x0000,0x0000,
  0x0000,0x0007,0xffff,0xffff,0xff00,0x0000,0x0000,0x0000,0x0000,0x0000,0x0000,0x0007,0xffff,0xffff,0xff00,0x0000,0x0007,0xffff,0xffff,0xff00,0x0000,0x0000,0x0000,0x0000,
  0x0000,0x0007,0xffff,0xffff,0xff80,0x0000,0x0000,0x0000,0x0000,0x0000,0x0000,0x000f,0xffff,0xffff,0xff80,0x0000,0x000f,0xffff,0xffff,0xff80,0x0000,0x0000,0x0000,0x0000,
  0x0000,0x000f,0xffff,0xffff,0xff80,0x0000,0x0000,0x0000,0x0000,0x0000,0x0000,0x000f,0xffff,0xffff,0xff80,0x0000,0x000f,0xffff,0xffff,0xff80,0x0000,0x0000,0x0000,0x0000,
  0x0000,0x000f,0xffff,0xffff,0xffc0,0x0000,0x0000,0x0000,0x0000,0x0000,0x0000,0x000f,0xffff,0xffff,0xffc0,0x0000,0x000f,0xffff,0xffff,0xff80,0x0000,0x0000,0x0000,0x0000,
  0x0000,0x001f,0xffff,0xffff,0xffc0,0x0000,0x0000,0x0000,0x0000,0x0000,0x0000,0x001f,0xffff,0xffff,0xffc0,0x0000,0x001f,0xffff,0xffff,0xffc0,0x0000,0x0000,0x0000,0x0000,
  0x0000,0x001f,0xffff,0xffff,0xffc0,0x0000,0x0000,0x0000,0x0000,0x0000,0x0000,0x001f,0xffff,0xffff,0xffc0,0x0000,0x001f,0xffff,0xffff,0xffc0,0x0000,0x0000,0x0000,0x0000,
  0x0000,0x001f,0xffff,0xffff,0xffe0,0x0000,0x0000,0x0000,0x0000,0x0000,0x0000,0x001f,0xffff,0xffff,0xffe0,0x0000,0x001f,0xffff,0xffff,0xffe0,0x0000,0x0000,0x0000,0x0000,
  0x0000,0x003f,0xffff,0xffff,0xffe0,0x0000,0x0000,0x0000,0x0000,0x0000,0x0000,0x003f,0xffff,0xffff,0xffe0,0x0000,0x003f,0xffff,0xffff,0xffe0,0x0000,0x0000,0x0000,0x0000,
  0x0000,0x003f,0xffff,0xffff,0xffe0,0x0000,0x0000,0x0000,0x0000,0x0000,0x0000,0x003f,0xffff,0xffff,0xffe0,0x0000,0x003f,0xffff,0xffff,0xffe0,0x0000,0x0000,0x0000,0x0000,
  0x0000,0x003f,0xffff,0xffff,0xffe0,0x0000,0x0000,0x0000,0x0000,0x0000,0x0000,0x003f,0xffff,0xffff,0xfff0,0x0000,0x003f,0xffff,0xffff,0xffe0,0x0000,0x0000,0x0000,0x0000,
  0x0000,0x003f,0xffff,0xffff,0xfff0,0x0000,0x0000,0x0000,0x0000,0x0000,0x0000,0x003f,0xffff,0xffff,0xfff0,0x0000,0x003f,0xffff,0xffff,0xfff0,0x0000,0x0000,0x0000,0x0000,
  0x0000,0x003f,0xffff,0xffff,0xfff0,0x0000,0x0000,0x0000,0x0000,0x0000,0x0000,0x007f,0xffff,0xffff,0xfff0,0x0000,0x007f,0xffff,0xffff,0xfff0,0x0000,0x0000,0x0000,0x0000,
  0x0000,0x007f,0xffff,0xffff,0xfff0,0x0000,0x0000,0x0000,0x0000,0x0000,0x0000,0x007f,0xffff,0xffff,0xfff0,0x0000,0x007f,0xffff,0xffff,0xfff0,0x0000,0x0000,0x0000,0x0000,
  0x0000,0x007f,0xffff,0xffff,0xfff0,0x0000,0x0000,0x0000,0x0000,0x0000,0x0000,0x007f,0xffff,0xffff,0xfff0,0x0000,0x007f,0xffff,0xffff,0xfff0,0x0000,0x0000,0x0000,0x0000,
  0x0000,0x007f,0xffff,0xffff,0xfff0,0x0000,0x0000,0x0000,0x0000,0x0000,0x0000,0x007f,0xffff,0xffff,0xfff0,0x0000,0x007f,0xffff,0xffff,0xfff0,0x0000,0x0000,0x0000,0x0000,
  0x0000,0x007f,0xffff,0xffff,0xfff8,0x0000,0x0000,0x0000,0x0000,0x0000,0x0000,0x007f,0xffff,0xffff,0xfff8,0x0000,0x007f,0xffff,0xffff,0xfff0,0x0000,0x0000,0x0000,0x0000,
  0x0000,0x007f,0xffff,0xffff,0xfff8,0x0000,0x0000,0x0000,0x0000,0x0000,0x0000,0x007f,0xffff,0xffff,0xfff8,0x0000,0x007f,0xffff,0xffff,0xfff8,0x0000,0x0000,0x0000,0x0000,
  0x0000,0x007f,0xffff,0xffff,0xfff8,0x0000,0x0000,0x0000,0x0000,0x0000,0x0000,0x00ff,0xffff,0xffff,0xfff8,0x0000,0x007f,0xffff,0xffff,0xfff8,0x0000,0x0000,0x0000,0x0000,
  0x0000,0x00ff,0xffff,0xffff,0xfff8,0x0000,0x0000,0x0000,0x0000,0x0000,0x0000,0x00ff,0xffff,0xffff,0xfff8,0x0000,0x00ff,0xffff,0xffff,0xfff8,0x0000,0x0000,0x0000,0x0000,
  0x0000,0x00ff,0xffff,0xffff,0xfff8,0x0000,0x0000,0x0000,0x0000,0x0000,0x0000,0x00ff,0xffff,0xffff,0xfff8,0x0000,0x00ff,0xffff,0xffff,0xfff8,0x0000,0x0000,0x0000,0x0000,
  0x0000,0x00ff,0xffff,0xffff,0xfff8,0x0000,0x0000,0x0000,0x0000,0x0000,0x0000,0x00ff,0xffff,0xffff,0xfff8,0x0000,0x00ff,0xffff,0xffff,0xfff8,0x0000,0x0000,0x0000,0x0000,
  0x0000,0x00ff,0xffff,0xffff,0xfff8,0x0000,0x0000,0x0000,0x0000,0x0000,0x0000,0x00ff,0xffff,0xffff,0xfff8,0x0000,0x00ff,0xffff,0xffff,0xfff8,0x0000,0x0000,0x0000,0x0000,
  0x0000,0x00ff,0xffff,0xffff,0xfff8,0x0000,0x0000,0x0000,0x0000,0x0000,0x0000,0x00ff,0xffff,0xffff,0xfff8,0x0000,0x00ff,0xffff,0xffff,0xfff8,0x0000,0x0000,0x0000,0x0000,
  0x0000,0x00ff,0xffff,0xffff,0xfff8,0x0000,0x0000,0x0000,0x0000,0x0000,0x0000,0x00ff,0xffff,0xffff,0xfff8,0x0000,0x00ff,0xffff,0xffff,0xfff8,0x0000,0x0000,0x0000,0x0000,
  0x0000,0x00ff,0xffff,0xffff,0xfff8,0x0000,0x0000,0x0000,0x0000,0x0000,0x0000,0x00ff,0xffff,0xffff,0xfff8,0x0000,0x00ff,0xffff,0xffff,0xfff8,0x0000,0x0000,0x0000,0x0000,
  0x0000,0x00ff,0xffff,0xffff,0xfff8,0x0000,0x0000,0x0000,0x0000,0x0000,0x0000,0x00ff,0xffff,0xffff,0xfff8,0x0000,0x00ff,0xffff,0xffff,0xfff8,0x0000,0x0000,0x0000,0x0000,
  0x0000,0x00ff,0xffff,0xffff,0xfff8,0x0000,0x0000,0x0000,0x0000,0x0000,0x0000,0x00ff,0xffff,0xffff,0xfff8,0x0000,0x00ff,0xffff,0xffff,0xfff8,0x0000,0x0000,0x0000,0x0000,
  0x0000,0x007f,0xffff,0xffff,0xfff8,0x0000,0x0000,0x0000,0x0000,0x0000,0x0000,0x00ff,0xffff,0xffff,0xfff8,0x0000,0x00ff,0xffff,0xffff,0xfff8,0x0000,0x0000,0x0000,0x0000,
  0x0000,0x007f,0xffff,0xffff,0xfff8,0x0000,0x0000,0x0000,0x0000,0x0000,0x0000,0x00ff,0xffff,0xffff,0xfff8,0x0000,0x007f,0xffff,0xffff,0xfff8,0x0000,0x0000,0x0000,0x0000,
  0x0000,0x007f,0xffff,0xffff,0xfff8,0x0000,0x0000,0x0000,0x0000,0x0000,0x0000,0x007f,0xffff,0xffff,0xfff8,0x0000,0x007f,0xffff,0xffff,0xfff8,0x0000,0x0000,0x0000,0x0000,
  0x0000,0x007f,0xffff,0xffff,0xfff8,0x0000,0x0000,0x0000,0x0000,0x0000,0x0000,0x007f,0xffff,0xffff,0xfff8,0x0000,0x007f,0xffff,0xffff,0xfff0,0x0000,0x0000,0x0000,0x0000,
  0x0000,0x007f,0xffff,0xffff,0xfff0,0x0000,0x0000,0x0000,0x0000,0x0000,0x0000,0x007f,0xffff,0xffff,0xfff0,0x0000,0x007f,0xffff,0xffff,0xfff0,0x0000,0x0000,0x0000,0x0000,
  0x0000,0x007f,0xffff,0xffff,0xfff0,0x0000,0x0000,0x0000,0x0000,0x0000,0x0000,0x007f,0xffff,0xffff,0xfff0,0x0000,0x007f,0xffff,0xffff,0xfff0,0x0000,0x0000,0x0000,0x0000,
  0x0000,0x007f,0xffff,0xffff,0xfff0,0x0000,0x0000,0x0000,0x0000,0x0000,0x0000,0x007f,0xffff,0xffff,0xfff0,0x0000,0x007f,0xffff,0xffff,0xfff0,0x0000,0x0000,0x0000,0x0000,
  0x0000,0x003f,0xffff,0xffff,0xfff0,0x0000,0x0000,0x0000,0x0000,0x0000,0x0000,0x007f,0xffff,0xffff,0xfff0,0x0000,0x007f,0xffff,0xffff,0xfff0,0x0000,0x0000,0x0000,0x0000,
  0x0000,0x003f,0xffff,0xffff,0xfff0,0x0000,0x0000,0x0000,0x0000,0x0000,0x0000,0x003f,0xffff,0xffff,0xfff0,0x0000,0x003f,0xffff,0xffff,0xfff0,0x0000,0x0000,0x0000,0x0000,
  0x0000,0x003f,0xffff,0xffff,0xffe0,0x0000,0x0000,0x0000,0x0000,0x0000,0x0000,0x003f,0xffff,0xffff,0xfff0,0x0000,0x003f,0xffff,0xffff,0xffe0,0x0000,0x0000,0x0000,0x0000,
  0x0000,0x003f,0xffff,0xffff,0xffe0,0x0000,0x0000,0x0000,0x0000,0x0000,0x0000,0x003f,0xffff,0xffff,0xffe0,0x0000,0x003f,0xffff,0xffff,0xffe0,0x0000,0x0000,0x0000,0x0000,
  0x0000,0x003f,0xffff,0xffff,0xffe0,0x0000,0x0000,0x0000,0x0000,0x0000,0x0000,0x003f,0xffff,0xffff,0xffe0,0x0000,0x003f,0xffff,0xffff,0xffe0,0x0000,0x0000,0x0000,0x0000,
  0x0000,0x001f,0xffff,0xffff,0xffe0,0x0000,0x0000,0x0000,0x0000,0x0000,0x0000,0x001f,0xffff,0xffff,0xffe0,0x0000,0x001f,0xffff,0xffff,0xffe0,0x0000,0x0000,0x0000,0x0000,
  0x0000,0x001f,0xffff,0xffff,0xffc0,0x0000,0x0000,0x0000,0x0000,0x0000,0x0000,0x001f,0xffff,0xffff,0xffc0,0x0000,0x001f,0xffff,0xffff,0xffc0,0x0000,0x0000,0x0000,0x0000,
  0x0000,0x001f,0xffff,0xffff,0xffc0,0x0000,0x0000,0x0000,0x0000,0x0000,0x0000,0x001f,0xffff,0xffff,0xffc0,0x0000,0x001f,0xffff,0xffff,0xffc0,0x0000,0x0000,0x0000,0x0000,
  0x0000,0x000f,0xffff,0xffff,0xffc0,0x0000,0x0000,0x0000,0x0000,0x0000,0x0000,0x000f,0xffff,0xffff,0xffc0,0x0000,0x000f,0xffff,0xffff,0xffc0,0x0000,0x0000,0x0000,0x0000,
  0x0000,0x000f,0xffff,0xffff,0xff80,0x0000,0x0000,0x0000,0x0000,0x0000,0x0000,0x000f,0xffff,0xffff,0xff80,0x0000,0x000f,0xffff,0xffff,0xff80,0x0000,0x0000,0x0000,0x0000,
  0x0000,0x0007,0xffff,0xffff,0xff80,0x0000,0x0000,0x0000,0x0000,0x0000,0x0000,0x000f,0xffff,0xffff,0xff80,0x0000,0x000f,0xffff,0xffff,0xff80,0x0000,0x0000,0x0000,0x0000,
  0x0000,0x0007,0xffff,0xffff,0xff00,0x0000,0x0000,0x0000,0x0000,0x0000,0x0000,0x0007,0xffff,0xffff,0xff00,0x0000,0x0007,0xffff,0xffff,0xff00,0x0000,0x0000,0x0000,0x0000,
  0x0000,0x0007,0xffff,0xffff,0xff00,0x0000,0x0000,0x0000,0x0000,0x0000,0x0000,0x0007,0xffff,0xffff,0xff00,0x0000,0x0007,0xffff,0xffff,0xff00,0x0000,0x0000,0x0000,0x0000,
  0x0000,0x0003,0xffff,0xffff,0xfe00,0x0000,0x0000,0x0000,0x0000,0x0000,0x0000,0x0003,0xffff,0xffff,0xfe00,0x0000,0x0003,0xffff,0xffff,0xfe00,0x0000,0x0000,0x0000,0x0000,
  0x0000,0x0001,0xffff,0xffff,0xfe00,0x0000,0x0000,0x0000,0x0000,0x0000,0x0000,0x0003,0xffff,0xffff,0xfe00,0x0000,0x0003,0xffff,0xffff,0xfe00,0x0000,0x0000,0x0000,0x0000,
  0x0000,0x0001,0xffff,0xffff,0xfc00,0x0000,0x0000,0x0000,0x0000,0x0000,0x0000,0x0001,0xffff,0xffff,0xfc00,0x0000,0x0001,0xffff,0xffff,0xfc00,0x0000,0x0000,0x0000,0x0000,
  0x0000,0x0000,0xffff,0xffff,0xfc00,0x0000,0x0000,0x0000,0x0000,0x0000,0x0000,0x0000,0xffff,0xffff,0xfc00,0x0000,0x0000,0xffff,0xffff,0xfc00,0x0000,0x0000,0x0000,0x0000,
  0x0000,0x0000,0xffff,0xffff,0xf800,0x0000,0x0000,0x0000,0x0000,0x0000,0x0000,0x0000,0xffff,0xffff,0xf800,0x0000,0x0000,0xffff,0xffff,0xf800,0x0000,0x0000,0x0000,0x0000,
  0x0000,0x0000,0x7fff,0xffff,0xf000,0x0000,0x0000,0x0000,0x0000,0x0000,0x0000,0x0000,0x7fff,0xffff,0xf000,0x0000,0x0000,0x7fff,0xffff,0xf000,0x0000,0x0000,0x0000,0x0000,
  0x0000,0x0000,0x3fff,0xffff,0xe000,0x0000,0x0000,0x0000,0x0000,0x0000,0x0000,0x0000,0x3fff,0xffff,0xf000,0x0000,0x0000,0x3fff,0xffff,0xe000,0x0000,0x0000,0x0000,0x0000,
  0x0000,0x0000,0x1fff,0xffff,0xe000,0x0000,0x0000,0x0000,0x0000,0x0000,0x0000,0x0000,0x3fff,0xffff,0xe000,0x0000,0x0000,0x1fff,0xffff,0xe000,0x0000,0x0000,0x0000,0x0000,
  0x0000,0x0000,0x0fff,0xffff,0xc000,0x0000,0x0000,0x0000,0x0000,0x0000,0x0000,0x0000,0x1fff,0xffff,0xc000,0x0000,0x0000,0x0fff,0xffff,0xc000,0x0000,0x0000,0x0000,0x0000,
  0x0000,0x0000,0x0fff,0xffff,0x8000,0x0000,0x0000,0x0000,0x0000,0x0000,0x0000,0x0000,0x0fff,0xffff,0x8000,0x0000,0x0000,0x0fff,0xffff,0x8000,0x0000,0x0000,0x0000,0x0000,
  0x0000,0x0000,0x03ff,0xffff,0x0000,0x0000,0x0000,0x0000,0x0000,0x0000,0x0000,0x0000,0x07ff,0xffff,0x0000,0x0000,0x0000,0x03ff,0xffff,0x0000,0x0000,0x0000,0x0000,0x0000,
  0x0000,0x0000,0x01ff,0xfffe,0x0000,0x0000,0x0000,0x0000,0x0000,0x0000,0x0000,0x0000,0x01ff,0xfffe,0x0000,0x0000,0x0000,0x01ff,0xfffc,0x0000,0x0000,0x0000,0x0000,0x0000,
  0x0000,0x0000,0x00ff,0xfff8,0x0000,0x0000,0x0000,0x0000,0x0000,0x0000,0x0000,0x0000,0x00ff,0xfff8,0x0000,0x0000,0x0000,0x00ff,0xfff8,0x0000,0x0000,0x0000,0x0000,0x0000,
  0x0000,0x0000,0x003f,0xffe0,0x0000,0x0000,0x0000,0x0000,0x0000,0x0000,0x0000,0x0000,0x003f,0xffe0,0x0000,0x0000,0x0000,0x003f,0xffe0,0x0000,0x0000,0x0000,0x0000,0x0000,
  0x0000,0x0000,0x000f,0xffc0,0x0000,0x0000,0x0000,0x0000,0x0000,0x0000,0x0000,0x0000,0x000f,0xff80,0x0000,0x0000,0x0000,0x000f,0xffc0,0x0000,0x0000,0x0000,0x0000,0x0000,
  0x0000,0x0000,0x0000,0xf800,0x0000,0x0000,0x0000,0x0000,0x0000,0x0000,0x0000,0x0000,0x0001,0xfc00,0x0000,0x0000,0x0000,0x0000,0xf800,0x0000,0x0000,0x0000,0x0000,0x0000,
  0x0000,0x0000,0x0000,0x0000,0x0000,0x0000,0x0000,0x0000,0x0000,0x0000,0x0000,0x0000,0x0000,0x0000,0x0000,0x0000,0x0000,0x0000,0x0000,0x0000,0x0000,0x0000,0x0000,0x0000,
  0x0000,0x0000,0x0000,0x0000,0x0000,0x0000,0x0000,0x0000,0x0000,0x0000,0x0000,0x0000,0x0000,0x0000,0x0000,0x0000,0x0000,0x0000,0x0000,0x0000,0x0000,0x0000,0x0000,0x0000,
  0x0000,0x0000,0x0000,0x0000,0x0000,0x0000,0x0000,0x0000,0x0000,0x0000,0x0000,0x0000,0x0000,0x0000,0x0000,0x0000,0x0000,0x0000,0x0000,0x0000,0x0000,0x0000,0x0000,0x0000,
  0x0000,0x0000,0x0000,0x0000,0x0000,0x0000,0x0000,0x0000,0x0000,0x0000,0x0000,0x0000,0x0000,0x0000,0x0000,0x0000,0x0000,0x0000,0x0000,0x0000,0x0000,0x0000,0x0000,0x0000,
  0x0000,0x0000,0x0000,0x0000,0x0000,0x0000,0x0000,0x0000,0x0000,0x0000,0x0000,0x0000,0x0000,0x0000,0x0000,0x0000,0x0000,0x0000,0x0000,0x0000,0x0000,0x0000,0x0000,0x0000,
  0x0000,0x0000,0x0000,0x0000,0x0000,0x0000,0x0000,0x0000,0x0000,0x0000,0x0000,0x0000,0x0000,0x0000,0x0000,0x0000,0x0000,0x0000,0x0000,0x0000,0x0000,0x0000,0x0000,0x0000,
  0x0000,0x0000,0x0000,0x0000,0x0000,0x0000,0x0000,0x0000,0x0000,0x0000,0x0000,0x0000,0x0000,0x0000,0x0000,0x0000,0x0000,0x0000,0x0000,0x0000,0x0000,0x0000,0x0000,0x0000,
  0x0000,0x0000,0x0000,0x0000,0x0000,0x0000,0x0000,0x0000,0x0000,0x0000,0x0000,0x0000,0x0000,0x0000,0x0000,0x0000,0x0000,0x0000,0x0000,0x0000,0x0000,0x0000,0x0000,0x0000,
  0x0000,0x0000,0x0000,0x0000,0x0000,0x0000,0x0000,0x0000,0x0000,0x0000,0x0000,0x0000,0x0000,0x0000,0x0000,0x0000,0x0000,0x0000,0x0000,0x0000,0x0000,0x0000,0x0000,0x0000,
  0x0000,0x0000,0x0000,0x0000,0x0000,0x0000,0x0000,0x0000,0x0000,0x0000,0x0000,0x0000,0x0000,0x0000,0x0000,0x0000,0x0000,0x0000,0x0000,0x0000,0x0000,0x0000,0x0000,0x0000,
  0x0000,0x0000,0x0000,0x0000,0x0000,0x0000,0x0000,0x0000,0x0000,0x0000,0x0000,0x0000,0x0000,0x0000,0x0000,0x0000,0x0000,0x0000,0x0000,0x0000,0x0000,0x0000,0x0000,0x0000,
  0x0000,0x0000,0x0000,0x0000,0x0000,0x0000,0x0000,0x0000,0x0000,0x0000,0x0000,0x0000,0x0000,0x0000,0x0000,0x0000,0x0000,0x0000,0x0000,0x0000,0x0000,0x0000,0x0000,0x0000,
  0x0000,0x0000,0x0000,0x0000,0x0000,0x0000,0x0000,0x0000,0x0000,0x0000,0x0000,0x0000,0x0000,0x0000,0x0000,0x0000,0x0000,0x0000,0x0000,0x0000,0x0000,0x0000,0x0000,0x0000,
  0x0000,0x0000,0x0000,0x0000,0x0000,0x0000,0x0000,0x0000,0x0000,0x0000,0x0000,0x0000,0x0000,0x0000,0x0000,0x0000,0x0000,0x0000,0x0000,0x0000,0x0000,0x0000,0x0000,0x0000,
  0x0000,0x0000,0x0000,0x0000,0x0000,0x0000,0x0000,0x0000,0x0000,0x0000,0x0000,0x0000,0x0000,0x0000,0x0000,0x0000,0x0000,0x0000,0x0000,0x0000,0x0000,0x0000,0x0000,0x0000,
  0x0000,0x0000,0x0000,0x0000,0x0000,0x0000,0x0000,0x0000,0x0000,0x0000,0x0000,0x0000,0x0000,0x0000,0x0000,0x0000,0x0000,0x0000,0x0000,0x0000,0x0000,0x0000,0x0000,0x0000,
  0xf000,0x0000,0x0000,0x0000,0x0000,0x0000,0x0000,0x0000,0x0000,0x0ff0,0x0000,0x0000,0x0000,0x0000,0x0ff0,0x0000,0x0000,0x0000,0x0000,0x0000,0x0000,0x0000,0x0000,0x000f,
  0xfe00,0x0000,0x0000,0x0000,0x0000,0x0000,0x0000,0x0000,0x0000,0x7ffe,0x0000,0x0000,0x0000,0x0000,0x7ffe,0x0000,0x0000,0x0000,0x0000,0x0000,0x0000,0x0000,0x0000,0x007f,
  0xff80,0x0000,0x0000,0x0000,0x0000,0x0000,0x0000,0x0000,0x0001,0xffff,0x8000,0x0000,0x0000,0x0001,0xffff,0x8000,0x0000,0x0000,0x0000,0x0000,0x0000,0x0000,0x0000,0x01ff,
  0xffe0,0x0000,0x0000,0x0000,0x0000,0x0000,0x0000,0x0000,0x0007,0xffff,0xe000,0x0000,0x0000,0x0007,0xffff,0xe000,0x0000,0x0000,0x0000,0x0000,0x0000,0x0000,0x0000,0x07ff,
  0xfff0,0x0000,0x0000,0x0000,0x0000,0x0000,0x0000,0x0000,0x000f,0xffff,0xf000,0x0000,0x0000,0x000f,0xffff,0xf000,0x0000,0x0000,0x0000,0x0000,0x0000,0x0000,0x0000,0x0fff,
  0xfff8,0x0000,0x0000,0x0000,0x0000,0x0000,0x0000,0x0000,0x003f,0xffff,0xf800,0x0000,0x0000,0x003f,0xffff,0xf800,0x0000,0x0000,0x0000,0x0000,0x0000,0x0000,0x0000,0x1fff,
  0xfffc,0x0000,0x0000,0x0000,0x0000,0x0000,0x0000,0x0000,0x007f,0xffff,0xfc00,0x0000,0x0000,0x007f,0xffff,0xfc00,0x0000,0x0000,0x0000,0x0000,0x0000,0x0000,0x0000,0x3fff,
  0xfffe,0x0000,0x0000,0x0000,0x0000,0x0000,0x0000,0x0000,0x00ff,0xffff,0xfe00,0x0000,0x0000,0x00ff,0xffff,0xfe00,0x0000,0x0000,0x0000,0x0000,0x0000,0x0000,0x0000,0x7fff,
  0xffff,0x0000,0x0000,0x0000,0x0000,0x0000,0x0000,0x0000,0x00ff,0xffff,0xff00,0x0000,0x0000,0x01ff,0xffff,0xff00,0x0000,0x0000,0x0000,0x0000,0x0000,0x0000,0x0000,0xffff,
  0xffff,0x8000,0x0000,0x0000,0x0000,0x0000,0x0000,0x0000,0x01ff,0xffff,0xff80,0x0000,0x0000,0x01ff,0xffff,0xff80,0x0000,0x0000,0x0000,0x0000,0x0000,0x0000,0x0001,0xffff,
  0xffff,0xc000,0x0000,0x0000,0x0000,0x0000,0x0000,0x0000,0x03ff,0xffff,0xffc0,0x0000,0x0000,0x03ff,0xffff,0xffc0,0x0000,0x0000,0x0000,0x0000,0x0000,0x0000,0x0003,0xffff,
  0xffff,0xe000,0x0000,0x0000,0x0000,0x0000,0x0000,0x0000,0x07ff,0xffff,0xffc0,0x0000,0x0000,0x07ff,0xffff,0xffc0,0x0000,0x0000,0x0000,0x0000,0x0000,0x0000,0x0007,0xffff,
  0xffff,0xe000,0x0000,0x0000,0x0000,0x0000,0x0000,0x0000,0x07ff,0xffff,0xffe0,0x0000,0x0000,0x07ff,0xffff,0xffe0,0x0000,0x0000,0x0000,0x0000,0x0000,0x0000,0x0007,0xffff,
  0xffff,0xf000,0x0000,0x0000,0x0000,0x0000,0x0000,0x0000,0x0fff,0xffff,0xfff0,0x0000,0x0000,0x0fff,0xffff,0xfff0,0x0000,0x0000,0x0000,0x0000,0x0000,0x0000,0x000f,0xffff,
  0xffff,0xf000,0x0000,0x0000,0x0000,0x0000,0x0000,0x0000,0x1fff,0xffff,0xfff0,0x0000,0x0000,0x1fff,0xffff,0xfff0,0x0000,0x0000,0x0000,0x0000,0x0000,0x0000,0x000f,0xffff,
  0xffff,0xf800,0x0000,0x0000,0x0000,0x0000,0x0000,0x0000,0x1fff,0xffff,0xfff8,0x0000,0x0000,0x1fff,0xffff,0xfff8,0x0000,0x0000,0x0000,0x0000,0x0000,0x0000,0x001f,0xffff,
  0xffff,0xf800,0x0000,0x0000,0x0000,0x0000,0x0000,0x0000,0x3fff,0xffff,0xfff8,0x0000,0x0000,0x3fff,0xffff,0xfff8,0x0000,0x0000,0x0000,0x0000,0x0000,0x0000,0x001f,0xffff,
  0xffff,0xfc00,0x0000,0x0000,0x0000,0x0000,0x0000,0x0000,0x3fff,0xffff,0xfffc,0x0000,0x0000,0x3fff,0xffff,0xfffc,0x0000,0x0000,0x0000,0x0000,0x0000,0x0000,0x003f,0xffff,
  0xffff,0xfc00,0x0000,0x0000,0x0000,0x0000,0x0000,0x0000,0x3fff,0xffff,0xfffc,0x0000,0x0000,0x3fff,0xffff,0xfffc,0x0000,0x0000,0x0000,0x0000,0x0000,0x0000,0x003f,0xffff,
  0xffff,0xfe00,0x0000,0x0000,0x0000,0x0000,0x0000,0x0000,0x7fff,0xffff,0xfffc,0x0000,0x0000,0x7fff,0xffff,0xfffc,0x0000,0x0000,0x0000,0x0000,0x0000,0x0000,0x007f,0xffff,
  0xffff,0xfe00,0x0000,0x0000,0x0000,0x0000,0x0000,0x0000,0x7fff,0xffff,0xfffe,0x0000,0x0000,0x7fff,0xffff,0xfffe,0x0000,0x0000,0x0000,0x0000,0x0000,0x0000,0x007f,0xffff,
  0xffff,0xfe00,0x0000,0x0000,0x0000,0x0000,0x0000,0x0000,0xffff,0xffff,0xfffe,0x0000,0x0000,0xffff,0xffff,0xfffe,0x0000,0x0000,0x0000,0x0000,0x0000,0x0000,0x00ff,0xffff,
  0xffff,0xff00,0x0000,0x0000,0x0000,0x0000,0x0000,0x0000,0xffff,0xffff,0xffff,0x0000,0x0000,0xffff,0xffff,0xffff,0x0000,0x0000,0x0000,0x0000,0x0000,0x0000,0x00ff,0xffff,
  0xffff,0xff00,0x0000,0x0000,0x0000,0x0000,0x0000,0x0000,0xffff,0xffff,0xffff,0x0000,0x0000,0xffff,0xffff,0xffff,0x0000,0x0000,0x0000,0x0000,0x0000,0x0000,0x00ff,0xffff,
  0xffff,0xff00,0x0000,0x0000,0x0000,0x0000,0x0000,0x0001,0xffff,0xffff,0xffff,0x0000,0x0001,0xffff,0xffff,0xffff,0x0000,0x0000,0x0000,0x0000,0x0000,0x0000,0x00ff,0xffff,
  0xffff,0xff80,0x0000,0x0000,0x0000,0x0000,0x0000,0x0001,0xffff,0xffff,0xffff,0x0000,0x0001,0xffff,0xffff,0xffff,0x0000,0x0000,0x0000,0x0000,0x0000,0x0000,0x01ff,0xffff,
  0xffff,0xff80,0x0000,0x0000,0x0000,0x0000,0x0000,0x0001,0xffff,0xffff,0xffff,0x8000,0x0001,0xffff,0xffff,0xffff,0x8000,0x0000,0x0000,0x0000,0x0000,0x0000,0x01ff,0xffff,
  0xffff,0xff80,0x0000,0x0000,0x0000,0x0000,0x0000,0x0001,0xffff,0xffff,0xffff,0x8000,0x0001,0xffff,0xffff,0xffff,0x8000,0x0000,0x0000,0x0000,0x0000,0x0000,0x01ff,0xffff,
  0xffff,0xff80,0x0000,0x0000,0x0000,0x0000,0x0000,0x0003,0xffff,0xffff,0xffff,0x8000,0x0003,0xffff,0xffff,0xffff,0x8000,0x0000,0x0000,0x0000,0x0000,0x0000,0x01ff,0xffff,
  0xffff,0xffc0,0x0000,0x0000,0x0000,0x0000,0x0000,0x0003,0xffff,0xffff,0xffff,0x8000,0x0003,0xffff,0xffff,0xffff,0x8000,0x0000,0x0000,0x0000,0x0000,0x0000,0x03ff,0xffff,
  0xffff,0xffc0,0x0000,0x0000,0x0000,0x0000,0x0000,0x0003,0xffff,0xffff,0xffff,0xc000,0x0003,0xffff,0xffff,0xffff,0x8000,0x0000,0x0000,0x0000,0x0000,0x0000,0x03ff,0xffff,
  0xffff,0xffc0,0x0000,0x0000,0x0000,0x0000,0x0000,0x0003,0xffff,0xffff,0xffff,0xc000,0x0003,0xffff,0xffff,0xffff,0xc000,0x0000,0x0000,0x0000,0x0000,0x0000,0x03ff,0xffff,
  0xffff,0xffc0,0x0000,0x0000,0x0000,0x0000,0x0000,0x0003,0xffff,0xffff,0xffff,0xc000,0x0003,0xffff,0xffff,0xffff,0xc000,0x0000,0x0000,0x0000,0x0000,0x0000,0x03ff,0xffff,
  0xffff,0xffc0,0x0000,0x0000,0x0000,0x0000,0x0000,0x0003,0xffff,0xffff,0xffff,0xc000,0x0003,0xffff,0xffff,0xffff,0xc000,0x0000,0x0000,0x0000,0x0000,0x0000,0x03ff,0xffff,
  0xffff,0xffc0,0x0000,0x0000,0x0000,0x0000,0x0000,0x0003,0xffff,0xffff,0xffff,0xc000,0x0003,0xffff,0xffff,0xffff,0xc000,0x0000,0x0000,0x0000,0x0000,0x0000,0x03ff,0xffff,
  0xffff,0xffc0,0x0000,0x0000,0x0000,0x0000,0x0000,0x0007,0xffff,0xffff,0xffff,0xc000,0x0007,0xffff,0xffff,0xffff,0xc000,0x0000,0x0000,0x0000,0x0000,0x0000,0x03ff,0xffff,
  0xffff,0xffc0,0x0000,0x0000,0x0000,0x0000,0x0000,0x0007,0xffff,0xffff,0xffff,0xc000,0x0007,0xffff,0xffff,0xffff,0xc000,0x0000,0x0000,0x0000,0x0000,0x0000,0x03ff,0xffff,
  0xffff,0xffc0,0x0000,0x0000,0x0000,0x0000,0x0000,0x0007,0xffff,0xffff,0xffff,0xc000,0x0007,0xffff,0xffff,0xffff,0xc000,0x0000,0x0000,0x0000,0x0000,0x0000,0x03ff,0xffff,
  0xffff,0xffc0,0x0000,0x0000,0x0000,0x0000,0x0000,0x0007,0xffff,0xffff,0xffff,0xc000,0x0007,0xffff,0xffff,0xffff,0xc000,0x0000,0x0000,0x0000,0x0000,0x0000,0x03ff,0xffff,
  0xffff,0xffc0,0x0000,0x0000,0x0000,0x0000,0x0000,0x0007,0xffff,0xffff,0xffff,0xc000,0x0007,0xffff,0xffff,0xffff,0xc000,0x0000,0x0000,0x0000,0x0000,0x0000,0x03ff,0xffff,
  0xffff,0xffc0,0x0000,0x0000,0x0000,0x0000,0x0000,0x0007,0xffff,0xffff,0xffff,0xc000,0x0007,0xffff,0xffff,0xffff,0xc000,0x0000,0x0000,0x0000,0x0000,0x0000,0x03ff,0xffff,
  0xffff,0xffc0,0x0000,0x0000,0x0000,0x0000,0x0000,0x0007,0xffff,0xffff,0xffff,0xc000,0x0007,0xffff,0xffff,0xffff,0xc000,0x0000,0x0000,0x0000,0x0000,0x0000,0x03ff,0xffff,
  0xffff,0xffc0,0x0000,0x0000,0x0000,0x0000,0x0000,0x0007,0xffff,0xffff,0xffff,0xc000,0x0007,0xffff,0xffff,0xffff,0xc000,0x0000,0x0000,0x0000,0x0000,0x0000,0x03ff,0xffff,
  0xffff,0xffc0,0x0000,0x0000,0x0000,0x0000,0x0000,0x0007,0xffff,0xffff,0xffff,0xc000,0x0007,0xffff,0xffff,0xffff,0xc000,0x0000,0x0000,0x0000,0x0000,0x0000,0x03ff,0xffff,
  0xffff,0xffc0,0x0000,0x0000,0x0000,0x0000,0x0000,0x0007,0xffff,0xffff,0xffff,0xc000,0x0007,0xffff,0xffff,0xffff,0xc000,0x0000,0x0000,0x0000,0x0000,0x0000,0x03ff,0xffff,
  0xffff,0xffc0,0x0000,0x0000,0x0000,0x0000,0x0000,0x0003,0xffff,0xffff,0xffff,0xc000,0x0003,0xffff,0xffff,0xffff,0xc000,0x0000,0x0000,0x0000,0x0000,0x0000,0x03ff,0xffff,
  0xffff,0xffc0,0x0000,0x0000,0x0000,0x0000,0x0000,0x0003,0xffff,0xffff,0xffff,0xc000,0x0003,0xffff,0xffff,0xffff,0xc000,0x0000,0x0000,0x0000,0x0000,0x0000,0x03ff,0xffff,
  0xffff,0xffc0,0x0000,0x0000,0x0000,0x0000,0x0000,0x0003,0xffff,0xffff,0xffff,0xc000,0x0003,0xffff,0xffff,0xffff,0xc000,0x0000,0x0000,0x0000,0x0000,0x0000,0x03ff,0xffff,
  0xffff,0xffc0,0x0000,0x0000,0x0000,0x0000,0x0000,0x0003,0xffff,0xffff,0xffff,0xc000,0x0003,0xffff,0xffff,0xffff,0xc000,0x0000,0x0000,0x0000,0x0000,0x0000,0x03ff,0xffff,
  0xffff,0xffc0,0x0000,0x0000,0x0000,0x0000,0x0000,0x0003,0xffff,0xffff,0xffff,0xc000,0x0003,0xffff,0xffff,0xffff,0xc000,0x0000,0x0000,0x0000,0x0000,0x0000,0x03ff,0xffff,
  0xffff,0xffc0,0x0000,0x0000,0x0000,0x0000,0x0000,0x0003,0xffff,0xffff,0xffff,0x8000,0x0003,0xffff,0xffff,0xffff,0x8000,0x0000,0x0000,0x0000,0x0000,0x0000,0x03ff,0xffff,
  0xffff,0xff80,0x0000,0x0000,0x0000,0x0000,0x0000,0x0003,0xffff,0xffff,0xffff,0x8000,0x0003,0xffff,0xffff,0xffff,0x8000,0x0000,0x0000,0x0000,0x0000,0x0000,0x01ff,0xffff,
  0xffff,0xff80,0x0000,0x0000,0x0000,0x0000,0x0000,0x0001,0xffff,0xffff,0xffff,0x8000,0x0001,0xffff,0xffff,0xffff,0x8000,0x0000,0x0000,0x0000,0x0000,0x0000,0x01ff,0xffff,
  0xffff,0xff80,0x0000,0x0000,0x0000,0x0000,0x0000,0x0001,0xffff,0xffff,0xffff,0x8000,0x0001,0xffff,0xffff,0xffff,0x8000,0x0000,0x0000,0x0000,0x0000,0x0000,0x01ff,0xffff,
  0xffff,0xff80,0x0000,0x0000,0x0000,0x0000,0x0000,0x0001,0xffff,0xffff,0xffff,0x0000,0x0001,0xffff,0xffff,0xffff,0x0000,0x0000,0x0000,0x0000,0x0000,0x0000,0x01ff,0xffff,
  0xffff,0xff00,0x0000,0x0000,0x0000,0x0000,0x0000,0x0001,0xffff,0xffff,0xffff,0x0000,0x0001,0xffff,0xffff,0xffff,0x0000,0x0000,0x0000,0x0000,0x0000,0x0000,0x00ff,0xffff,
  0xffff,0xff00,0x0000,0x0000,0x0000,0x0000,0x0000,0x0000,0xffff,0xffff,0xffff,0x0000,0x0000,0xffff,0xffff,0xffff,0x0000,0x0000,0x0000,0x0000,0x0000,0x0000,0x00ff,0xffff,
  0xffff,0xff00,0x0000,0x0000,0x0000,0x0000,0x0000,0x0000,0xffff,0xffff,0xffff,0x0000,0x0000,0xffff,0xffff,0xffff,0x0000,0x0000,0x0000,0x0000,0x0000,0x0000,0x00ff,0xffff,
  0xffff,0xff00,0x0000,0x0000,0x0000,0x0000,0x0000,0x0000,0xffff,0xffff,0xfffe,0x0000,0x0000,0xffff,0xffff,0xfffe,0x0000,0x0000,0x0000,0x0000,0x0000,0x0000,0x007f,0xffff,
  0xffff,0xfe00,0x0000,0x0000,0x0000,0x0000,0x0000,0x0000,0x7fff,0xffff,0xfffe,0x0000,0x0000,0x7fff,0xffff,0xfffe,0x0000,0x0000,0x0000,0x0000,0x0000,0x0000,0x007f,0xffff,
  0xffff,0xfe00,0x0000,0x0000,0x0000,0x0000,0x0000,0x0000,0x7fff,0xffff,0xfffe,0x0000,0x0000,0x7fff,0xffff,0xfffc,0x0000,0x0000,0x0000,0x0000,0x0000,0x0000,0x007f,0xffff,
  0xffff,0xfc00,0x0000,0x0000,0x0000,0x0000,0x0000,0x0000,0x3fff,0xffff,0xfffc,0x0000,0x0000,0x3fff,0xffff,0xfffc,0x0000,0x0000,0x0000,0x0000,0x0000,0x0000,0x003f,0xffff,
  0xffff,0xfc00,0x0000,0x0000,0x0000,0x0000,0x0000,0x0000,0x3fff,0xffff,0xfffc,0x0000,0x0000,0x3fff,0xffff,0xfffc,0x0000,0x0000,0x0000,0x0000,0x0000,0x0000,0x003f,0xffff,
  0xffff,0xf800,0x0000,0x0000,0x0000,0x0000,0x0000,0x0000,0x3fff,0xffff,0xfff8,0x0000,0x0000,0x3fff,0xffff,0xfff8,0x0000,0x0000,0x0000,0x0000,0x0000,0x0000,0x001f,0xffff,
  0xffff,0xf800,0x0000,0x0000,0x0000,0x0000,0x0000,0x0000,0x1fff,0xffff,0xfff8,0x0000,0x0000,0x1fff,0xffff,0xfff8,0x0000,0x0000,0x0000,0x0000,0x0000,0x0000,0x001f,0xffff,
  0xffff,0xf000,0x0000,0x0000,0x0000,0x0000,0x0000,0x0000,0x1fff,0xffff,0xfff0,0x0000,0x0000,0x1fff,0xffff,0xfff0,0x0000,0x0000,0x0000,0x0000,0x0000,0x0000,0x000f,0xffff,
  0xffff,0xf000,0x0000,0x0000,0x0000,0x0000,0x0000,0x0000,0x0fff,0xffff,0xfff0,0x0000,0x0000,0x0fff,0xffff,0xfff0,0x0000,0x0000,0x0000,0x0000,0x0000,0x0000,0x000f,0xffff,
  0xffff,0xe000,0x0000,0x0000,0x0000,0x0000,0x0000,0x0000,0x07ff,0xffff,0xffe0,0x0000,0x0000,0x0fff,0xffff,0xffe0,0x0000,0x0000,0x0000,0x0000,0x0000,0x0000,0x0007,0xffff,
  0xffff,0xe000,0x0000,0x0000,0x0000,0x0000,0x0000,0x0000,0x07ff,0xffff,0xffc0,0x0000,0x0000,0x07ff,0xffff,0xffc0,0x0000,0x0000,0x0000,0x0000,0x0000,0x0000,0x0007,0xffff,
  0xffff,0xc000,0x0000,0x0000,0x0000,0x0000,0x0000,0x0000,0x03ff,0xffff,0xffc0,0x0000,0x0000,0x03ff,0xffff,0xffc0,0x0000,0x0000,0x0000,0x0000,0x0000,0x0000,0x0003,0xffff,
  0xffff,0x8000,0x0000,0x0000,0x0000,0x0000,0x0000,0x0000,0x01ff,0xffff,0xff80,0x0000,0x0000,0x01ff,0xffff,0xff80,0x0000,0x0000,0x0000,0x0000,0x0000,0x0000,0x0001,0xffff,
  0xffff,0x0000,0x0000,0x0000,0x0000,0x0000,0x0000,0x0000,0x00ff,0xffff,0xff00,0x0000,0x0000,0x01ff,0xffff,0xff00,0x0000,0x0000,0x0000,0x0000,0x0000,0x0000,0x0000,0xffff,
  0xfffe,0x0000,0x0000,0x0000,0x0000,0x0000,0x0000,0x0000,0x00ff,0xffff,0xfe00,0x0000,0x0000,0x00ff,0xffff,0xfe00,0x0000,0x0000,0x0000,0x0000,0x0000,0x0000,0x0000,0x7fff,
  0xfffc,0x0000,0x0000,0x0000,0x0000,0x0000,0x0000,0x0000,0x007f,0xffff,0xfc00,0x0000,0x0000,0x007f,0xffff,0xfc00,0x0000,0x0000,0x0000,0x0000,0x0000,0x0000,0x0000,0x3fff,
  0xfff8,0x0000,0x0000,0x0000,0x0000,0x0000,0x0000,0x0000,0x003f,0xffff,0xf800,0x0000,0x0000,0x003f,0xffff,0xf800,0x0000,0x0000,0x0000,0x0000,0x0000,0x0000,0x0000,0x1fff,
  0xfff0,0x0000,0x0000,0x0000,0x0000,0x0000,0x0000,0x0000,0x000f,0xffff,0xf000,0x0000,0x0000,0x000f,0xffff,0xf000,0x0000,0x0000,0x0000,0x0000,0x0000,0x0000,0x0000,0x0fff,
  0xffe0,0x0000,0x0000,0x0000,0x0000,0x0000,0x0000,0x0000,0x0007,0xffff,0xe000,0x0000,0x0000,0x0007,0xffff,0xe000,0x0000,0x0000,0x0000,0x0000,0x0000,0x0000,0x0000,0x07ff,
  0xff80,0x0000,0x0000,0x0000,0x0000,0x0000,0x0000,0x0000,0x0001,0xffff,0x8000,0x0000,0x0000,0x0001,0xffff,0x8000,0x0000,0x0000,0x0000,0x0000,0x0000,0x0000,0x0000,0x01ff,
  0xfe00,0x0000,0x0000,0x0000,0x0000,0x0000,0x0000,0x0000,0x0000,0x7ffe,0x0000,0x0000,0x0000,0x0000,0x7ffe,0x0000,0x0000,0x0000,0x0000,0x0000,0x0000,0x0000,0x0000,0x007f,
  0xf000,0x0000,0x0000,0x0000,0x0000,0x0000,0x0000,0x0000,0x0000,0x0ff0,0x0000,0x0000,0x0000,0x0000,0x0ff0,0x0000,0x0000,0x0000,0x0000,0x0000,0x0000,0x0000,0x0000,0x000f,
  0x0000,0x0000,0x0000,0x0000,0x0000,0x0000,0x0000,0x0000,0x0000,0x0000,0x0000,0x0000,0x0000,0x0000,0x0000,0x0000,0x0000,0x0000,0x0000,0x0000,0x0000,0x0000,0x0000,0x0000,
  0x0000,0x0000,0x0000,0x0000,0x0000,0x0000,0x0000,0x0000,0x0000,0x0000,0x0000,0x0000,0x0000,0x0000,0x0000,0x0000,0x0000,0x0000,0x0000,0x0000,0x0000,0x0000,0x0000,0x0000,
  0x0000,0x0000,0x0000,0x0000,0x0000,0x0000,0x0000,0x0000,0x0000,0x0000,0x0000,0x0000,0x0000,0x0000,0x0000,0x0000,0x0000,0x0000,0x0000,0x0000,0x0000,0x0000,0x0000,0x0000,
  0x0000,0x0000,0x0000,0x0000,0x0000,0x0000,0x0000,0x0000,0x0000,0x0000,0x0000,0x0000,0x0000,0x0000,0x0000,0x0000,0x0000,0x0000,0x0000,0x0000,0x0000,0x0000,0x0000,0x0000,
  0x0000,0x0000,0x0000,0x0000,0x0000,0x0000,0x0000,0x0000,0x0000,0x0000,0x0000,0x0000,0x0000,0x0000,0x0000,0x0000,0x0000,0x0000,0x0000,0x0000,0x0000,0x0000,0x0000,0x0000,
  0x0000,0x0000,0x0000,0x0000,0x0000,0x0000,0x0000,0x0000,0x0000,0x0000,0x0000,0x0000,0x0000,0x0000,0x0000,0x0000,0x0000,0x0000,0x0000,0x0000,0x0000,0x0000,0x0000,0x0000,
  0x0000,0x0000,0x0000,0x0000,0x0000,0x0000,0x0000,0x0000,0x0000,0x0000,0x0000,0x0000,0x0000,0x0000,0x0000,0x0000,0x0000,0x0000,0x0000,0x0000,0x0000,0x0000,0x0000,0x0000,
  0x0000,0x0000,0x0000,0x0000,0x0000,0x0000,0x0000,0x0000,0x0000,0x0000,0x0000,0x0000,0x0000,0x0000,0x0000,0x0000,0x0000,0x0000,0x0000,0x0000,0x0000,0x0000,0x0000,0x0000,
  0x0000,0x0000,0x0000,0x0000,0x0000,0x0000,0x0000,0x0000,0x0000,0x0000,0x0000,0x0000,0x0000,0x0000,0x0000,0x0000,0x0000,0x0000,0x0000,0x0000,0x0000,0x0000,0x0000,0x0000,
  0x0000,0x0000,0x0000,0x0000,0x0000,0x0000,0x0000,0x0000,0x0000,0x0000,0x0000,0x0000,0x0000,0x0000,0x0000,0x0000,0x0000,0x0000,0x0000,0x0000,0x0000,0x0000,0x0000,0x0000,
  0x0000,0x0000,0x0000,0x0000,0x0000,0x0000,0x0000,0x0000,0x0000,0x0000,0x0000,0x0000,0x0000,0x0000,0x0000,0x0000,0x0000,0x0000,0x0000,0x0000,0x0000,0x0000,0x0000,0x0000,
  0x0000,0x0000,0x0000,0x0000,0x0000,0x0000,0x0000,0x0000,0x0000,0x0000,0x0000,0x0000,0x0000,0x0000,0x0000,0x0000,0x0000,0x0000,0x0000,0x0000,0x0000,0x0000,0x0000,0x0000,
  0x0000,0x0000,0x0000,0x0000,0x0000,0x0000,0x0000,0x0000,0x0000,0x0000,0x0000,0x0000,0x0000,0x0000,0x0000,0x0000,0x0000,0x0000,0x0000,0x0000,0x0000,0x0000,0x0000,0x0000,
  0x0000,0x0000,0x0000,0x0000,0x0000,0x0000,0x0000,0x0000,0x0000,0x0000,0x0000,0x0000,0x0000,0x0000,0x0000,0x0000,0x0000,0x0000,0x0000,0x0000,0x0000,0x0000,0x0000,0x0000,
  0x0000,0x0000,0x0000,0x0000,0x0000,0x0000,0x0000,0x0000,0x0000,0x0000,0x0000,0x0000,0x0000,0x0000,0x0000,0x0000,0x0000,0x0000,0x0000,0x0000,0x0000,0x0000,0x0000,0x0000,
  0x0000,0x0000,0x0000,0x0000,0x0000,0x0000,0x0000,0x0000,0x0000,0x0000,0x0000,0x0000,0x0000,0x0000,0x0000,0x0000,0x0000,0x0000,0x0000,0x0000,0x0000,0x0000,0x0000,0x0000,
  0x0000,0x0000,0x0001,0xfe00,0x0000,0x0000,0x0000,0x0000,0xf800,0x0000,0x0000,0x0000,0x0000,0x0000,0x0000,0x0000,0x0000,0x0000,0xf800,0x0000,0x0000,0x0000,0x01fe,0x0000,
  0x0000,0x0000,0x000f,0xffc0,0x0000,0x0000,0x0000,0x000f,0xffc0,0x0000,0x0000,0x0000,0x0000,0x0000,0x0000,0x0000,0x0000,0x000f,0xffc0,0x0000,0x0000,0x0000,0x0fff,0xc000,
  0x0000,0x0000,0x003f,0xfff0,0x0000,0x0000,0x0000,0x003f,0xffe0,0x0000,0x0000,0x0000,0x0000,0x0000,0x0000,0x0000,0x0000,0x003f,0xffe0,0x0000,0x0000,0x0000,0x3fff,0xf000,
  0x0000,0x0000,0x00ff,0xfff8,0x0000,0x0000,0x0000,0x00ff,0xfff8,0x0000,0x0000,0x0000,0x0000,0x0000,0x0000,0x0000,0x0000,0x00ff,0xfff8,0x0000,0x0000,0x0000,0xffff,0xfc00,
  0x0000,0x0000,0x01ff,0xfffe,0x0000,0x0000,0x0000,0x01ff,0xfffc,0x0000,0x0000,0x0000,0x0000,0x0000,0x0000,0x0000,0x0000,0x01ff,0xfffc,0x0000,0x0000,0x0001,0xffff,0xfe00,
  0x0000,0x0000,0x07ff,0xffff,0x0000,0x0000,0x0000,0x03ff,0xffff,0x0000,0x0000,0x0000,0x0000,0x0000,0x0000,0x0000,0x0000,0x03ff,0xffff,0x0000,0x0000,0x0003,0xffff,0xff00,
  0x0000,0x0000,0x0fff,0xffff,0x8000,0x0000,0x0000,0x0fff,0xffff,0x8000,0x0000,0x0000,0x0000,0x0000,0x0000,0x0000,0x0000,0x0fff,0xffff,0x8000,0x0000,0x0007,0xffff,0xff80,
  0x0000,0x0000,0x1fff,0xffff,0xc000,0x0000,0x0000,0x0fff,0xffff,0xc000,0x0000,0x0000,0x0000,0x0000,0x0000,0x0000,0x0000,0x07ff,0xffff,0xc000,0x0000,0x000f,0xffff,0xffc0,
  0x0000,0x0000,0x3fff,0xffff,0xe000,0x0000,0x0000,0x1fff,0xffff,0xe000,0x0000,0x0000,0x0000,0x0000,0x0000,0x0000,0x0000,0x1fff,0xffff,0xe000,0x0000,0x001f,0xffff,0xffe0,
  0x0000,0x0000,0x3fff,0xffff,0xf000,0x0000,0x0000,0x3fff,0xffff,0xe000,0x0000,0x0000,0x0000,0x0000,0x0000,0x0000,0x0000,0x3fff,0xffff,0xe000,0x0000,0x003f,0xffff,0xfff0,
  0x0000,0x0000,0x7fff,0xffff,0xf000,0x0000,0x0000,0x7fff,0xffff,0xf000,0x0000,0x0000,0x0000,0x0000,0x0000,0x0000,0x0000,0x7fff,0xffff,0xf000,0x0000,0x007f,0xffff,0xfff8,
  0x0000,0x0000,0xffff,0xffff,0xf800,0x0000,0x0000,0xffff,0xffff,0xf800,0x0000,0x0000,0x0000,0x0000,0x0000,0x0000,0x0000,0xffff,0xffff,0xf800,0x0000,0x00ff,0xffff,0xfff8,
  0x0000,0x0000,0xffff,0xffff,0xfc00,0x0000,0x0000,0xffff,0xffff,0xfc00,0x0000,0x0000,0x0000,0x0000,0x0000,0x0000,0x0000,0xffff,0xffff,0xf800,0x0000,0x00ff,0xffff,0xfffc,
  0x0000,0x0001,0xffff,0xffff,0xfc00,0x0000,0x0001,0xffff,0xffff,0xfc00,0x0000,0x0000,0x0000,0x0000,0x0000,0x0000,0x0001,0xffff,0xffff,0xfc00,0x0000,0x01ff,0xffff,0xfffe,
  0x0000,0x0003,0xffff,0xffff,0xfe00,0x0000,0x0001,0xffff,0xffff,0xfe00,0x0000,0x0000,0x0000,0x0000,0x0000,0x0000,0x0003,0xffff,0xffff,0xfe00,0x0000,0x01ff,0xffff,0xfffe,
  0x0000,0x0003,0xffff,0xffff,0xff00,0x0000,0x0003,0xffff,0xffff,0xfe00,0x0000,0x0000,0x0000,0x0000,0x0000,0x0000,0x0003,0xffff,0xffff,0xfe00,0x0000,0x03ff,0xffff,0xffff,
  0x0000,0x0007,0xffff,0xffff,0xff00,0x0000,0x0007,0xffff,0xffff,0xff00,0x0000,0x0000,0x0000,0x0000,0x0000,0x0000,0x0007,0xffff,0xffff,0xff00,0x0000,0x07ff,0xffff,0xffff,
  0x8000,0x0007,0xffff,0xffff,0xff80,0x0000,0x0007,0xffff,0xffff,0xff00,0x0000,0x0000,0x0000,0x0000,0x0000,0x0000,0x0007,0xffff,0xffff,0xff00,0x0000,0x07ff,0xffff,0xffff,
  0x8000,0x000f,0xffff,0xffff,0xff80,0x0000,0x0007,0xffff,0xffff,0xff80,0x0000,0x0000,0x0000,0x0000,0x0000,0x0000,0x000f,0xffff,0xffff,0xff80,0x0000,0x07ff,0xffff,0xffff,
  0xc000,0x000f,0xffff,0xffff,0xff80,0x0000,0x000f,0xffff,0xffff,0xff80,0x0000,0x0000,0x0000,0x0000,0x0000,0x0000,0x000f,0xffff,0xffff,0xff80,0x0000,0x0fff,0xffff,0xffff,
  0xc000,0x000f,0xffff,0xffff,0xffc0,0x0000,0x000f,0xffff,0xffff,0xffc0,0x0000,0x0000,0x0000,0x0000,0x0000,0x0000,0x000f,0xffff,0xffff,0xffc0,0x0000,0x0fff,0xffff,0xffff,
  0xc000,0x001f,0xffff,0xffff,0xffc0,0x0000,0x001f,0xffff,0xffff,0xffc0,0x0000,0x0000,0x0000,0x0000,0x0000,0x0000,0x001f,0xffff,0xffff,0xffc0,0x0000,0x1fff,0xffff,0xffff,
  0xe000,0x001f,0xffff,0xffff,0xffc0,0x0000,0x001f,0xffff,0xffff,0xffc0,0x0000,0x0000,0x0000,0x0000,0x0000,0x0000,0x001f,0xffff,0xffff,0xffc0,0x0000,0x1fff,0xffff,0xffff,
  0xe000,0x001f,0xffff,0xffff,0xffe0,0x0000,0x001f,0xffff,0xffff,0xffe0,0x0000,0x0000,0x0000,0x0000,0x0000,0x0000,0x001f,0xffff,0xffff,0xffe0,0x0000,0x1fff,0xffff,0xffff,
  0xe000,0x003f,0xffff,0xffff,0xffe0,0x0000,0x003f,0xffff,0xffff,0xffe0,0x0000,0x0000,0x0000,0x0000,0x0000,0x0000,0x003f,0xffff,0xffff,0xffe0,0x0000,0x3fff,0xffff,0xffff,
  0xf000,0x003f,0xffff,0xffff,0xffe0,0x0000,0x003f,0xffff,0xffff,0xffe0,0x0000,0x0000,0x0000,0x0000,0x0000,0x0000,0x003f,0xffff,0xffff,0xffe0,0x0000,0x3fff,0xffff,0xffff,
  0xf000,0x003f,0xffff,0xffff,0xfff0,0x0000,0x003f,0xffff,0xffff,0xffe0,0x0000,0x0000,0x0000,0x0000,0x0000,0x0000,0x003f,0xffff,0xffff,0xffe0,0x0000,0x3fff,0xffff,0xffff,
  0xf000,0x003f,0xffff,0xffff,0xfff0,0x0000,0x003f,0xffff,0xffff,0xfff0,0x0000,0x0000,0x0000,0x0000,0x0000,0x0000,0x003f,0xffff,0xffff,0xfff0,0x0000,0x3fff,0xffff,0xffff,
  0xf000,0x007f,0xffff,0xffff,0xfff0,0x0000,0x003f,0xffff,0xffff,0xfff0,0x0000,0x0000,0x0000,0x0000,0x0000,0x0000,0x007f,0xffff,0xffff,0xfff0,0x0000,0x3fff,0xffff,0xffff,
  0xf800,0x007f,0xffff,0xffff,0xfff0,0x0000,0x007f,0xffff,0xffff,0xfff0,0x0000,0x0000,0x0000,0x0000,0x0000,0x0000,0x007f,0xffff,0xffff,0xfff0,0x0000,0x7fff,0xffff,0xffff,
  0xf800,0x007f,0xffff,0xffff,0xfff0,0x0000,0x007f,0xffff,0xffff,0xfff0,0x0000,0x0000,0x0000,0x0000,0x0000,0x0000,0x007f,0xffff,0xffff,0xfff0,0x0000,0x7fff,0xffff,0xffff,
  0xf800,0x007f,0xffff,0xffff,0xfff8,0x0000,0x007f,0xffff,0xffff,0xfff0,0x0000,0x0000,0x0000,0x0000,0x0000,0x0000,0x007f,0xffff,0xffff,0xfff0,0x0000,0x7fff,0xffff,0xffff,
  0xf800,0x007f,0xffff,0xffff,0xfff8,0x0000,0x007f,0xffff,0xffff,0xfff0,0x0000,0x0000,0x0000,0x0000,0x0000,0x0000,0x007f,0xffff,0xffff,0xfff0,0x0000,0x7fff,0xffff,0xffff,
  0xf800,0x007f,0xffff,0xffff,0xfff8,0x0000,0x007f,0xffff,0xffff,0xfff8,0x0000,0x0000,0x0000,0x0000,0x0000,0x0000,0x007f,0xffff,0xffff,0xfff8,0x0000,0x7fff,0xffff,0xffff,
  0xf800,0x007f,0xffff,0xffff,0xfff8,0x0000,0x007f,0xffff,0xffff,0xfff8,0x0000,0x0000,0x0000,0x0000,0x0000,0x0000,0x007f,0xffff,0xffff,0xfff8,0x0000,0x7fff,0xffff,0xffff,
  0xf800,0x00ff,0xffff,0xffff,0xfff8,0x0000,0x007f,0xffff,0xffff,0xfff8,0x0000,0x0000,0x0000,0x0000,0x0000,0x0000,0x007f,0xffff,0xffff,0xfff8,0x0000,0x7fff,0xffff,0xffff,
  0xf800,0x00ff,0xffff,0xffff,0xfff8,0x0000,0x00ff,0xffff,0xffff,0xfff8,0x0000,0x0000,0x0000,0x0000,0x0000,0x0000,0x00ff,0xffff,0xffff,0xfff8,0x0000,0xffff,0xffff,0xffff,
  0xf800,0x00ff,0xffff,0xffff,0xfff8,0x0000,0x00ff,0xffff,0xffff,0xfff8,0x0000,0x0000,0x0000,0x0000,0x0000,0x0000,0x00ff,0xffff,0xffff,0xfff8,0x0000,0xffff,0xffff,0xffff,
  0xf800,0x00ff,0xffff,0xffff,0xfff8,0x0000,0x00ff,0xffff,0xffff,0xfff8,0x0000,0x0000,0x0000,0x0000,0x0000,0x0000,0x00ff,0xffff,0xffff,0xfff8,0x0000,0xffff,0xffff,0xffff,
  0xf800,0x00ff,0xffff,0xffff,0xfff8,0x0000,0x00ff,0xffff,0xffff,0xfff8,0x0000,0x0000,0x0000,0x0000,0x0000,0x0000,0x00ff,0xffff,0xffff,0xfff8,0x0000,0xffff,0xffff,0xffff,
  0xf800,0x00ff,0xffff,0xffff,0xfff8,0x0000,0x00ff,0xffff,0xffff,0xfff8,0x0000,0x0000,0x0000,0x0000,0x0000,0x0000,0x00ff,0xffff,0xffff,0xfff8,0x0000,0xffff,0xffff,0xffff,
  0xf800,0x00ff,0xffff,0xffff,0xfff8,0x0000,0x00ff,0xffff,0xffff,0xfff8,0x0000,0x0000,0x0000,0x0000,0x0000,0x0000,0x00ff,0xffff,0xffff,0xfff8,0x0000,0xffff,0xffff,0xffff,
  0xf800,0x00ff,0xffff,0xffff,0xfff8,0x0000,0x00ff,0xffff,0xffff,0xfff8,0x0000,0x0000,0x0000,0x0000,0x0000,0x0000,0x00ff,0xffff,0xffff,0xfff8,0x0000,0xffff,0xffff,0xffff,
  0xf800,0x00ff,0xffff,0xffff,0xfff8,0x0000,0x00ff,0xffff,0xffff,0xfff8,0x0000,0x0000,0x0000,0x0000,0x0000,0x0000,0x00ff,0xffff,0xffff,0xfff8,0x0000,0xffff,0xffff,0xffff,
  0xf800,0x00ff,0xffff,0xffff,0xfff8,0x0000,0x00ff,0xffff,0xffff,0xfff8,0x0000,0x0000,0x0000,0x0000,0x0000,0x0000,0x007f,0xffff,0xffff,0xfff8,0x0000,0x7fff,0xffff,0xffff,
  0xf800,0x007f,0xffff,0xffff,0xfff8,0x0000,0x007f,0xffff,0xffff,0xfff8,0x0000,0x0000,0x0000,0x0000,0x0000,0x0000,0x007f,0xffff,0xffff,0xfff8,0x0000,0x7fff,0xffff,0xffff,
  0xf800,0x007f,0xffff,0xffff,0xfff8,0x0000,0x007f,0xffff,0xffff,0xfff8,0x0000,0x0000,0x0000,0x0000,0x0000,0x0000,0x007f,0xffff,0xffff,0xfff8,0x0000,0x7fff,0xffff,0xffff,
  0xf800,0x007f,0xffff,0xffff,0xfff8,0x0000,0x007f,0xffff,0xffff,0xfff8,0x0000,0x0000,0x0000,0x0000,0x0000,0x0000,0x007f,0xffff,0xffff,0xfff0,0x0000,0x7fff,0xffff,0xffff,
  0xf800,0x007f,0xffff,0xffff,0xfff8,0x0000,0x007f,0xffff,0xffff,0xfff0,0x0000,0x0000,0x0000,0x0000,0x0000,0x0000,0x007f,0xffff,0xffff,0xfff0,0x0000,0x7fff,0xffff,0xffff,
  0xf800,0x007f,0xffff,0xffff,0xfff0,0x0000,0x007f,0xffff,0xffff,0xfff0,0x0000,0x0000,0x0000,0x0000,0x0000,0x0000,0x007f,0xffff,0xffff,0xfff0,0x0000,0x7fff,0xffff,0xffff,
  0xf800,0x007f,0xffff,0xffff,0xfff0,0x0000,0x007f,0xffff,0xffff,0xfff0,0x0000,0x0000,0x0000,0x0000,0x0000,0x0000,0x007f,0xffff,0xffff,0xfff0,0x0000,0x7fff,0xffff,0xffff,
  0xf000,0x007f,0xffff,0xffff,0xfff0,0x0000,0x003f,0xffff,0xffff,0xfff0,0x0000,0x0000,0x0000,0x0000,0x0000,0x0000,0x007f,0xffff,0xffff,0xfff0,0x0000,0x3fff,0xffff,0xffff,
  0xf000,0x003f,0xffff,0xffff,0xfff0,0x0000,0x003f,0xffff,0xffff,0xfff0,0x0000,0x0000,0x0000,0x0000,0x0000,0x0000,0x003f,0xffff,0xffff,0xfff0,0x0000,0x3fff,0xffff,0xffff,
  0xf000,0x003f,0xffff,0xffff,0xfff0,0x0000,0x003f,0xffff,0xffff,0xffe0,0x0000,0x0000,0x0000,0x0000,0x0000,0x0000,0x003f,0xffff,0xffff,0xffe0,0x0000,0x3fff,0xffff,0xffff,
  0xf000,0x003f,0xffff,0xffff,0xffe0,0x0000,0x003f,0xffff,0xffff,0xffe0,0x0000,0x0000,0x0000,0x0000,0x0000,0x0000,0x003f,0xffff,0xffff,0xffe0,0x0000,0x3fff,0xffff,0xffff,
  0xe000,0x003f,0xffff,0xffff,0xffe0,0x0000,0x003f,0xffff,0xffff,0xffe0,0x0000,0x0000,0x0000,0x0000,0x0000,0x0000,0x003f,0xffff,0xffff,0xffe0,0x0000,0x3fff,0xffff,0xffff,
  0xe000,0x001f,0xffff,0xffff,0xffe0,0x0000,0x001f,0xffff,0xffff,0xffe0,0x0000,0x0000,0x0000,0x0000,0x0000,0x0000,0x001f,0xffff,0xffff,0xffe0,0x0000,0x1fff,0xffff,0xffff,
  0xe000,0x001f,0xffff,0xffff,0xffc0,0x0000,0x001f,0xffff,0xffff,0xffc0,0x0000,0x0000,0x0000,0x0000,0x0000,0x0000,0x001f,0xffff,0xffff,0xffc0,0x0000,0x1fff,0xffff,0xffff,
  0xc000,0x001f,0xffff,0xffff,0xffc0,0x0000,0x001f,0xffff,0xffff,0xffc0,0x0000,0x0000,0x0000,0x0000,0x0000,0x0000,0x001f,0xffff,0xffff,0xffc0,0x0000,0x1fff,0xffff,0xffff,
  0xc000,0x000f,0xffff,0xffff,0xffc0,0x0000,0x000f,0xffff,0xffff,0xffc0,0x0000,0x0000,0x0000,0x0000,0x0000,0x0000,0x000f,0xffff,0xffff,0xffc0,0x0000,0x0fff,0xffff,0xffff,
  0xc000,0x000f,0xffff,0xffff,0xff80,0x0000,0x000f,0xffff,0xffff,0xff80,0x0000,0x0000,0x0000,0x0000,0x0000,0x0000,0x000f,0xffff,0xffff,0xff80,0x0000,0x0fff,0xffff,0xffff,
  0x8000,0x000f,0xffff,0xffff,0xff80,0x0000,0x0007,0xffff,0xffff,0xff80,0x0000,0x0000,0x0000,0x0000,0x0000,0x0000,0x000f,0xffff,0xffff,0xff80,0x0000,0x07ff,0xffff,0xffff,
  0x8000,0x0007,0xffff,0xffff,0xff80,0x0000,0x0007,0xffff,0xffff,0xff00,0x0000,0x0000,0x0000,0x0000,0x0000,0x0000,0x0007,0xffff,0xffff,0xff00,0x0000,0x07ff,0xffff,0xffff,
  0x0000,0x0007,0xffff,0xffff,0xff00,0x0000,0x0007,0xffff,0xffff,0xff00,0x0000,0x0000,0x0000,0x0000,0x0000,0x0000,0x0007,0xffff,0xffff,0xff00,0x0000,0x07ff,0xffff,0xffff,
  0x0000,0x0003,0xffff,0xffff,0xff00,0x0000,0x0003,0xffff,0xffff,0xfe00,0x0000,0x0000,0x0000,0x0000,0x0000,0x0000,0x0003,0xffff,0xffff,0xfe00,0x0000,0x03ff,0xffff,0xffff,
  0x0000,0x0003,0xffff,0xffff,0xfe00,0x0000,0x0003,0xffff,0xffff,0xfe00,0x0000,0x0000,0x0000,0x0000,0x0000,0x0000,0x0003,0xffff,0xffff,0xfe00,0x0000,0x01ff,0xffff,0xffff,
  0x0000,0x0001,0xffff,0xffff,0xfc00,0x0000,0x0001,0xffff,0xffff,0xfc00,0x0000,0x0000,0x0000,0x0000,0x0000,0x0000,0x0001,0xffff,0xffff,0xfc00,0x0000,0x01ff,0xffff,0xfffe,
  0x0000,0x0000,0xffff,0xffff,0xfc00,0x0000,0x0000,0xffff,0xffff,0xfc00,0x0000,0x0000,0x0000,0x0000,0x0000,0x0000,0x0001,0xffff,0xffff,0xfc00,0x0000,0x00ff,0xffff,0xfffc,
  0x0000,0x0000,0xffff,0xffff,0xf800,0x0000,0x0000,0xffff,0xffff,0xf800,0x0000,0x0000,0x0000,0x0000,0x0000,0x0000,0x0000,0xffff,0xffff,0xf800,0x0000,0x00ff,0xffff,0xfff8,
  0x0000,0x0000,0x7fff,0xffff,0xf000,0x0000,0x0000,0x7fff,0xffff,0xf000,0x0000,0x0000,0x0000,0x0000,0x0000,0x0000,0x0000,0x7fff,0xffff,0xf000,0x0000,0x007f,0xffff,0xfff8,
  0x0000,0x0000,0x3fff,0xffff,0xf000,0x0000,0x0000,0x3fff,0xffff,0xf000,0x0000,0x0000,0x0000,0x0000,0x0000,0x0000,0x0000,0x3fff,0xffff,0xe000,0x0000,0x003f,0xffff,0xfff0,
  0x0000,0x0000,0x1fff,0xffff,0xe000,0x0000,0x0000,0x1fff,0xffff,0xe000,0x0000,0x0000,0x0000,0x0000,0x0000,0x0000,0x0000,0x1fff,0xffff,0xc000,0x0000,0x001f,0xffff,0xffe0,
  0x0000,0x0000,0x1fff,0xffff,0xc000,0x0000,0x0000,0x1fff,0xffff,0xc000,0x0000,0x0000,0x0000,0x0000,0x0000,0x0000,0x0000,0x1fff,0xffff,0xc000,0x0000,0x001f,0xffff,0xffc0,
  0x0000,0x0000,0x0fff,0xffff,0x8000,0x0000,0x0000,0x07ff,0xffff,0x8000,0x0000,0x0000,0x0000,0x0000,0x0000,0x0000,0x0000,0x07ff,0xffff,0x8000,0x0000,0x000f,0xffff,0xff80,
  0x0000,0x0000,0x07ff,0xffff,0x0000,0x0000,0x0000,0x03ff,0xffff,0x0000,0x0000,0x0000,0x0000,0x0000,0x0000,0x0000,0x0000,0x07ff,0xffff,0x0000,0x0000,0x0003,0xffff,0xff00,
  0x0000,0x0000,0x01ff,0xfffe,0x0000,0x0000,0x0000,0x01ff,0xfffc,0x0000,0x0000,0x0000,0x0000,0x0000,0x0000,0x0000,0x0000,0x01ff,0xfffc,0x0000,0x0000,0x0001,0xffff,0xfe00,
  0x0000,0x0000,0x00ff,0xfff8,0x0000,0x0000,0x0000,0x00ff,0xfff8,0x0000,0x0000,0x0000,0x0000,0x0000,0x0000,0x0000,0x0000,0x00ff,0xfff8,0x0000,0x0000,0x0000,0xffff,0xfc00,
  0x0000,0x0000,0x003f,0xfff0,0x0000,0x0000,0x0000,0x003f,0xfff0,0x0000,0x0000,0x0000,0x0000,0x0000,0x0000,0x0000,0x0000,0x003f,0xffe0,0x0000,0x0000,0x0000,0x3fff,0xf000,
  0x0000,0x0000,0x000f,0xffc0,0x0000,0x0000,0x0000,0x000f,0xff80,0x0000,0x0000,0x0000,0x0000,0x0000,0x0000,0x0000,0x0000,0x000f,0xff80,0x0000,0x0000,0x0000,0x0fff,0xc000,
  0x0000,0x0000,0x0001,0xfe00,0x0000,0x0000,0x0000,0x0001,0xfc00,0x0000,0x0000,0x0000,0x0000,0x0000,0x0000,0x0000,0x0000,0x0001,0xfc00,0x0000,0x0000,0x0000,0x03fe,0x0000,
  0x0000,0x0000,0x0000,0x0000,0x0000,0x0000,0x0000,0x0000,0x0000,0x0000,0x0000,0x0000,0x0000,0x0000,0x0000,0x0000,0x0000,0x0000,0x0000,0x0000,0x0000,0x0000,0x0000,0x0000,
  0x0000,0x0000,0x0000,0x0000,0x0000,0x0000,0x0000,0x0000,0x0000,0x0000,0x0000,0x0000,0x0000,0x0000,0x0000,0x0000,0x0000,0x0000,0x0000,0x0000,0x0000,0x0000,0x0000,0x0000,
  0x0000,0x0000,0x0000,0x0000,0x0000,0x0000,0x0000,0x0000,0x0000,0x0000,0x0000,0x0000,0x0000,0x0000,0x0000,0x0000,0x0000,0x0000,0x0000,0x0000,0x0000,0x0000,0x0000,0x0000,
  0x0000,0x0000,0x0000,0x0000,0x0000,0x0000,0x0000,0x0000,0x0000,0x0000,0x0000,0x0000,0x0000,0x0000,0x0000,0x0000,0x0000,0x0000,0x0000,0x0000,0x0000,0x0000,0x0000,0x0000,
  0x0000,0x0000,0x0000,0x0000,0x0000,0x0000,0x0000,0x0000,0x0000,0x0000,0x0000,0x0000,0x0000,0x0000,0x0000,0x0000,0x0000,0x0000,0x0000,0x0000,0x0000,0x0000,0x0000,0x0000,
  0x0000,0x0000,0x0000,0x0000,0x0000,0x0000,0x0000,0x0000,0x0000,0x0000,0x0000,0x0000,0x0000,0x0000,0x0000,0x0000,0x0000,0x0000,0x0000,0x0000,0x0000,0x0000,0x0000,0x0000,
  0x0000,0x0000,0x0000,0x0000,0x0000,0x0000,0x0000,0x0000,0x0000,0x0000,0x0000,0x0000,0x0000,0x0000,0x0000,0x0000,0x0000,0x0000,0x0000,0x0000,0x0000,0x0000,0x0000,0x0000,
  0x0000,0x0000,0x0000,0x0000,0x0000,0x0000,0x0000,0x0000,0x0000,0x0000,0x0000,0x0000,0x0000,0x0000,0x0000,0x0000,0x0000,0x0000,0x0000,0x0000,0x0000,0x0000,0x0000,0x0000,
  0x0000,0x0000,0x0000,0x0000,0x0000,0x0000,0x0000,0x0000,0x0000,0x0000,0x0000,0x0000,0x0000,0x0000,0x0000,0x0000,0x0000,0x0000,0x0000,0x0000,0x0000,0x0000,0x0000,0x0000,
  0x0000,0x0000,0x0000,0x0000,0x0000,0x0000,0x0000,0x0000,0x0000,0x0000,0x0000,0x0000,0x0000,0x0000,0x0000,0x0000,0x0000,0x0000,0x0000,0x0000,0x0000,0x0000,0x0000,0x0000,
  0x0000,0x0000,0x0000,0x0000,0x0000,0x0000,0x0000,0x0000,0x0000,0x0000,0x0000,0x0000,0x0000,0x0000,0x0000,0x0000,0x0000,0x0000,0x0000,0x0000,0x0000,0x0000,0x0000,0x0000,
  0x0000,0x0000,0x0000,0x0000,0x0000,0x0000,0x0000,0x0000,0x0000,0x0000,0x0000,0x0000,0x0000,0x0000,0x0000,0x0000,0x0000,0x0000,0x0000,0x0000,0x0000,0x0000,0x0000,0x0000,
  0x0000,0x0000,0x0000,0x0000,0x0000,0x0000,0x0000,0x0000,0x0000,0x0000,0x0000,0x0000,0x0000,0x0000,0x0000,0x0000,0x0000,0x0000,0x0000,0x0000,0x0000,0x0000,0x0000,0x0000,
  0x0000,0x0000,0x0000,0x0000,0x0000,0x0000,0x0000,0x0000,0x0000,0x0000,0x0000,0x0000,0x0000,0x0000,0x0000,0x0000,0x0000,0x0000,0x0000,0x0000,0x0000,0x0000,0x0000,0x0000,
  0x0000,0x0000,0x0000,0x0000,0x0000,0x0000,0x0000,0x0000,0x0000,0x0000,0x0000,0x0000,0x0000,0x0000,0x0000,0x0000,0x0000,0x0000,0x0000,0x0000,0x0000,0x0000,0x0000,0x0000,
  0x0000,0x0000,0x0000,0x0000,0x0000,0x0000,0x0000,0x0000,0x0000,0x0000,0x0000,0x0000,0x0000,0x0000,0x0000,0x0000,0x0000,0x0000,0x0000,0x0000,0x0000,0x0000,0x0000,0x0000,
  0x0000,0x0000,0x0000,0x0000,0x0000,0x0000,0x0000,0x0000,0x0000,0x0fe0,0x0000,0x0000,0x0000,0x0000,0x07e0,0x0000,0x0000,0x0000,0x0000,0x0000,0x0000,0x0000,0x0000,0x0000,
  0x0000,0x0000,0x0000,0x0000,0x0000,0x0000,0x0000,0x0000,0x0000,0x7ffe,0x0000,0x0000,0x0000,0x0000,0x7ffe,0x0000,0x0000,0x0000,0x0000,0x0000,0x0000,0x0000,0x0000,0x0000,
  0x0000,0x0000,0x0000,0x0000,0x0000,0x0000,0x0000,0x0000,0x0001,0xffff,0x8000,0x0000,0x0000,0x0001,0xffff,0x8000,0x0000,0x0000,0x0000,0x0000,0x0000,0x0000,0x0000,0x0000,
  0x0000,0x0000,0x0000,0x0000,0x0000,0x0000,0x0000,0x0000,0x0007,0xffff,0xc000,0x0000,0x0000,0x0007,0xffff,0xc000,0x0000,0x0000,0x0000,0x0000,0x0000,0x0000,0x0000,0x0000,
  0x0000,0x0000,0x0000,0x0000,0x0000,0x0000,0x0000,0x0000,0x000f,0xffff,0xf000,0x0000,0x0000,0x000f,0xffff,0xf000,0x0000,0x0000,0x0000,0x0000,0x0000,0x0000,0x0000,0x0000,
  0x0000,0x0000,0x0000,0x0000,0x0000,0x0000,0x0000,0x0000,0x003f,0xffff,0xf800,0x0000,0x0000,0x001f,0xffff,0xf800,0x0000,0x0000,0x0000,0x0000,0x0000,0x0000,0x0000,0x0000,
  0x0000,0x0000,0x0000,0x0000,0x0000,0x0000,0x0000,0x0000,0x007f,0xffff,0xfc00,0x0000,0x0000,0x007f,0xffff,0xfc00,0x0000,0x0000,0x0000,0x0000,0x0000,0x0000,0x0000,0x0000,
  0x0000,0x0000,0x0000,0x0000,0x0000,0x0000,0x0000,0x0000,0x00ff,0xffff,0xfe00,0x0000,0x0000,0x00ff,0xffff,0xfe00,0x0000,0x0000,0x0000,0x0000,0x0000,0x0000,0x0000,0x0000,
  0x0000,0x0000,0x0000,0x0000,0x0000,0x0000,0x0000,0x0000,0x00ff,0xffff,0xff00,0x0000,0x0000,0x01ff,0xffff,0xff00,0x0000,0x0000,0x0000,0x0000,0x0000,0x0000,0x0000,0x0000,
  0x0000,0x0000,0x0000,0x0000,0x0000,0x0000,0x0000,0x0000,0x01ff,0xffff,0xff80,0x0000,0x0000,0x01ff,0xffff,0xff80,0x0000,0x0000,0x0000,0x0000,0x0000,0x0000,0x0000,0x0000,
  0x0000,0x0000,0x0000,0x0000,0x0000,0x0000,0x0000,0x0000,0x03ff,0xffff,0xffc0,0x0000,0x0000,0x03ff,0xffff,0xffc0,0x0000,0x0000,0x0000,0x0000,0x0000,0x0000,0x0000,0x0000,
  0x0000,0x0000,0x0000,0x0000,0x0000,0x0000,0x0000,0x0000,0x07ff,0xffff,0xffc0,0x0000,0x0000,0x07ff,0xffff,0xffc0,0x0000,0x0000,0x0000,0x0000,0x0000,0x0000,0x0000,0x0000,
  0x0000,0x0000,0x0000,0x0000,0x0000,0x0000,0x0000,0x0000,0x07ff,0xffff,0xffe0,0x0000,0x0000,0x07ff,0xffff,0xffe0,0x0000,0x0000,0x0000,0x0000,0x0000,0x0000,0x0000,0x0000,
  0x0000,0x0000,0x0000,0x0000,0x0000,0x0000,0x0000,0x0000,0x0fff,0xffff,0xfff0,0x0000,0x0000,0x0fff,0xffff,0xfff0,0x0000,0x0000,0x0000,0x0000,0x0000,0x0000,0x0000,0x0000,
  0x0000,0x0000,0x0000,0x0000,0x0000,0x0000,0x0000,0x0000,0x1fff,0xffff,0xfff0,0x0000,0x0000,0x1fff,0xffff,0xfff0,0x0000,0x0000,0x0000,0x0000,0x0000,0x0000,0x0000,0x0000,
  0x0000,0x0000,0x0000,0x0000,0x0000,0x0000,0x0000,0x0000,0x1fff,0xffff,0xfff8,0x0000,0x0000,0x1fff,0xffff,0xfff8,0x0000,0x0000,0x0000,0x0000,0x0000,0x0000,0x0000,0x0000,
  0x0000,0x0000,0x0000,0x0000,0x0000,0x0000,0x0000,0x0000,0x3fff,0xffff,0xfff8,0x0000,0x0000,0x3fff,0xffff,0xfff8,0x0000,0x0000,0x0000,0x0000,0x0000,0x0000,0x0000,0x0000,
  0x0000,0x0000,0x0000,0x0000,0x0000,0x0000,0x0000,0x0000,0x3fff,0xffff,0xfffc,0x0000,0x0000,0x3fff,0xffff,0xfffc,0x0000,0x0000,0x0000,0x0000,0x0000,0x0000,0x0000,0x0000,
  0x0000,0x0000,0x0000,0x0000,0x0000,0x0000,0x0000,0x0000,0x7fff,0xffff,0xfffc,0x0000,0x0000,0x3fff,0xffff,0xfffc,0x0000,0x0000,0x0000,0x0000,0x0000,0x0000,0x0000,0x0000,
  0x0000,0x0000,0x0000,0x0000,0x0000,0x0000,0x0000,0x0000,0x7fff,0xffff,0xfffe,0x0000,0x0000,0x7fff,0xffff,0xfffc,0x0000,0x0000,0x0000,0x0000,0x0000,0x0000,0x0000,0x0000,
  0x0000,0x0000,0x0000,0x0000,0x0000,0x0000,0x0000,0x0000,0x7fff,0xffff,0xfffe,0x0000,0x0000,0x7fff,0xffff,0xfffe,0x0000,0x0000,0x0000,0x0000,0x0000,0x0000,0x0000,0x0000,
  0x0000,0x0000,0x0000,0x0000,0x0000,0x0000,0x0000,0x0000,0xffff,0xffff,0xfffe,0x0000,0x0000,0xffff,0xffff,0xfffe,0x0000,0x0000,0x0000,0x0000,0x0000,0x0000,0x0000,0x0000,
  0x0000,0x0000,0x0000,0x0000,0x0000,0x0000,0x0000,0x0000,0xffff,0xffff,0xffff,0x0000,0x0000,0xffff,0xffff,0xffff,0x0000,0x0000,0x0000,0x0000,0x0000,0x0000,0x0000,0x0000,
  0x0000,0x0000,0x0000,0x0000,0x0000,0x0000,0x0000,0x0000,0xffff,0xffff,0xffff,0x0000,0x0000,0xffff,0xffff,0xffff,0x0000,0x0000,0x0000,0x0000,0x0000,0x0000,0x0000,0x0000,
  0x0000,0x0000,0x0000,0x0000,0x0000,0x0000,0x0000,0x0001,0xffff,0xffff,0xffff,0x0000,0x0001,0xffff,0xffff,0xffff,0x0000,0x0000,0x0000,0x0000,0x0000,0x0000,0x0000,0x0000,
  0x0000,0x0000,0x0000,0x0000,0x0000,0x0000,0x0000,0x0001,0xffff,0xffff,0xffff,0x8000,0x0001,0xffff,0xffff,0xffff,0x0000,0x0000,0x0000,0x0000,0x0000,0x0000,0x0000,0x0000,
  0x0000,0x0000,0x0000,0x0000,0x0000,0x0000,0x0000,0x0001,0xffff,0xffff,0xffff,0x8000,0x0001,0xffff,0xffff,0xffff,0x8000,0x0000,0x0000,0x0000,0x0000,0x0000,0x0000,0x0000,
  0x0000,0x0000,0x0000,0x0000,0x0000,0x0000,0x0000,0x0001,0xffff,0xffff,0xffff,0x8000,0x0001,0xffff,0xffff,0xffff,0x8000,0x0000,0x0000,0x0000,0x0000,0x0000,0x0000,0x0000,
  0x0000,0x0000,0x0000,0x0000,0x0000,0x0000,0x0000,0x0003,0xffff,0xffff,0xffff,0x8000,0x0003,0xffff,0xffff,0xffff,0x8000,0x0000,0x0000,0x0000,0x0000,0x0000,0x0000,0x0000,
  0x0000,0x0000,0x0000,0x0000,0x0000,0x0000,0x0000,0x0003,0xffff,0xffff,0xffff,0x8000,0x0003,0xffff,0xffff,0xffff,0x8000,0x0000,0x0000,0x0000,0x0000,0x0000,0x0000,0x0000,
  0x0000,0x0000,0x0000,0x0000,0x0000,0x0000,0x0000,0x0003,0xffff,0xffff,0xffff,0xc000,0x0003,0xffff,0xffff,0xffff,0x8000,0x0000,0x0000,0x0000,0x0000,0x0000,0x0000,0x0000,
  0x0000,0x0000,0x0000,0x0000,0x0000,0x0000,0x0000,0x0003,0xffff,0xffff,0xffff,0xc000,0x0003,0xffff,0xffff,0xffff,0xc000,0x0000,0x0000,0x0000,0x0000,0x0000,0x0000,0x0000,
  0x0000,0x0000,0x0000,0x0000,0x0000,0x0000,0x0000,0x0003,0xffff,0xffff,0xffff,0xc000,0x0003,0xffff,0xffff,0xffff,0xc000,0x0000,0x0000,0x0000,0x0000,0x0000,0x0000,0x0000,
  0x0000,0x0000,0x0000,0x0000,0x0000,0x0000,0x0000,0x0003,0xffff,0xffff,0xffff,0xc000,0x0003,0xffff,0xffff,0xffff,0xc000,0x0000,0x0000,0x0000,0x0000,0x0000,0x0000,0x0000,
  0x0000,0x0000,0x0000,0x0000,0x0000,0x0000,0x0000,0x0003,0xffff,0xffff,0xffff,0xc000,0x0003,0xffff,0xffff,0xffff,0xc000,0x0000,0x0000,0x0000,0x0000,0x0000,0x0000,0x0000,
  0x0000,0x0000,0x0000,0x0000,0x0000,0x0000,0x0000,0x0007,0xffff,0xffff,0xffff,0xc000,0x0007,0xffff,0xffff,0xffff,0xc000,0x0000,0x0000,0x0000,0x0000,0x0000,0x0000,0x0000,
  0x0000,0x0000,0x0000,0x0000,0x0000,0x0000,0x0000,0x0007,0xffff,0xffff,0xffff,0xc000,0x0007,0xffff,0xffff,0xffff,0xc000,0x0000,0x0000,0x0000,0x0000,0x0000,0x0000,0x0000,
  0x0000,0x0000,0x0000,0x0000,0x0000,0x0000,0x0000,0x0007,0xffff,0xffff,0xffff,0xc000,0x0007,0xffff,0xffff,0xffff,0xc000,0x0000,0x0000,0x0000,0x0000,0x0000,0x0000,0x0000,
  0x0000,0x0000,0x0000,0x0000,0x0000,0x0000,0x0000,0x0007,0xffff,0xffff,0xffff,0xc000,0x0007,0xffff,0xffff,0xffff,0xc000,0x0000,0x0000,0x0000,0x0000,0x0000,0x0000,0x0000,
  0x0000,0x0000,0x0000,0x0000,0x0000,0x0000,0x0000,0x0007,0xffff,0xffff,0xffff,0xc000,0x0007,0xffff,0xffff,0xffff,0xc000,0x0000,0x0000,0x0000,0x0000,0x0000,0x0000,0x0000,
  0xffff,0xffff,0xf0f8,0x0000,0x0000,0x0000,0x3fe0,0x00f8,0x0000,0x0000,0x0000,0x3fc0,0x00f8,0x0000,0x0000,0x0000,0x3fe0,0x00f8,0x0000,0x0000,0x0000,0x3fc0,0xffff,0xffff,
  0xffff,0xffff,0xf0f8,0x0000,0x0000,0x0000,0x3fe0,0x00f8,0x0000,0x0000,0x0000,0x3fc0,0x00f8,0x0000,0x0000,0x0000,0x3fc0,0x00f8,0x0000,0x0000,0x0000,0x3fc0,0xffff,0xffff,
  0xffff,0xffff,0xf0f8,0x0000,0x0000,0x0000,0x3fe0,0x00f8,0x0000,0x0000,0x0000,0x3fc0,0x00f8,0x0000,0x0000,0x0000,0x3fc0,0x00f8,0x0000,0x0000,0x0000,0x3fc0,0xffff,0xffff,
  0xffff,0xffff,0xf0f8,0x0000,0x0000,0x0000,0x3fe0,0x00f8,0x0000,0x0000,0x0000,0x3fc0,0x00f8,0x0000,0x0000,0x0000,0x3fc0,0x00f8,0x0000,0x0000,0x0000,0x3fc0,0xffff,0xffff,
  0xffff,0xffff,0xf0fc,0x0000,0x0000,0x0000,0x3fc0,0x00f8,0x0000,0x0000,0x0000,0x3fc0,0x00f8,0x0000,0x0000,0x0000,0x3fc0,0x00fc,0x0000,0x0000,0x0000,0x3fc0,0x7fff,0xffff,
  0xffff,0xffff,0xe07c,0x0000,0x0000,0x0000,0x3fc0,0x007c,0x0000,0x0000,0x0000,0x3fc0,0x0078,0x0000,0x0000,0x0000,0x3fc0,0x007c,0x0000,0x0000,0x0000,0x3fc0,0x7fff,0xffff,
  0xffff,0xffff,0xe07c,0x0000,0x0000,0x0000,0x3fc0,0x007c,0x0000,0x0000,0x0000,0x3f80,0x007c,0x0000,0x0000,0x0000,0x3f80,0x007c,0x0000,0x0000,0x0000,0x3fc0,0x7fff,0xffff,
  0xffff,0xffff,0xe07c,0x0000,0x0000,0x0000,0x3fc0,0x007c,0x0000,0x0000,0x0000,0x3f80,0x007c,0x0000,0x0000,0x0000,0x3f80,0x007c,0x0000,0x0000,0x0000,0x3f80,0x7fff,0xffff,
  0xffff,0xffff,0xe07c,0x0000,0x0000,0x0000,0x3fc0,0x007c,0x0000,0x0000,0x0000,0x3f80,0x007c,0x0000,0x0000,0x0000,0x3f80,0x007c,0x0000,0x0000,0x0000,0x3f80,0x7fff,0xffff,
  0xffff,0xffff,0xe07c,0x0000,0x0000,0x0000,0x7f80,0x007c,0x0000,0x0000,0x0000,0x3f80,0x007c,0x0000,0x0000,0x0000,0x3f80,0x007c,0x0000,0x0000,0x0000,0x7f80,0x7fff,0xffff,
  0xffff,0xffff,0xe03c,0x0000,0x0000,0x0000,0x7f80,0x007c,0x0000,0x0000,0x0000,0x7f80,0x007c,0x0000,0x0000,0x0000,0x7f80,0x007c,0x0000,0x0000,0x0000,0x7f80,0x3fff,0xffff,
  0xffff,0xffff,0xe03e,0x0000,0x0000,0x0000,0x7f80,0x003c,0x0000,0x0000,0x0000,0x7f80,0x003c,0x0000,0x0000,0x0000,0x7f80,0x003c,0x0000,0x0000,0x0000,0x7f80,0x3fff,0xffff,
  0xffff,0xffff,0xc03e,0x0000,0x0000,0x0000,0x7f80,0x003e,0x0000,0x0000,0x0000,0x7f00,0x003e,0x0000,0x0000,0x0000,0x7f80,0x003e,0x0000,0x0000,0x0000,0x7f00,0x3fff,0xffff,
  0xffff,0xffff,0xc03e,0x0000,0x0000,0x0000,0x7f00,0x003e,0x0000,0x0000,0x0000,0x7f00,0x003e,0x0000,0x0000,0x0000,0x7f00,0x003e,0x0000,0x0000,0x0000,0x7f00,0x1fff,0xffff,
  0xffff,0xffff,0xc01e,0x0000,0x0000,0x0000,0xff00,0x001e,0x0000,0x0000,0x0000,0x7f00,0x001e,0x0000,0x0000,0x0000,0xff00,0x001e,0x0000,0x0000,0x0000,0xff00,0x1fff,0xffff,
  0xffff,0xffff,0xc01f,0x0000,0x0000,0x0000,0xff00,0x001e,0x0000,0x0000,0x0000,0xff00,0x001e,0x0000,0x0000,0x0000,0xff00,0x001e,0x0000,0x0000,0x0000,0xff00,0x1fff,0xffff,
  0xffff,0xffff,0x801f,0x0000,0x0000,0x0000,0xff00,0x001f,0x0000,0x0000,0x0000,0xff00,0x001f,0x0000,0x0000,0x0000,0xff00,0x001f,0x0000,0x0000,0x0000,0xff00,0x0fff,0xffff,
  0xffff,0xffff,0x800f,0x0000,0x0000,0x0000,0xff00,0x000f,0x0000,0x0000,0x0000,0xff00,0x000f,0x0000,0x0000,0x0000,0xff00,0x000f,0x0000,0x0000,0x0001,0xff00,0x0fff,0xffff,
  0xffff,0xffff,0x800f,0x0000,0x0000,0x0001,0xfe00,0x000f,0x0000,0x0000,0x0001,0xfe00,0x000f,0x0000,0x0000,0x0001,0xfe00,0x000f,0x0000,0x0000,0x0001,0xfe00,0x0fff,0xffff,
  0xffff,0xffff,0x800f,0x8000,0x0000,0x0001,0xfe00,0x0007,0x8000,0x0000,0x0001,0xfe00,0x000f,0x8000,0x0000,0x0001,0xfe00,0x000f,0x8000,0x0000,0x0001,0xfe00,0x07ff,0xffff,
  0xffff,0xffff,0x0007,0x8000,0x0000,0x0003,0xfe00,0x0007,0x8000,0x0000,0x0001,0xfe00,0x0007,0x8000,0x0000,0x0003,0xfe00,0x0007,0x8000,0x0000,0x0003,0xfe00,0x07ff,0xffff,
  0xffff,0xffff,0x0007,0xc000,0x0000,0x0003,0xfe00,0x0007,0xc000,0x0000,0x0003,0xfe00,0x0007,0x8000,0x0000,0x0003,0xfe00,0x0007,0x8000,0x0000,0x0003,0xfc00,0x03ff,0xffff,
  0xffff,0xffff,0x0003,0xc000,0x0000,0x0003,0xfc00,0x0003,0xc000,0x0000,0x0003,0xfc00,0x0003,0xc000,0x0000,0x0003,0xfc00,0x0003,0xc000,0x0000,0x0003,0xfc00,0x03ff,0xffff,
  0xffff,0xfffe,0x0003,0xc000,0x0000,0x0007,0xfc00,0x0003,0xc000,0x0000,0x0007,0xfc00,0x0003,0xc000,0x0000,0x0007,0xfc00,0x0003,0xc000,0x0000,0x0007,0xfc00,0x03ff,0xffff,
  0xffff,0xfffe,0x0003,0xe000,0x0000,0x0007,0xfc00,0x0003,0xe000,0x0000,0x0007,0xf800,0x0003,0xe000,0x0000,0x0007,0xf800,0x0003,0xe000,0x0000,0x0007,0xf800,0x01ff,0xffff,
  0xffff,0xfffe,0x0001,0xe000,0x0000,0x000f,0xf800,0x0001,0xe000,0x0000,0x000f,0xf800,0x0001,0xe000,0x0000,0x000f,0xf800,0x0001,0xe000,0x0000,0x000f,0xf800,0x01ff,0xffff,
  0xffff,0xfffc,0x0001,0xf000,0x0000,0x001f,0xf800,0x0001,0xf000,0x0000,0x000f,0xf800,0x0001,0xf000,0x0000,0x001f,0xf000,0x0001,0xf000,0x0000,0x001f,0xf000,0x01ff,0xffff,
  0xffff,0xfff8,0x0000,0xf800,0x0000,0x001f,0xf000,0x0001,0xf800,0x0000,0x001f,0xf000,0x0001,0xf800,0x0000,0x001f,0xf000,0x0001,0xf800,0x0000,0x001f,0xf000,0x00ff,0xffff,
  0xffff,0xfff8,0x0000,0xf800,0x0000,0x003f,0xf000,0x0000,0xf800,0x0000,0x003f,0xe000,0x0000,0xf800,0x0000,0x003f,0xe000,0x0000,0xf800,0x0000,0x003f,0xe000,0x00ff,0xffff,
  0xffff,0xfff0,0x0000,0xfc00,0x0000,0x003f,0xe000,0x0000,0xfc00,0x0000,0x003f,0xe000,0x0000,0xfc00,0x0000,0x003f,0xe000,0x0000,0xfc00,0x0000,0x007f,0xe000,0x00ff,0xffff,
  0xffff,0xfff0,0x0000,0xfe00,0x0000,0x007f,0xc000,0x0000,0xfe00,0x0000,0x007f,0xc000,0x0000,0xfe00,0x0000,0x007f,0xc000,0x0000,0xfe00,0x0000,0x007f,0xc000,0x007f,0xffff,
  0xffff,0xffe0,0x0000,0x7f00,0x0000,0x00ff,0xc000,0x0000,0x7f00,0x0000,0x00ff,0xc000,0x0000,0x7e00,0x0000,0x00ff,0xc000,0x0000,0xff00,0x0000,0x00ff,0xc000,0x007f,0xffff,
  0xffff,0xffc0,0x0000,0x7f80,0x0000,0x01ff,0x8000,0x0000,0x7f00,0x0000,0x01ff,0x8000,0x0000,0x7f00,0x0000,0x01ff,0x8000,0x0000,0x7f00,0x0000,0x01ff,0x8000,0x007f,0xffff,
  0xffff,0xff80,0x0000,0x7fc0,0x0000,0x03ff,0x0000,0x0000,0x7f80,0x0000,0x03ff,0x0000,0x0000,0x7f80,0x0000,0x03ff,0x0000,0x0000,0x7f80,0x0000,0x03ff,0x0000,0x007f,0xffff,
  0xffff,0xff00,0x0000,0x7fe0,0x0000,0x07fc,0x0000,0x0000,0x7fc0,0x0000,0x07fe,0x0000,0x0000,0x7fe0,0x0000,0x07fe,0x0000,0x0000,0x7fe0,0x0000,0x07fe,0x0000,0x007f,0xffff,
  0xffff,0xfe00,0x0000,0x7ff0,0x0000,0x0ff0,0x0000,0x0000,0x7ff0,0x0000,0x0ffc,0x0000,0x0000,0x7ff0,0x0000,0x0ffc,0x0000,0x0000,0x7ff0,0x0000,0x0ffc,0x0000,0x007f,0xffff,
  0xffff,0xfc00,0x0000,0x7ff8,0x0000,0x3fc0,0x0000,0x0000,0x7ff8,0x0000,0x3ff0,0x0000,0x0000,0x7ff8,0x0000,0x3ff0,0x0000,0x0000,0x7ff8,0x0000,0x3ff0,0x0000,0x003f,0xffff,
  0xffff,0xf000,0x0000,0x7ffe,0x0000,0x7f00,0x0000,0x0000,0x7ffe,0x0000,0x7fe0,0x0000,0x0000,0x7ffe,0x0000,0x7fe0,0x0000,0x0000,0x7ffe,0x0000,0x7fe0,0x0000,0x003f,0xffff,
  0xffff,0xc000,0x0000,0x7fff,0x8001,0xfc00,0x0000,0x0000,0x7fff,0x8001,0xff80,0x0000,0x0000,0x7fff,0x8001,0xff80,0x0000,0x0000,0x7fff,0x8003,0xff80,0x0000,0x003f,0xffff,
  0xffff,0x0000,0x0000,0x7fff,0xf01f,0xf800,0x0000,0x0000,0x7fff,0xf00f,0xfe00,0x0000,0x0000,0x7fff,0xf01f,0xfe00,0x0000,0x0000,0x7fff,0xf01f,0xfe00,0x0000,0x003f,0xffff,
  0xfffc,0x0000,0x0000,0x7fff,0xffff,0xf000,0x0000,0x0000,0x7fff,0xffff,0xf000,0x0000,0x0000,0x7fff,0xffff,0xf000,0x0000,0x0000,0x7fff,0xffff,0xf000,0x0000,0x007f,0xffff,
  0xfff0,0x0000,0x0000,0x7fff,0xffff,0xc000,0x0000,0x0000,0x7fff,0xffff,0xc000,0x0000,0x0000,0x7fff,0xffff,0xc000,0x0000,0x0000,0x7fff,0xffff,0xc000,0x0000,0x007f,0xffff,
  0xffc0,0x0000,0x0000,0x7fff,0xffff,0x0000,0x0000,0x0000,0x7fff,0xffff,0x0000,0x0000,0x0000,0xffff,0xffff,0x0000,0x0000,0x0000,0xffff,0xffff,0x0000,0x0000,0x007f,0xffff,
  0xff00,0x0000,0x0000,0xffff,0xfffc,0x0000,0x0000,0x0000,0xffff,0xfffc,0x0000,0x0000,0x0000,0xffff,0xfffc,0x0000,0x0000,0x0000,0xffff,0xfffc,0x0000,0x0000,0x00ff,0xffff,
  0xfc00,0x0000,0x0001,0xffff,0xfff8,0x0000,0x0000,0x0001,0xffff,0xfff8,0x0000,0x0000,0x0001,0xffff,0xfff8,0x0000,0x0000,0x0001,0xffff,0xfff8,0x0000,0x0000,0x00ff,0xffff,
  0xf800,0x0000,0x0003,0xffff,0xfff0,0x0000,0x0000,0x0003,0xffff,0xfff0,0x0000,0x0000,0x0003,0xffff,0xfff0,0x0000,0x0000,0x0003,0xffff,0xfff0,0x0000,0x0000,0x01ff,0xffff,
  0xf000,0x0000,0x0007,0xffff,0xffe0,0x0000,0x0000,0x0007,0xffff,0xffe0,0x0000,0x0000,0x0007,0xffff,0xffe0,0x0000,0x0000,0x0007,0xffff,0xffc0,0x0000,0x0000,0x03ff,0xffff,
  0xe000,0x0000,0x000f,0xffff,0xffc0,0x0000,0x0000,0x000f,0xffff,0xffc0,0x0000,0x0000,0x000f,0xffff,0xffc0,0x0000,0x0000,0x000f,0xffff,0xffc0,0x0000,0x0000,0x07ff,0xffff,
  0xc000,0x0000,0x001f,0xffff,0xff80,0x0000,0x0000,0x001f,0xffff,0xff80,0x0000,0x0000,0x001f,0xffff,0xff80,0x0000,0x0000,0x001f,0xffff,0xff80,0x0000,0x0000,0x1fff,0xffff,
  0x8000,0x0000,0x003f,0xffff,0xff00,0x0000,0x0000,0x003f,0xffff,0xff00,0x0000,0x0000,0x003f,0xffff,0xff00,0x0000,0x0000,0x003f,0xffff,0xff00,0x0000,0x0000,0x3fff,0xffff,
  0x0000,0x0000,0x00ff,0xffff,0xff00,0x0000,0x0000,0x00ff,0xffff,0xff00,0x0000,0x0000,0x00ff,0xffff,0xff00,0x0000,0x0000,0x00ff,0xffff,0xff00,0x0000,0x0000,0xffff,0xffff,
  0x0000,0x0000,0x01ff,0xffff,0xfe00,0x0000,0x0000,0x01ff,0xffff,0xfe00,0x0000,0x0000,0x01ff,0xffff,0xfe00,0x0000,0x0000,0x01ff,0xffff,0xfe00,0x0000,0x0001,0xffff,0xfffe,
  0x0000,0x0000,0x07ff,0xffff,0xfe00,0x0000,0x0000,0x07ff,0xffff,0xfe00,0x0000,0x0000,0x07ff,0xffff,0xfe00,0x0000,0x0000,0x07ff,0xffff,0xfe00,0x0000,0x0003,0xffff,0xffff,
  0x0000,0x0000,0x0fff,0xffff,0xfe00,0x0000,0x0000,0x0fff,0xffff,0xfe00,0x0000,0x0000,0x0fff,0xffff,0xfe00,0x0000,0x0000,0x0fff,0xffff,0xfe00,0x0000,0x000f,0xffff,0xffff,
  0x0000,0x0000,0x1fff,0xffff,0xfe00,0x0000,0x0000,0x1fff,0xffff,0xfe00,0x0000,0x0000,0x1fff,0xffff,0xfc00,0x0000,0x0000,0x1fff,0xffff,0xfe00,0x0000,0x001f,0xffff,0xffff,
  0x0000,0x0000,0x3fff,0xffff,0xfe00,0x0000,0x0000,0x3fff,0xffff,0xfe00,0x0000,0x0000,0x3fff,0xffff,0xfc00,0x0000,0x0000,0x3fff,0xffff,0xfe00,0x0000,0x003f,0xffff,0xffff,
  0x0000,0x0000,0x7ffe,0x03ff,0xfe00,0x0000,0x0000,0x7fff,0xffff,0xfe00,0x0000,0x0000,0x7fff,0xffff,0xfe00,0x0000,0x0000,0x7ffe,0x03ff,0xfe00,0x0000,0x007f,0xfe01,0xffff,
  0x0000,0x0000,0xfff0,0x007f,0xfe00,0x0000,0x0000,0xffff,0xffff,0xfe00,0x0000,0x0000,0xffff,0xffff,0xfe00,0x0000,0x0000,0xfff0,0x007f,0xfe00,0x0000,0x007f,0xf000,0x3fff,
  0x0000,0x0000,0xffc0,0x000f,0xfe00,0x0000,0x0000,0xffff,0xffff,0xfe00,0x0000,0x0000,0xffff,0xffff,0xfe00,0x0000,0x0000,0xffc0,0x001f,0xfe00,0x0000,0x00ff,0xc000,0x0fff,
  0x0000,0x0001,0xff00,0x0007,0xfe00,0x0000,0x0001,0xffff,0xffff,0xfe00,0x0000,0x0001,0xffff,0xffff,0xfe00,0x0000,0x0001,0xff00,0x0007,0xfe00,0x0000,0x01ff,0x0000,0x07ff,
  0x8000,0x0003,0xfe00,0x0001,0xff00,0x0000,0x0003,0xffff,0xffff,0xff00,0x0000,0x0003,0xffff,0xffff,0xff00,0x0000,0x0003,0xfe00,0x0003,0xff00,0x0000,0x03fe,0x0000,0x01ff,
  0xc000,0x0003,0xfc00,0x0000,0xff00,0x0000,0x0003,0xffff,0xffff,0xff00,0x0000,0x0003,0xffff,0xffff,0xff00,0x0000,0x0003,0xf800,0x0000,0xff00,0x0000,0x03fc,0x0000,0x00ff,
  0xc000,0x0007,0xf800,0x0000,0x7f80,0x0000,0x0007,0xffff,0xffff,0xff80,0x0000,0x0007,0xffff,0xffff,0xff80,0x0000,0x0007,0xf000,0x0000,0x7f80,0x0000,0x07f8,0x0000,0x007f,
  0xe000,0x000f,0xf000,0x0000,0x3f80,0x0000,0x000f,0xffff,0xffff,0xff80,0x0000,0x000f,0xffff,0xffff,0xff80,0x0000,0x000f,0xe000,0x0000,0x3f80,0x0000,0x07f0,0x0000,0x003f,
  0xe000,0x000f,0xe000,0x0000,0x1fc0,0x0000,0x000f,0xffff,0xffff,0xffc0,0x0000,0x000f,0xffff,0xffff,0xffc0,0x0000,0x000f,0xe000,0x0000,0x1fc0,0x0000,0x0fe0,0x0000,0x001f,
  0xf000,0x001f,0xc000,0x0000,0x0fe0,0x0000,0x001f,0xffff,0xffff,0xffe0,0x0000,0x001f,0xffff,0xffff,0xffe0,0x0000,0x001f,0xc000,0x0000,0x1fe0,0x0000,0x0fc0,0x0000,0x000f,
  0xf800,0x001f,0x8000,0x0000,0x0fe0,0x0000,0x001f,0xffff,0xffff,0xffe0,0x0000,0x001f,0xffff,0xffff,0xffe0,0x0000,0x001f,0x8000,0x0000,0x0fe0,0x0000,0x1f80,0x0000,0x0007,
  0xfc00,0x003f,0x0000,0x0000,0x07f0,0x0000,0x003f,0xffff,0xffff,0xfff0,0x0000,0x003f,0xffff,0xffff,0xfff0,0x0000,0x003f,0x0000,0x0000,0x07f0,0x0000,0x1f00,0x0000,0x0007,
  0xfc00,0x003f,0x0000,0x0000,0x03f8,0x0000,0x003f,0xffff,0xffff,0xfff8,0x0000,0x003f,0xffff,0xffff,0xfff8,0x0000,0x003f,0x0000,0x0000,0x03f8,0x0000,0x3f00,0x0000,0x0003,
  0xfe00,0x003e,0x0000,0x0000,0x03fc,0x0000,0x003f,0xffff,0xffff,0xfffc,0x0000,0x007f,0xffff,0xffff,0xfffc,0x0000,0x007e,0x0000,0x0000,0x03fc,0x0000,0x3e00,0x0000,0x0001,
  0xff00,0x007e,0x0000,0x0000,0x01fe,0x0000,0x007f,0xffff,0xffff,0xfffe,0x0000,0x007f,0xffff,0xffff,0xfffc,0x0000,0x007c,0x0000,0x0000,0x01fc,0x0000,0x7e00,0x0000,0x0001,
  0xff80,0x007c,0x0000,0x0000,0x01fe,0x0000,0x007f,0xffff,0xffff,0xfffe,0x0000,0x007f,0xffff,0xffff,0xfffe,0x0000,0x007c,0x0000,0x0000,0x01fe,0x0000,0x7c00,0x0000,0x0000,
  0xff80,0x00f8,0x0000,0x0000,0x00ff,0x0000,0x00ff,0xffff,0xffff,0xffff,0x0000,0x00ff,0xffff,0xffff,0xffff,0x0000,0x00f8,0x0000,0x0000,0x00ff,0x0000,0xfc00,0x0000,0x0000,
  0x7fc0,0x00f8,0x0000,0x0000,0x00ff,0x8000,0x00ff,0xffff,0xffff,0xffff,0x8000,0x00ff,0xffff,0xffff,0xffff,0x8000,0x00f8,0x0000,0x0000,0x00ff,0x8000,0xf800,0x0000,0x0000,
  0x7fe0,0x00f8,0x0000,0x0000,0x007f,0x8000,0x00ff,0xffff,0xffff,0xffff,0x8000,0x00ff,0xffff,0xffff,0xffff,0x8000,0x00f0,0x0000,0x0000,0x007f,0x8000,0xf800,0x0000,0x0000,
  0x3fe0,0x01f0,0x0000,0x0000,0x007f,0xc000,0x01ff,0xffff,0xffff,0xffff,0xc000,0x01ff,0xffff,0xffff,0xffff,0xc000,0x01f0,0x0000,0x0000,0x007f,0xc001,0xf000,0x0000,0x0000,
  0x3ff0,0x01f0,0x0000,0x0000,0x003f,0xe000,0x01ff,0xffff,0xffff,0xffff,0xe000,0x01ff,0xffff,0xffff,0xffff,0xc000,0x01f0,0x0000,0x0000,0x007f,0xc001,0xf000,0x0000,0x0000,
  0x3ff8,0x01e0,0x0000,0x0000,0x003f,0xe000,0x01ff,0xffff,0xffff,0xffff,0xe000,0x01ff,0xffff,0xffff,0xffff,0xe000,0x01e0,0x0000,0x0000,0x003f,0xe001,0xf000,0x0000,0x0000,
  0x1ff8,0x03e0,0x0000,0x0000,0x003f,0xf000,0x03ff,0xffff,0xffff,0xffff,0xe000,0x03ff,0xffff,0xffff,0xffff,0xe000,0x03e0,0x0000,0x0000,0x003f,0xe001,0xe000,0x0000,0x0000,
  0x1ff8,0x03e0,0x0000,0x0000,0x001f,0xf000,0x03ff,0xffff,0xffff,0xffff,0xf000,0x03ff,0xffff,0xffff,0xffff,0xf000,0x03e0,0x0000,0x0000,0x001f,0xf003,0xe000,0x0000,0x0000,
  0x1ffc,0x03c0,0x0000,0x0000,0x001f,0xf000,0x03ff,0xffff,0xffff,0xffff,0xf000,0x03ff,0xffff,0xffff,0xffff,0xf000,0x03c0,0x0000,0x0000,0x001f,0xf003,0xe000,0x0000,0x0000,
  0x1ffc,0x03c0,0x0000,0x0000,0x001f,0xf800,0x03ff,0xffff,0xffff,0xffff,0xf800,0x03ff,0xffff,0xffff,0xffff,0xf800,0x07c0,0x0000,0x0000,0x001f,0xf003,0xc000,0x0000,0x0000,
  0x0ffc,0x07c0,0x0000,0x0000,0x001f,0xf800,0x07ff,0xffff,0xffff,0xffff,0xf800,0x07ff,0xffff,0xffff,0xffff,0xf800,0x07c0,0x0000,0x0000,0x001f,0xf803,0xc000,0x0000,0x0000,
  0x0ffe,0x07c0,0x0000,0x0000,0x000f,0xf800,0x07ff,0xffff,0xffff,0xffff,0xf800,0x07ff,0xffff,0xffff,0xffff,0xf800,0x07c0,0x0000,0x0000,0x000f,0xf807,0xc000,0x0000,0x0000,
  0x0ffe,0x07c0,0x0000,0x0000,0x000f,0xf800,0x07ff,0xffff,0xffff,0xffff,0xf800,0x07ff,0xffff,0xffff,0xffff,0xf800,0x0780,0x0000,0x0000,0x000f,0xf807,0xc000,0x0000,0x0000,
  0x0ffe,0x0780,0x0000,0x0000,0x000f,0xfc00,0x07ff,0xffff,0xffff,0xffff,0xfc00,0x07ff,0xffff,0xffff,0xffff,0xfc00,0x0780,0x0000,0x0000,0x000f,0xfc07,0x8000,0x0000,0x0000,
  0x07fe,0x0780,0x0000,0x0000,0x000f,0xfc00,0x07ff,0xffff,0xffff,0xffff,0xfc00,0x0fff,0xffff,0xffff,0xffff,0xfc00,0x0f80,0x0000,0x0000,0x000f,0xfc07,0x8000,0x0000,0x0000,
  0x07fe,0x0f80,0x0000,0x0000,0x000f,0xfc00,0x0fff,0xffff,0xffff,0xffff,0xfc00,0x0fff,0xffff,0xffff,0xffff,0xfc00,0x0f80,0x0000,0x0000,0x000f,0xfc07,0x8000,0x0000,0x0000,
  0x07ff,0x0f80,0x0000,0x0000,0x0007,0xfc00,0x0fff,0xffff,0xffff,0xffff,0xfc00,0x0fff,0xffff,0xffff,0xffff,0xfc00,0x0f80,0x0000,0x0000,0x000f,0xfc0f,0x8000,0x0000,0x0000,
  0x07ff,0x0f80,0x0000,0x0000,0x0007,0xfc00,0x0fff,0xffff,0xffff,0xffff,0xfc00,0x0fff,0xffff,0xffff,0xffff,0xfc00,0x0f80,0x0000,0x0000,0x0007,0xfc0f,0x8000,0x0000,0x0000,
  0x07ff,0x0f80,0x0000,0x0000,0x0007,0xfc00,0x0fff,0xffff,0xffff,0xffff,0xfc00,0x0fff,0xffff,0xffff,0xffff,0xfc00,0x0f80,0x0000,0x0000,0x0007,0xfc0f,0x8000,0x0000,0x0000,
  0x07ff,0x0f00,0x0000,0x0000,0x0007,0xfc00,0x0fff,0xffff,0xffff,0xffff,0xfc00,0x0fff,0xffff,0xffff,0xffff,0xfc00,0x0f00,0x0000,0x0000,0x0007,0xfc0f,0x8000,0x0000,0x0000,
  0x07ff,0x0f00,0x0000,0x0000,0x0007,0xfc00,0x0fff,0xffff,0xffff,0xffff,0xfc00,0x0fff,0xffff,0xffff,0xffff,0xfc00,0x0f00,0x0000,0x0000,0x0007,0xfc0f,0x8000,0x0000,0x0000,
  0x07ff,0x0f00,0x0000,0x0000,0x0007,0xfc00,0x0fff,0xffff,0xffff,0xffff,0xfc00,0x1fff,0xffff,0xffff,0xffff,0xfc00,0x1f00,0x0000,0x0000,0x0007,0xfc0f,0x8000,0x0000,0x0000,
  0x07ff,0x0f00,0x0000,0x0000,0x0007,0xfc00,0x1fff,0xffff,0xffff,0xffff,0xfc00,0x1fff,0xffff,0xffff,0xffff,0xfc00,0x1f00,0x0000,0x0000,0x0007,0xfc0f,0x0000,0x0000,0x0000,
  0x07ff,0x1f00,0x0000,0x0000,0x0007,0xfc00,0x1fff,0xffff,0xffff,0xffff,0xfc00,0x1fff,0xffff,0xffff,0xffff,0xfc00,0x1f00,0x0000,0x0000,0x0007,0xfc0f,0x0000,0x0000,0x0000,
  0x07ff,0x1f00,0x0000,0x0000,0x0007,0xfc00,0x1fff,0xffff,0xffff,0xffff,0xfc00,0x1fff,0xffff,0xffff,0xffff,0xfc00,0x1f00,0x0000,0x0000,0x0007,0xfc0f,0x0000,0x0000,0x0000,
  0x07ff,0x1f00,0x0000,0x0000,0x0007,0xfc00,0x1fff,0xffff,0xffff,0xffff,0xfc00,0x1fff,0xffff,0xffff,0xffff,0xfc00,0x1f00,0x0000,0x0000,0x0007,0xfc0f,0x0000,0x0000,0x0000,
  0x07ff,0x1f00,0x0000,0x0000,0x0007,0xfc00,0x1fff,0xffff,0xffff,0xffff,0xfc00,0x1fff,0xffff,0xffff,0xffff,0xfc00,0x1f00,0x0000,0x0000,0x0007,0xfc1f,0x8000,0x0000,0x0000,
  0x07ff,0x1f00,0x0000,0x0000,0x0007,0xfc00,0x1fff,0xffff,0xffff,0xffff,0xfc00,0x1fff,0xffff,0xffff,0xffff,0xfc00,0x1f00,0x0000,0x0000,0x0007,0xfc1f,0x8000,0x0000,0x0000,
  0x07ff,0x1f80,0x0000,0x0000,0x0007,0xfc00,0x1fff,0xffff,0xffff,0xffff,0xfc00,0x1fff,0xffff,0xffff,0xffff,0xfc00,0x1f00,0x0000,0x0000,0x0007,0xfc1f,0x8000,0x0000,0x0000,
  0x07ff,0x1f80,0x0000,0x0000,0x0007,0xfc00,0x1fff,0xffff,0xffff,0xffff,0xfc00,0x1fff,0xffff,0xffff,0xffff,0xfc00,0x1f80,0x0000,0x0000,0x0007,0xfc1f,0x8000,0x0000,0x0000,
  0x07fe,0x1f80,0x0000,0x0000,0x0007,0xfc00,0x1fff,0xffff,0xffff,0xffff,0xfc00,0x1fff,0xffff,0xffff,0xffff,0xfc00,0x1f80,0x0000,0x0000,0x0007,0xfc1f,0x8000,0x0000,0x0000,
  0x07fe,0x1f80,0x0000,0x0000,0x0007,0xfc00,0x1fff,0xffff,0xffff,0xffff,0xfc00,0x1fff,0xffff,0xffff,0xffff,0xfc00,0x1f80,0x0000,0x0000,0x000f,0xfc0f,0x8000,0x0000,0x0000,
  0x07fe,0x1f80,0x0000,0x0000,0x000f,0xfc00,0x1fff,0xffff,0xffff,0xffff,0xfc00,0x1fff,0xffff,0xffff,0xffff,0xfc00,0x1f80,0x0000,0x0000,0x000f,0xfc0f,0x8000,0x0000,0x0000,
  0x07fe,0x0f80,0x0000,0x0000,0x000f,0xfc00,0x1fff,0xffff,0xffff,0xffff,0xfc00,0x1fff,0xffff,0xffff,0xffff,0xfc00,0x1f80,0x0000,0x0000,0x000f,0xfc0f,0x8000,0x0000,0x0000,
  0x0ffe,0x0f80,0x0000,0x0000,0x000f,0xfc00,0x0fff,0xffff,0xffff,0xffff,0xfc00,0x1fff,0xffff,0xffff,0xffff,0xfc00,0x1f80,0x0000,0x0000,0x000f,0xf80f,0x8000,0x0000,0x0000,
  0x0ffe,0x0fc0,0x0000,0x0000,0x000f,0xf800,0x0fff,0xffff,0xffff,0xffff,0xf800,0x0fff,0xffff,0xffff,0xffff,0xf800,0x0f80,0x0000,0x0000,0x000f,0xf80f,0xc000,0x0000,0x0000,
  0x0ffe,0x0fc0,0x0000,0x0000,0x000f,0xf800,0x0fff,0xffff,0xffff,0xffff,0xf800,0x0fff,0xffff,0xffff,0xffff,0xf800,0x0fc0,0x0000,0x0000,0x000f,0xf80f,0xc000,0x0000,0x0000,
  0x0ffc,0x0fc0,0x0000,0x0000,0x001f,0xf800,0x0fff,0xffff,0xffff,0xffff,0xf800,0x0fff,0xffff,0xffff,0xffff,0xf800,0x0fc0,0x0000,0x0000,0x001f,0xf80f,0xc000,0x0000,0x0000,
  0x1ffc,0x0fc0,0x0000,0x0000,0x001f,0xf800,0x0fff,0xffff,0xffff,0xffff,0xf800,0x0fff,0xffff,0xffff,0xffff,0xf800,0x0fc0,0x0000,0x0000,0x001f,0xf80f,0xc000,0x0000,0x0000,
  0x1ffc,0x0fc0,0x0000,0x0000,0x001f,0xf800,0x0fff,0xffff,0xffff,0xffff,0xf800,0x0fff,0xffff,0xffff,0xffff,0xf000,0x0fc0,0x0000,0x0000,0x001f,0xf00f,0xe000,0x0000,0x0000,
  0x1ffc,0x0fe0,0x0000,0x0000,0x001f,0xf000,0x0fff,0xffff,0xffff,0xffff,0xf000,0x0fff,0xffff,0xffff,0xffff,0xf000,0x0fe0,0x0000,0x0000,0x001f,0xf007,0xe000,0x0000,0x0000,
  0x1ff8,0x07e0,0x0000,0x0000,0x003f,0xf000,0x07ff,0xffff,0xffff,0xffff,0xf000,0x07ff,0xffff,0xffff,0xffff,0xf000,0x07e0,0x0000,0x0000,0x003f,0xf007,0xe000,0x0000,0x0000,
  0x3ff8,0x07e0,0x0000,0x0000,0x003f,0xe000,0x07ff,0xffff,0xffff,0xffff,0xe000,0x07ff,0xffff,0xffff,0xffff,0xe000,0x07e0,0x0000,0x0000,0x003f,0xe007,0xf000,0x0000,0x0000,
  0x3ff0,0x07f0,0x0000,0x0000,0x003f,0xe000,0x07ff,0xffff,0xffff,0xffff,0xe000,0x07ff,0xffff,0xffff,0xffff,0xe000,0x07f0,0x0000,0x0000,0x003f,0xe007,0xf000,0x0000,0x0000,
  0x3ff0,0x07f0,0x0000,0x0000,0x007f,0xc000,0x07ff,0xffff,0xffff,0xffff,0xc000,0x07ff,0xffff,0xffff,0xffff,0xc000,0x07f0,0x0000,0x0000,0x007f,0xc003,0xf000,0x0000,0x0000,
  0x7fe0,0x03f8,0x0000,0x0000,0x007f,0xc000,0x03ff,0xffff,0xffff,0xffff,0xc000,0x03ff,0xffff,0xffff,0xffff,0xc000,0x03f0,0x0000,0x0000,0x007f,0xc003,0xf800,0x0000,0x0000,
  0xffe0,0x03f8,0x0000,0x0000,0x00ff,0x8000,0x03ff,0xffff,0xffff,0xffff,0x8000,0x03ff,0xffff,0xffff,0xffff,0x8000,0x03f8,0x0000,0x0000,0x00ff,0x8003,0xf800,0x0000,0x0000,
  0xffc0,0x03f8,0x0000,0x0000,0x00ff,0x8000,0x03ff,0xffff,0xffff,0xffff,0x8000,0x03ff,0xffff,0xffff,0xffff,0x8000,0x03f8,0x0000,0x0000,0x00ff,0x8001,0xfc00,0x0000,0x0000,
  0xff80,0x01fc,0x0000,0x0000,0x01ff,0x0000,0x01ff,0xffff,0xffff,0xffff,0x0000,0x01ff,0xffff,0xffff,0xffff,0x0000,0x01fc,0x0000,0x0000,0x01ff,0x0001,0xfc00,0x0000,0x0000,
  0xff80,0x01fe,0x0000,0x0000,0x01fe,0x0000,0x01ff,0xffff,0xffff,0xfffe,0x0000,0x01ff,0xffff,0xffff,0xfffe,0x0000,0x01fc,0x0000,0x0000,0x01fe,0x0001,0xfe00,0x0000,0x0001,
  0xff00,0x00fe,0x0000,0x0000,0x03fe,0x0000,0x00ff,0xffff,0xffff,0xfffe,0x0000,0x01ff,0xffff,0xffff,0xfffe,0x0000,0x01fe,0x0000,0x0000,0x03fe,0x0000,0xfe00,0x0000,0x0001,
  0xff00,0x00ff,0x0000,0x0000,0x03fc,0x0000,0x00ff,0xffff,0xffff,0xfffc,0x0000,0x00ff,0xffff,0xffff,0xfffc,0x0000,0x00ff,0x0000,0x0000,0x03fc,0x0000,0xff00,0x0000,0x0003,
  0xfe00,0x007f,0x0000,0x0000,0x07fc,0x0000,0x007f,0xffff,0xffff,0xfffc,0x0000,0x00ff,0xffff,0xffff,0xfff8,0x0000,0x00ff,0x0000,0x0000,0x07f8,0x0000,0x7f00,0x0000,0x0007,
  0xfc00,0x007f,0x8000,0x0000,0x0ff8,0x0000,0x007f,0xffff,0xffff,0xfff8,0x0000,0x007f,0xffff,0xffff,0xfff8,0x0000,0x007f,0x8000,0x0000,0x0ff8,0x0000,0x7f80,0x0000,0x0007,
  0xfc00,0x003f,0xc000,0x0000,0x1ff0,0x0000,0x003f,0xffff,0xffff,0xfff0,0x0000,0x003f,0xffff,0xffff,0xfff0,0x0000,0x003f,0xc000,0x0000,0x1ff0,0x0000,0x3fc0,0x0000,0x000f,
  0xf800,0x003f,0xe000,0x0000,0x1ff0,0x0000,0x003f,0xffff,0xffff,0xfff0,0x0000,0x003f,0xffff,0xffff,0xfff0,0x0000,0x003f,0xe000,0x0000,0x1ff0,0x0000,0x1fe0,0x0000,0x001f,
  0xf800,0x001f,0xf000,0x0000,0x3fe0,0x0000,0x001f,0xffff,0xffff,0xffe0,0x0000,0x001f,0xffff,0xffff,0xffe0,0x0000,0x001f,0xf000,0x0000,0x3fe0,0x0000,0x1ff0,0x0000,0x003f,
  0xf000,0x000f,0xf000,0x0000,0x7fe0,0x0000,0x000f,0xffff,0xffff,0xffe0,0x0000,0x000f,0xffff,0xffff,0xffe0,0x0000,0x000f,0xf000,0x0000,0x7fe0,0x0000,0x0ff8,0x0000,0x007f,
  0xf000,0x0007,0xfc00,0x0000,0xffe0,0x0000,0x000f,0xffff,0xffff,0xffe0,0x0000,0x000f,0xffff,0xffff,0xffe0,0x0000,0x000f,0xfc00,0x0000,0xffe0,0x0000,0x07fc,0x0000,0x00ff,
  0xf000,0x0007,0xfe00,0x0001,0xffc0,0x0000,0x0007,0xffff,0xffff,0xffc0,0x0000,0x0007,0xffff,0xffff,0xffc0,0x0000,0x0007,0xfe00,0x0003,0xffc0,0x0000,0x03fe,0x0000,0x01ff,
  0xf000,0x0003,0xff00,0x0007,0xffc0,0x0000,0x0003,0xffff,0xffff,0xffc0,0x0000,0x0003,0xffff,0xffff,0xffc0,0x0000,0x0003,0xff00,0x0007,0xffc0,0x0000,0x01ff,0x0000,0x07ff,
  0xe000,0x0001,0xffc0,0x001f,0xffc0,0x0000,0x0001,0xffff,0xffff,0xffc0,0x0000,0x0001,0xffff,0xffff,0xffc0,0x0000,0x0001,0xffc0,0x001f,0xffc0,0x0000,0x00ff,0xc000,0x0fff,
  0xe000,0x0000,0x7ff0,0x003f,0xffc0,0x0000,0x0000,0x7fff,0xffff,0xffc0,0x0000,0x0000,0xffff,0xffff,0xffc0,0x0000,0x0000,0xfff0,0x003f,0xffc0,0x0000,0x007f,0xf000,0x3fff,
  0xe000,0x0000,0x3fff,0x07ff,0xffc0,0x0000,0x0000,0x3fff,0xffff,0xffc0,0x0000,0x0000,0x3fff,0xffff,0xffc0,0x0000,0x0000,0x3fff,0x07ff,0xffc0,0x0000,0x003f,0xfe01,0xffff,
  0xe000,0x0000,0x1fff,0xffff,0xffc0,0x0000,0x0000,0x1fff,0xffff,0xffc0,0x0000,0x0000,0x1fff,0xffff,0xffc0,0x0000,0x0000,0x1fff,0xffff,0xffc0,0x0000,0x000f,0xffff,0xffff,
  0xe000,0x0000,0x03ff,0xffff,0xffc0,0x0000,0x0000,0x03ff,0xffff,0xffc0,0x0000,0x0000,0x03ff,0xffff,0xffc0,0x0000,0x0000,0x07ff,0xffff,0xffc0,0x0000,0x0003,0xffff,0xffff,
  0xf000,0x0000,0x00ff,0xffff,0xffc0,0x0000,0x0000,0x00ff,0xffff,0xffc0,0x0000,0x0000,0x00ff,0xffff,0xffc0,0x0000,0x0000,0x00ff,0xffff,0xffc0,0x0000,0x0000,0xffff,0xffff,
  0xf000,0x0000,0x003f,0xffff,0xffe0,0x0000,0x0000,0x003f,0xffff,0xffe0,0x0000,0x0000,0x003f,0xffff,0xffe0,0x0000,0x0000,0x003f,0xffff,0xffe0,0x0000,0x0000,0x1fff,0xffff,
  0xf800,0x0000,0x0007,0xffff,0xffe0,0x0000,0x0000,0x0007,0xffff,0xffe0,0x0000,0x0000,0x000f,0xffff,0xffe0,0x0000,0x0000,0x000f,0xffff,0xffe0,0x0000,0x0000,0x07ff,0xffff,
  0xf800,0x0000,0x0003,0xffff,0xfff0,0x0000,0x0000,0x0003,0xffff,0xfff0,0x0000,0x0000,0x0003,0xffff,0xfff0,0x0000,0x0000,0x0003,0xffff,0xfff0,0x0000,0x0000,0x01ff,0xffff,
  0xfc00,0x0000,0x0000,0xffff,0xfff8,0x0000,0x0000,0x0000,0xffff,0xfff8,0x0000,0x0000,0x0000,0xffff,0xfff8,0x0000,0x0000,0x0000,0xffff,0xfff8,0x0000,0x0000,0x00ff,0xffff,
  0xfe00,0x0000,0x0000,0x7fff,0xfffc,0x0000,0x0000,0x0000,0x7fff,0xfffc,0x0000,0x0000,0x0000,0x7fff,0xfffc,0x0000,0x0000,0x0000,0x7fff,0xfffc,0x0000,0x0000,0x007f,0xffff,
  0xff00,0x0000,0x0000,0x3fff,0xfffe,0x0000,0x0000,0x0000,0x3fff,0xfffe,0x0000,0x0000,0x0000,0x3fff,0xfffe,0x0000,0x0000,0x0000,0x3fff,0xfffe,0x0000,0x0000,0x003f,0xffff,
  0xffc0,0x0000,0x0000,0x1fff,0xffff,0x0000,0x0000,0x0000,0x1fff,0xffff,0x0000,0x0000,0x0000,0x1fff,0xffff,0x0000,0x0000,0x0000,0x1fff,0xffff,0x0000,0x0000,0x001f,0xffff,
  0xffe0,0x0000,0x0000,0x1fff,0xffff,0xc000,0x0000,0x0000,0x1fff,0xffff,0xc000,0x0000,0x0000,0x1fff,0xffff,0xc000,0x0000,0x0000,0x1fff,0xffff,0xc000,0x0000,0x001f,0xffff,
  0xfff8,0x0000,0x0000,0x0fff,0xffff,0xe000,0x0000,0x0000,0x0fff,0xffff,0xe000,0x0000,0x0000,0x0fff,0xffff,0xe000,0x0000,0x0000,0x1fff,0xffff,0xe000,0x0000,0x000f,0xffff,
  0xfffc,0x0000,0x0000,0x0fff,0xffff,0xf800,0x0000,0x0000,0x0fff,0xffff,0xf800,0x0000,0x0000,0x0fff,0xffff,0xf800,0x0000,0x0000,0x0fff,0xffff,0xf000,0x0000,0x000f,0xffff,
  0xfffe,0x0000,0x0000,0x0fff,0xffff,0xfc00,0x0000,0x0000,0x0fff,0xffff,0xfc00,0x0000,0x0000,0x0fff,0xffff,0xfc00,0x0000,0x0000,0x0fff,0xffff,0xfc00,0x0000,0x000f,0xffff,
  0xffff,0x8000,0x0000,0x0fff,0xffff,0xfe00,0x0000,0x0000,0x0fff,0xffff,0xfe00,0x0000,0x0000,0x0fff,0xffff,0xfe00,0x0000,0x0000,0x0fff,0xffff,0xfe00,0x0000,0x000f,0xffff,
  0xffff,0xc000,0x0000,0x0fff,0xffff,0xff00,0x0000,0x0000,0x0fff,0xffff,0xff00,0x0000,0x0000,0x0fff,0xffff,0xff00,0x0000,0x0000,0x0fff,0xffff,0xff00,0x0000,0x000f,0xffff,
  0x0fff,0xe000,0x0000,0x1fff,0xf01f,0xffc0,0x0000,0x0000,0x1fff,0xf00f,0xff80,0x0000,0x0000,0x1fff,0xf00f,0xff80,0x0000,0x0000,0x1fff,0xffff,0xff80,0x0000,0x000f,0xfff0,
  0x01ff,0xf000,0x0000,0x1fff,0x8001,0xffe0,0x0000,0x0000,0x1fff,0x8001,0xffc0,0x0000,0x0000,0x1fff,0x8001,0xffc0,0x0000,0x0000,0x1fff,0xffff,0xffc0,0x0000,0x001f,0xff80,
  0x007f,0xf800,0x0000,0x1ffe,0x0000,0x7ff0,0x0000,0x0000,0x1ffe,0x0000,0x7fe0,0x0000,0x0000,0x1ffe,0x0000,0x7fe0,0x0000,0x0000,0x1fff,0xffff,0xffe0,0x0000,0x001f,0xfe00,
  0x001f,0xfc00,0x0000,0x3ff8,0x0000,0x3ff0,0x0000,0x0000,0x3ff8,0x0000,0x1ff0,0x0000,0x0000,0x3ff8,0x0000,0x1ff0,0x0000,0x0000,0x3fff,0xffff,0xfff0,0x0000,0x003f,0xf800,
  0x000f,0xfe00,0x0000,0x3ff0,0x0000,0x0ff8,0x0000,0x0000,0x3ff0,0x0000,0x0ff8,0x0000,0x0000,0x3ff0,0x0000,0x0ff8,0x0000,0x0000,0x7fff,0xffff,0xfff8,0x0000,0x003f,0xf000,
  0x0007,0xfe00,0x0000,0x7fe0,0x0000,0x07fc,0x0000,0x0000,0x7fc0,0x0000,0x07fc,0x0000,0x0000,0x7fc0,0x0000,0x07fc,0x0000,0x0000,0x7fff,0xffff,0xfffc,0x0000,0x007f,0xe000,
  0x0003,0xff00,0x0000,0xffc0,0x0000,0x03fe,0x0000,0x0000,0xff80,0x0000,0x03fe,0x0000,0x0000,0xff80,0x0000,0x03fe,0x0000,0x0000,0xffff,0xffff,0xfffe,0x0000,0x007f,0xc000,
  0x0001,0xff80,0x0000,0xff80,0x0000,0x01fe,0x0000,0x0000,0xff00,0x0000,0x01fe,0x0000,0x0000,0xff00,0x0000,0x01fe,0x0000,0x0000,0xffff,0xffff,0xfffe,0x0000,0x00ff,0x8000,
  0x0000,0xffc0,0x0001,0xff00,0x0000,0x00ff,0x0000,0x0001,0xff00,0x0000,0x00ff,0x0000,0x0001,0xfe00,0x0000,0x00ff,0x0000,0x0001,0xffff,0xffff,0xffff,0x0000,0x01ff,0x0000,
  0x0000,0x7fc0,0x0003,0xfe00,0x0000,0x007f,0x8000,0x0003,0xfe00,0x0000,0x007f,0x8000,0x0003,0xfe00,0x0000,0x007f,0x8000,0x0003,0xffff,0xffff,0xffff,0x8000,0x03fe,0x0000,
  0x0000,0x3fe0,0x0003,0xfc00,0x0000,0x003f,0x8000,0x0003,0xfc00,0x0000,0x003f,0x8000,0x0003,0xfc00,0x0000,0x003f,0x8000,0x0007,0xffff,0xffff,0xffff,0x8000,0x03fc,0x0000,
  0x0000,0x1fe0,0x0007,0xf800,0x0000,0x003f,0xc000,0x0007,0xf800,0x0000,0x003f,0xc000,0x0007,0xf800,0x0000,0x003f,0xc000,0x0007,0xffff,0xffff,0xffff,0xc000,0x07f8,0x0000,
  0x0000,0x1ff0,0x000f,0xf800,0x0000,0x001f,0xc000,0x000f,0xf800,0x0000,0x001f,0xc000,0x000f,0xf800,0x0000,0x001f,0xc000,0x000f,0xffff,0xffff,0xffff,0xc000,0x0ff8,0x0000,
  0x0000,0x0ff0,0x000f,0xf000,0x0000,0x001f,0xe000,0x000f,0xf000,0x0000,0x000f,0xe000,0x000f,0xf000,0x0000,0x000f,0xe000,0x001f,0xffff,0xffff,0xffff,0xe000,0x0ff0,0x0000,
  0x0000,0x0ff8,0x001f,0xf000,0x0000,0x000f,0xe000,0x001f,0xe000,0x0000,0x000f,0xe000,0x001f,0xe000,0x0000,0x000f,0xe000,0x001f,0xffff,0xffff,0xffff,0xe000,0x1ff0,0x0000,
  0x0000,0x07f8,0x001f,0xe000,0x0000,0x0007,0xf000,0x003f,0xe000,0x0000,0x0007,0xf000,0x003f,0xe000,0x0000,0x0007,0xe000,0x003f,0xffff,0xffff,0xffff,0xe000,0x1fe0,0x0000,
  0x0000,0x07f8,0x003f,0xc000,0x0000,0x0007,0xf000,0x003f,0xc000,0x0000,0x0007,0xf000,0x003f,0xc000,0x0000,0x0007,0xf000,0x003f,0xffff,0xffff,0xffff,0xf000,0x3fe0,0x0000,
  0x0000,0x03fc,0x003f,0xc000,0x0000,0x0003,0xf000,0x003f,0xc000,0x0000,0x0003,0xf000,0x003f,0xc000,0x0000,0x0003,0xf000,0x003f,0xffff,0xffff,0xffff,0xf000,0x3fc0,0x0000,
  0x0000,0x03fc,0x007f,0xc000,0x0000,0x0003,0xf800,0x007f,0xc000,0x0000,0x0003,0xf800,0x007f,0xc000,0x0000,0x0003,0xf000,0x007f,0xffff,0xffff,0xffff,0xf000,0x3fc0,0x0000,
  0x0000,0x01fc,0x007f,0x8000,0x0000,0x0003,0xf800,0x007f,0x8000,0x0000,0x0003,0xf800,0x007f,0x8000,0x0000,0x0003,0xf800,0x007f,0xffff,0xffff,0xffff,0xf800,0x7f80,0x0000,
  0x0000,0x01fe,0x007f,0x8000,0x0000,0x0001,0xf800,0x007f,0x8000,0x0000,0x0001,0xf800,0x007f,0x8000,0x0000,0x0001,0xf800,0x007f,0xffff,0xffff,0xffff,0xf800,0x7f80,0x0000,
  0x0000,0x01fe,0x007f,0x0000,0x0000,0x0001,0xf800,0x007f,0x0000,0x0000,0x0001,0xf800,0x007f,0x0000,0x0000,0x0001,0xf800,0x007f,0xffff,0xffff,0xffff,0xf800,0x7f00,0x0000,
  0x0000,0x00fe,0x007f,0x0000,0x0000,0x0000,0xfc00,0x007f,0x0000,0x0000,0x0000,0xfc00,0x007f,0x0000,0x0000,0x0000,0xfc00,0x007f,0xffff,0xffff,0xffff,0xfc00,0x7f00,0x0000,
  0x0000,0x00fe,0x00ff,0x0000,0x0000,0x0000,0xfc00,0x00ff,0x0000,0x0000,0x0000,0xfc00,0x00ff,0x0000,0x0000,0x0000,0xfc00,0x00ff,0xffff,0xffff,0xffff,0xfc00,0x7f00,0x0000,
  0x0000,0x00ff,0x00ff,0x0000,0x0000,0x0000,0xfc00,0x00fe,0x0000,0x0000,0x0000,0xfc00,0x00fe,0x0000,0x0000,0x0000,0xfc00,0x00ff,0xffff,0xffff,0xffff,0xfc00,0xff00,0x0000,
  0x0000,0x007f,0x00fe,0x0000,0x0000,0x0000,0xfc00,0x00fe,0x0000,0x0000,0x0000,0xfc00,0x00fe,0x0000,0x0000,0x0000,0xfc00,0x00ff,0xffff,0xffff,0xffff,0xfc00,0xfe00,0x0000,
  0x0000,0x007f,0x00fe,0x0000,0x0000,0x0000,0x7c00,0x00fe,0x0000,0x0000,0x0000,0x7c00,0x00fe,0x0000,0x0000,0x0000,0x7c00,0x00ff,0xffff,0xffff,0xffff,0xfc00,0xfe00,0x0000,
  0x0000,0x007f,0x00fe,0x0000,0x0000,0x0000,0x7e00,0x00fe,0x0000,0x0000,0x0000,0x7e00,0x00fe,0x0000,0x0000,0x0000,0x7e00,0x00ff,0xffff,0xffff,0xffff,0xfc00,0xfe00,0x0000,
  0x0000,0x007f,0x00fe,0x0000,0x0000,0x0000,0x7e00,0x00fc,0x0000,0x0000,0x0000,0x7e00,0x00fc,0x0000,0x0000,0x0000,0x7e00,0x00ff,0xffff,0xffff,0xffff,0xfe00,0xfe00,0x0000,
  0x0000,0x003f,0x00fc,0x0000,0x0000,0x0000,0x7e00,0x00fc,0x0000,0x0000,0x0000,0x7e00,0x00fc,0x0000,0x0000,0x0000,0x7e00,0x00ff,0xffff,0xffff,0xffff,0xfe00,0xfc00,0x0000,
  0x0000,0x003f,0x00fc,0x0000,0x0000,0x0000,0x7e00,0x00fc,0x0000,0x0000,0x0000,0x3e00,0x00fc,0x0000,0x0000,0x0000,0x7e00,0x00ff,0xffff,0xffff,0xffff,0xfe00,0xfc00,0x0000,
  0x0000,0x003f,0x80fc,0x0000,0x0000,0x0000,0x3e00,0x00fc,0x0000,0x0000,0x0000,0x3e00,0x00fc,0x0000,0x0000,0x0000,0x3e00,0x00ff,0xffff,0xffff,0xffff,0xfe00,0xfc00,0x0000,
  0x0000,0x003f,0x80fc,0x0000,0x0000,0x0000,0x3e00,0x00fc,0x0000,0x0000,0x0000,0x3e00,0x00fc,0x0000,0x0000,0x0000,0x3e00,0x00ff,0xffff,0xffff,0xffff,0xfe00,0xfc00,0x0000,
  0x0000,0x003f,0x80fc,0x0000,0x0000,0x0000,0x3e00,0x00fc,0x0000,0x0000,0x0000,0x3e00,0x00fc,0x0000,0x0000,0x0000,0x3e00,0x00ff,0xffff,0xffff,0xffff,0xfe00,0xfc00,0x0000,
  0x0000,0x003f,0x80fc,0x0000,0x0000,0x0000,0x3e00,0x00fc,0x0000,0x0000,0x0000,0x3e00,0x00fc,0x0000,0x0000,0x0000,0x3e00,0x00ff,0xffff,0xffff,0xffff,0xfe00,0xfc00,0x0000,
  0x0000,0x003f,0x80fc,0x0000,0x0000,0x0000,0x3e00,0x00f8,0x0000,0x0000,0x0000,0x3e00,0x00f8,0x0000,0x0000,0x0000,0x3e00,0x00ff,0xffff,0xffff,0xffff,0xfe00,0xfc00,0x0000,
  0x0000,0x003f,0x80f8,0x0000,0x0000,0x0000,0x3e00,0x00f8,0x0000,0x0000,0x0000,0x3e00,0x00f8,0x0000,0x0000,0x0000,0x3e00,0x00ff,0xffff,0xffff,0xffff,0xfe00,0xfc00,0x0000,
  0x0000,0x003f,0x80f8,0x0000,0x0000,0x0000,0x3e00,0x00f8,0x0000,0x0000,0x0000,0x3e00,0x00f8,0x0000,0x0000,0x0000,0x3e00,0x00ff,0xffff,0xffff,0xffff,0xfe00,0xfc00,0x0000,
  0x0000,0x003f,0x80f8,0x0000,0x0000,0x0000,0x3e00,0x00f8,0x0000,0x0000,0x0000,0x3e00,0x00f8,0x0000,0x0000,0x0000,0x3e00,0x00ff,0xffff,0xffff,0xffff,0xfe00,0xfc00,0x0000,
  0x0000,0x003f,0x80f8,0x0000,0x0000,0x0000,0x3f00,0x00f8,0x0000,0x0000,0x0000,0x3e00,0x00f8,0x0000,0x0000,0x0000,0x3f00,0x00ff,0xffff,0xffff,0xffff,0xfe00,0xfc00,0x0000,
  0x0000,0x003f,0x80f8,0x0000,0x0000,0x0000,0x3f00,0x00f8,0x0000,0x0000,0x0000,0x3f00,0x00f8,0x0000,0x0000,0x0000,0x3f00,0x00ff,0xffff,0xffff,0xffff,0xfe00,0xfc00,0x0000,
  0x0000,0x003f,0x80f8,0x0000,0x0000,0x0000,0x3f00,0x00f8,0x0000,0x0000,0x0000,0x3f00,0x00f8,0x0000,0x0000,0x0000,0x3f00,0x00ff,0xffff,0xffff,0xffff,0xfe00,0xfc00,0x0000,
  0x0000,0x003f,0x80f8,0x0000,0x0000,0x0000,0x3f00,0x00f8,0x0000,0x0000,0x0000,0x3f00,0x00f8,0x0000,0x0000,0x0000,0x3f00,0x00ff,0xffff,0xffff,0xffff,0xfe00,0xfc00,0x0000,
  0x0000,0x003f,0x80f8,0x0000,0x0000,0x0000,0x3f00,0x00f8,0x0000,0x0000,0x0000,0x3f00,0x00f8,0x0000,0x0000,0x0000,0x3f00,0x00ff,0xffff,0xffff,0xffff,0xfe00,0xfc00,0x0000,
  0x0000,0x003f,0x80fc,0x0000,0x0000,0x0000,0x3f00,0x00f8,0x0000,0x0000,0x0000,0x3f00,0x00f8,0x0000,0x0000,0x0000,0x3f00,0x00ff,0xffff,0xffff,0xffff,0xfe00,0xfc00,0x0000,
  0x0000,0x003f,0x80fc,0x0000,0x0000,0x0000,0x3e00,0x00fc,0x0000,0x0000,0x0000,0x3e00,0x00fc,0x0000,0x0000,0x0000,0x3e00,0x00ff,0xffff,0xffff,0xffff,0xfe00,0xfc00,0x0000,
  0x0000,0x003f,0x80fc,0x0000,0x0000,0x0000,0x3e00,0x00fc,0x0000,0x0000,0x0000,0x3e00,0x00fc,0x0000,0x0000,0x0000,0x3e00,0x00ff,0xffff,0xffff,0xffff,0xfe00,0x7c00,0x0000,
  0x0000,0x003f,0x807c,0x0000,0x0000,0x0000,0x3e00,0x007c,0x0000,0x0000,0x0000,0x3e00,0x007c,0x0000,0x0000,0x0000,0x3e00,0x007f,0xffff,0xffff,0xffff,0xfe00,0x7c00,0x0000,
  0x0000,0x003f,0x807c,0x0000,0x0000,0x0000,0x3e00,0x007c,0x0000,0x0000,0x0000,0x3e00,0x007c,0x0000,0x0000,0x0000,0x3e00,0x007f,0xffff,0xffff,0xffff,0xfe00,0x7c00,0x0000,
  0x0000,0x003f,0x807c,0x0000,0x0000,0x0000,0x7e00,0x007c,0x0000,0x0000,0x0000,0x3e00,0x007c,0x0000,0x0000,0x0000,0x3e00,0x007f,0xffff,0xffff,0xffff,0xfe00,0x7c00,0x0000,
  0x0000,0x003f,0x807c,0x0000,0x0000,0x0000,0x7e00,0x007c,0x0000,0x0000,0x0000,0x7e00,0x007c,0x0000,0x0000,0x0000,0x7e00,0x007f,0xffff,0xffff,0xffff,0xfe00,0x7c00,0x0000,
  0x0000,0x007f,0x807e,0x0000,0x0000,0x0000,0x7e00,0x007c,0x0000,0x0000,0x0000,0x7e00,0x007c,0x0000,0x0000,0x0000,0x7e00,0x007f,0xffff,0xffff,0xffff,0xfe00,0x7e00,0x0000,
  0x0000,0x007f,0x803e,0x0000,0x0000,0x0000,0x7e00,0x007e,0x0000,0x0000,0x0000,0x7e00,0x007e,0x0000,0x0000,0x0000,0x7e00,0x007f,0xffff,0xffff,0xffff,0xfe00,0x3e00,0x0000,
  0x0000,0x007f,0x003e,0x0000,0x0000,0x0000,0x7e00,0x003e,0x0000,0x0000,0x0000,0x7e00,0x003e,0x0000,0x0000,0x0000,0x7e00,0x003f,0xffff,0xffff,0xffff,0xfe00,0x3e00,0x0000,
  0x0000,0x007f,0x003e,0x0000,0x0000,0x0000,0xfe00,0x003e,0x0000,0x0000,0x0000,0xfe00,0x003e,0x0000,0x0000,0x0000,0xfe00,0x003f,0xffff,0xffff,0xffff,0xfe00,0x3e00,0x0000,
  0x0000,0x00ff,0x003f,0x0000,0x0000,0x0000,0xfe00,0x003e,0x0000,0x0000,0x0000,0xfe00,0x003e,0x0000,0x0000,0x0000,0xfe00,0x003f,0xffff,0xffff,0xffff,0xfe00,0x3f00,0x0000,
  0x0000,0x00ff,0x001f,0x0000,0x0000,0x0000,0xfe00,0x001f,0x0000,0x0000,0x0000,0xfe00,0x003f,0x0000,0x0000,0x0000,0xfc00,0x003f,0xffff,0xffff,0xffff,0xfc00,0x1f00,0x0000,
  0x0000,0x00ff,0x001f,0x0000,0x0000,0x0000,0xfc00,0x001f,0x0000,0x0000,0x0000,0xfc00,0x001f,0x0000,0x0000,0x0000,0xfc00,0x001f,0xffff,0xffff,0xffff,0xfc00,0x1f00,0x0000,
  0x0000,0x00ff,0x001f,0x0000,0x0000,0x0001,0xfc00,0x001f,0x0000,0x0000,0x0001,0xfc00,0x001f,0x0000,0x0000,0x0001,0xfc00,0x001f,0xffff,0xffff,0xffff,0xfc00,0x1f80,0x0000,
  0x0000,0x01fe,0x001f,0x8000,0x0000,0x0001,0xfc00,0x001f,0x8000,0x0000,0x0001,0xfc00,0x001f,0x8000,0x0000,0x0001,0xfc00,0x001f,0xffff,0xffff,0xffff,0xfc00,0x0f80,0x0000,
  0x0000,0x01fe,0x000f,0x8000,0x0000,0x0003,0xf800,0x000f,0x8000,0x0000,0x0001,0xf800,0x000f,0x8000,0x0000,0x0003,0xf800,0x000f,0xffff,0xffff,0xffff,0xf800,0x0f80,0x0000,
  0x0000,0x03fc,0x000f,0xc000,0x0000,0x0003,0xf800,0x000f,0xc000,0x0000,0x0003,0xf800,0x000f,0xc000,0x0000,0x0003,0xf800,0x000f,0xffff,0xffff,0xffff,0xf800,0x0fc0,0x0000,
  0x0000,0x03fc,0x000f,0xc000,0x0000,0x0003,0xf800,0x000f,0xc000,0x0000,0x0003,0xf800,0x000f,0xc000,0x0000,0x0003,0xf000,0x000f,0xffff,0xffff,0xffff,0xf000,0x07c0,0x0000,
  0x0000,0x07fc,0x0007,0xc000,0x0000,0x0007,0xf000,0x0007,0xc000,0x0000,0x0007,0xf000,0x0007,0xc000,0x0000,0x0007,0xf000,0x0007,0xffff,0xffff,0xffff,0xf000,0x07e0,0x0000,
  0x0000,0x07f8,0x0007,0xe000,0x0000,0x0007,0xf000,0x0007,0xe000,0x0000,0x0007,0xe000,0x0007,0xe000,0x0000,0x0007,0xe000,0x0007,0xffff,0xffff,0xffff,0xe000,0x07e0,0x0000,
  0x0000,0x0ff0,0x0003,0xf000,0x0000,0x000f,0xe000,0x0003,0xe000,0x0000,0x000f,0xe000,0x0003,0xe000,0x0000,0x000f,0xe000,0x0003,0xffff,0xffff,0xffff,0xe000,0x03f0,0x0000,
  0x0000,0x0ff0,0x0003,0xf000,0x0000,0x001f,0xc000,0x0003,0xf000,0x0000,0x000f,0xc000,0x0003,0xf000,0x0000,0x000f,0xc000,0x0003,0xffff,0xffff,0xffff,0xc000,0x03f0,0x0000,
  0x0000,0x1fe0,0x0001,0xf800,0x0000,0x001f,0xc000,0x0003,0xf800,0x0000,0x001f,0xc000,0x0003,0xf000,0x0000,0x001f,0xc000,0x0003,0xffff,0xffff,0xffff,0x8000,0x01f8,0x0000,
  0x0000,0x1fc0,0x0001,0xf800,0x0000,0x003f,0x8000,0x0001,0xf800,0x0000,0x003f,0x8000,0x0001,0xf800,0x0000,0x003f,0x8000,0x0001,0xffff,0xffff,0xffff,0x8000,0x01f8,0x0000,
  0x0000,0x3f80,0x0000,0xfc00,0x0000,0x003f,0x0000,0x0001,0xfc00,0x0000,0x003f,0x0000,0x0001,0xfc00,0x0000,0x003f,0x0000,0x0001,0xffff,0xffff,0xffff,0x0000,0x00fc,0x0000,
  0x0000,0x7f00,0x0000,0xfe00,0x0000,0x007e,0x0000,0x0000,0xfe00,0x0000,0x007e,0x0000,0x0000,0xfe00,0x0000,0x007e,0x0000,0x0000,0xffff,0xffff,0xfffe,0x0000,0x00fe,0x0000,
  0x0000,0xfe00,0x0000,0x7f00,0x0000,0x00fc,0x0000,0x0000,0x7f00,0x0000,0x00fc,0x0000,0x0000,0x7e00,0x0000,0x00fc,0x0000,0x0000,0x7fff,0xffff,0xfffc,0x0000,0x007f,0x0000,
  0x0001,0xfc00,0x0000,0x7f80,0x0000,0x01f8,0x0000,0x0000,0x7f00,0x0000,0x01f8,0x0000,0x0000,0x7f00,0x0000,0x01f8,0x0000,0x0000,0x7fff,0xffff,0xfff8,0x0000,0x003f,0x8000,
  0x0003,0xf800,0x0000,0x3fc0,0x0000,0x03f0,0x0000,0x0000,0x3f80,0x0000,0x03f0,0x0000,0x0000,0x3f80,0x0000,0x03f0,0x0000,0x0000,0x3fff,0xffff,0xfff0,0x0000,0x003f,0xc000,
  0x0007,0xf000,0x0000,0x1fe0,0x0000,0x07e0,0x0000,0x0000,0x1fc0,0x0000,0x07e0,0x0000,0x0000,0x1fc0,0x0000,0x07e0,0x0000,0x0000,0x1fff,0xffff,0xffe0,0x0000,0x001f,0xe000,
  0x000f,0xe000,0x0000,0x0ff0,0x0000,0x0fc0,0x0000,0x0000,0x0ff0,0x0000,0x0fc0,0x0000,0x0000,0x0ff0,0x0000,0x0f80,0x0000,0x0000,0x0fff,0xffff,0xff80,0x0000,0x000f,0xf000,
  0x001f,0xc000,0x0000,0x07f8,0x0000,0x3f00,0x0000,0x0000,0x07f8,0x0000,0x1f00,0x0000,0x0000,0x07f8,0x0000,0x1f00,0x0000,0x0000,0x07ff,0xffff,0xff00,0x0000,0x0003,0xf800,
  0x007f,0x0000,0x0000,0x01fe,0x0000,0x7e00,0x0000,0x0000,0x03fe,0x0000,0x7e00,0x0000,0x0000,0x03fe,0x0000,0x7e00,0x0000,0x0000,0x03ff,0xffff,0xfe00,0x0000,0x0001,0xfe00,
  0x01fe,0x0000,0x0000,0x00ff,0x8001,0xfc00,0x0000,0x0000,0x00ff,0x8001,0xfc00,0x0000,0x0000,0x00ff,0x8001,0xfc00,0x0000,0x0000,0x00ff,0xffff,0xfc00,0x0000,0x0000,0xff80,
  0x0ffc,0x0000,0x0000,0x007f,0xf81f,0xf000,0x0000,0x0000,0x007f,0xf00f,0xf000,0x0000,0x0000,0x007f,0xf00f,0xf000,0x0000,0x0000,0x007f,0xffff,0xf000,0x0000,0x0000,0x7ff0,
  0xfff0,0x0000,0x0000,0x007f,0xffff,0xe000,0x0000,0x0000,0x007f,0xffff,0xe000,0x0000,0x0000,0x007f,0xffff,0xe000,0x0000,0x0000,0x007f,0xffff,0xe000,0x0000,0x0000,0x3fff,
  0xffe0,0x0000,0x0000,0x003f,0xffff,0xc000,0x0000,0x0000,0x003f,0xffff,0xc000,0x0000,0x0000,0x003f,0xffff,0xc000,0x0000,0x0000,0x003f,0xffff,0x8000,0x0000,0x0000,0x3fff,
  0xffc0,0x0000,0x0000,0x003f,0xffff,0x0000,0x0000,0x0000,0x003f,0xffff,0x0000,0x0000,0x0000,0x003f,0xffff,0x0000,0x0000,0x0000,0x003f,0xffff,0x0000,0x0000,0x0000,0x3fff,
  0xff80,0x0000,0x0000,0x003f,0xfffe,0x0000,0x0000,0x0000,0x003f,0xfffe,0x0000,0x0000,0x0000,0x003f,0xfffe,0x0000,0x0000,0x0000,0x003f,0xfffe,0x0000,0x0000,0x0000,0x3fff,
  0xfe00,0x0000,0x0000,0x003f,0xfffc,0x0000,0x0000,0x0000,0x003f,0xfffc,0x0000,0x0000,0x0000,0x003f,0xfffc,0x0000,0x0000,0x0000,0x003f,0xfffc,0x0000,0x0000,0x0000,0x3fff,
  0xfc00,0x0000,0x0000,0x007f,0xfff8,0x0000,0x0000,0x0000,0x007f,0xfff8,0x0000,0x0000,0x0000,0x007f,0xfff8,0x0000,0x0000,0x0000,0x007f,0xfff8,0x0000,0x0000,0x0000,0x7fff,
  0xfc00,0x0000,0x0000,0x00ff,0xfff0,0x0000,0x0000,0x0000,0x00ff,0xfff0,0x0000,0x0000,0x0000,0x00ff,0xfff0,0x0000,0x0000,0x0000,0x00ff,0xfff0,0x0000,0x0000,0x0000,0xffff,
  0xf800,0x0000,0x0000,0x07ff,0xffe0,0x0000,0x0000,0x0000,0x07ff,0xffe0,0x0000,0x0000,0x0000,0x07ff,0xffe0,0x0000,0x0000,0x0000,0x07ff,0xffe0,0x0000,0x0000,0x0007,0xffff,
  0xf000,0x0000,0x0000,0x7fff,0xffe0,0x0000,0x0000,0x0000,0x7fff,0xffe0,0x0000,0x0000,0x0000,0x7fff,0xffe0,0x0000,0x0000,0x0000,0x7fff,0xffe0,0x0000,0x0000,0x007f,0xffff,
  0xe000,0x0000,0x001f,0xffff,0xffc0,0x0000,0x0000,0x001f,0xffff,0xffc0,0x0000,0x0000,0x001f,0xffff,0xffc0,0x0000,0x0000,0x001f,0xffff,0xffc0,0x0000,0x0000,0x1fff,0xffff,
  0xe000,0x0000,0x01ff,0xffff,0xff80,0x0000,0x0000,0x01ff,0xffff,0xff80,0x0000,0x0000,0x01ff,0xffff,0xff80,0x0000,0x0000,0x01ff,0xffff,0xff80,0x0000,0x0001,0xffff,0xffff,
  0xe000,0x0000,0x07ff,0xffff,0xff80,0x0000,0x0000,0x07ff,0xffff,0xff80,0x0000,0x0000,0x07ff,0xffff,0xff80,0x0000,0x0000,0x07ff,0xffff,0xff80,0x0000,0x0007,0xffff,0xffff,
  0xc000,0x0000,0x0fff,0xffff,0xff80,0x0000,0x0000,0x0fff,0xffff,0xff80,0x0000,0x0000,0x0fff,0xffff,0xff80,0x0000,0x0000,0x0fff,0xffff,0xff80,0x0000,0x000f,0xffff,0xffff,
  0xc000,0x0000,0x1fff,0xffff,0xff80,0x0000,0x0000,0x1fff,0xffff,0xff80,0x0000,0x0000,0x1fff,0xffff,0xff80,0x0000,0x0000,0x1fff,0xffff,0xff80,0x0000,0x001f,0xffff,0xffff,
  0xc000,0x0000,0x3fff,0xffff,0xff80,0x0000,0x0000,0x3fff,0xffff,0xff80,0x0000,0x0000,0x3fff,0xffff,0xff80,0x0000,0x0000,0x3fff,0xffff,0xff80,0x0000,0x003f,0xffff,0xffff,
  0xc000,0x0000,0x7fff,0xffff,0xff80,0x0000,0x0000,0x7fff,0xffff,0xff80,0x0000,0x0000,0x7fff,0xffff,0xff80,0x0000,0x0000,0x7fff,0xffff,0xff80,0x0000,0x007f,0xffff,0xffff,
  0xe000,0x0000,0xffff,0xffff,0xff80,0x0000,0x0000,0xffff,0x07ff,0xff80,0x0000,0x0000,0xffff,0xffff,0xff80,0x0000,0x0000,0xffff,0xffff,0xff80,0x0000,0x00ff,0xfe01,0xffff,
  0xe000,0x0001,0xffff,0xffff,0xff80,0x0000,0x0001,0xfff0,0x003f,0xff80,0x0000,0x0001,0xffff,0xffff,0xff80,0x0000,0x0001,0xffff,0xffff,0xff80,0x0000,0x01ff,0xf000,0x3fff,
  0xe000,0x0003,0xffff,0xffff,0xffc0,0x0000,0x0003,0xffc0,0x001f,0xffc0,0x0000,0x0003,0xffff,0xffff,0xffc0,0x0000,0x0003,0xffff,0xffff,0xffc0,0x0000,0x03ff,0xc000,0x0fff,
  0xf000,0x0007,0xffff,0xffff,0xffc0,0x0000,0x0007,0xff00,0x0007,0xffc0,0x0000,0x0007,0xffff,0xffff,0xffc0,0x0000,0x0007,0xffff,0xffff,0xffc0,0x0000,0x07ff,0x0000,0x03ff,
  0xf000,0x0007,0xffff,0xffff,0xffe0,0x0000,0x0007,0xfe00,0x0003,0xffc0,0x0000,0x000f,0xffff,0xffff,0xffe0,0x0000,0x000f,0xffff,0xffff,0xffc0,0x0000,0x07fe,0x0000,0x01ff,
  0xf000,0x000f,0xffff,0xffff,0xffe0,0x0000,0x000f,0xfc00,0x0000,0xffe0,0x0000,0x000f,0xffff,0xffff,0xffe0,0x0000,0x000f,0xffff,0xffff,0xffe0,0x0000,0x0ffc,0x0000,0x00ff,
  0xf800,0x001f,0xffff,0xffff,0xffe0,0x0000,0x001f,0xf000,0x0000,0x7fe0,0x0000,0x001f,0xffff,0xffff,0xffe0,0x0000,0x001f,0xffff,0xffff,0xffe0,0x0000,0x1ff8,0x0000,0x007f,
  0xf800,0x001f,0xffff,0xffff,0xfff0,0x0000,0x001f,0xf000,0x0000,0x3ff0,0x0000,0x001f,0xffff,0xffff,0xfff0,0x0000,0x001f,0xffff,0xffff,0xfff0,0x0000,0x1ff0,0x0000,0x003f,
  0xfc00,0x003f,0xffff,0xffff,0xfff0,0x0000,0x003f,0xe000,0x0000,0x1ff0,0x0000,0x003f,0xffff,0xffff,0xfff0,0x0000,0x003f,0xffff,0xffff,0xfff0,0x0000,0x3fe0,0x0000,0x001f,
  0xfc00,0x003f,0xffff,0xffff,0xfff8,0x0000,0x003f,0xc000,0x0000,0x1ff8,0x0000,0x007f,0xffff,0xffff,0xfff8,0x0000,0x007f,0xffff,0xffff,0xfff8,0x0000,0x3fc0,0x0000,0x000f,
  0xfe00,0x007f,0xffff,0xffff,0xfff8,0x0000,0x007f,0x8000,0x0000,0x0ff8,0x0000,0x007f,0xffff,0xffff,0xfff8,0x0000,0x007f,0xffff,0xffff,0xfff8,0x0000,0x7f80,0x0000,0x0007,
  0xfe00,0x007f,0xffff,0xffff,0xfffc,0x0000,0x007f,0x0000,0x0000,0x07fc,0x0000,0x007f,0xffff,0xffff,0xfffc,0x0000,0x007f,0xffff,0xffff,0xfffc,0x0000,0x7f00,0x0000,0x0007,
  0xff00,0x00ff,0xffff,0xffff,0xfffc,0x0000,0x00ff,0x0000,0x0000,0x03fc,0x0000,0x00ff,0xffff,0xffff,0xfffc,0x0000,0x00ff,0xffff,0xffff,0xfffc,0x0000,0xff00,0x0000,0x0003,
  0xff00,0x00ff,0xffff,0xffff,0xfffe,0x0000,0x00fe,0x0000,0x0000,0x03fe,0x0000,0x00ff,0xffff,0xffff,0xfffe,0x0000,0x00ff,0xffff,0xffff,0xfffc,0x0000,0xfe00,0x0000,0x0001,
  0xff00,0x01ff,0xffff,0xffff,0xfffe,0x0000,0x01fe,0x0000,0x0000,0x01fe,0x0000,0x01ff,0xffff,0xffff,0xfffe,0x0000,0x01ff,0xffff,0xffff,0xfffe,0x0000,0xfe00,0x0000,0x0001,
  0xff80,0x01ff,0xffff,0xffff,0xfffe,0x0000,0x01fc,0x0000,0x0000,0x01fe,0x0000,0x01ff,0xffff,0xffff,0xfffe,0x0000,0x01ff,0xffff,0xffff,0xfffe,0x0001,0xfc00,0x0000,0x0000,
  0xff80,0x01ff,0xffff,0xffff,0xffff,0x0000,0x01f8,0x0000,0x0000,0x00ff,0x0000,0x01ff,0xffff,0xffff,0xffff,0x0000,0x01ff,0xffff,0xffff,0xffff,0x0001,0xf800,0x0000,0x0000,
  0x7f80,0x03ff,0xffff,0xffff,0xffff,0x0000,0x03f8,0x0000,0x0000,0x00ff,0x0000,0x03ff,0xffff,0xffff,0xffff,0x0000,0x03ff,0xffff,0xffff,0xffff,0x0001,0xf800,0x0000,0x0000,
  0x7fc0,0x03ff,0xffff,0xffff,0xffff,0x0000,0x03f8,0x0000,0x0000,0x007f,0x0000,0x03ff,0xffff,0xffff,0xffff,0x0000,0x03ff,0xffff,0xffff,0xffff,0x0003,0xf800,0x0000,0x0000,
  0x3fc0,0x03ff,0xffff,0xffff,0xffff,0x8000,0x03f0,0x0000,0x0000,0x007f,0x8000,0x03ff,0xffff,0xffff,0xffff,0x8000,0x03ff,0xffff,0xffff,0xffff,0x8003,0xf000,0x0000,0x0000,
  0x3fc0,0x03ff,0xffff,0xffff,0xffff,0x8000,0x03f0,0x0000,0x0000,0x003f,0x8000,0x03ff,0xffff,0xffff,0xffff,0x8000,0x07ff,0xffff,0xffff,0xffff,0x8003,0xf000,0x0000,0x0000,
  0x3fc0,0x07ff,0xffff,0xffff,0xffff,0x8000,0x07e0,0x0000,0x0000,0x003f,0x8000,0x07ff,0xffff,0xffff,0xffff,0x8000,0x07ff,0xffff,0xffff,0xffff,0x8003,0xe000,0x0000,0x0000,
  0x1fe0,0x07ff,0xffff,0xffff,0xffff,0x8000,0x07e0,0x0000,0x0000,0x003f,0x8000,0x07ff,0xffff,0xffff,0xffff,0x8000,0x07ff,0xffff,0xffff,0xffff,0x8007,0xe000,0x0000,0x0000,
  0x1fe0,0x07ff,0xffff,0xffff,0xffff,0x8000,0x07e0,0x0000,0x0000,0x001f,0x8000,0x07ff,0xffff,0xffff,0xffff,0x8000,0x07ff,0xffff,0xffff,0xffff,0x8007,0xe000,0x0000,0x0000,
  0x1fe0,0x07ff,0xffff,0xffff,0xffff,0xc000,0x07c0,0x0000,0x0000,0x001f,0xc000,0x07ff,0xffff,0xffff,0xffff,0xc000,0x07ff,0xffff,0xffff,0xffff,0xc007,0xc000,0x0000,0x0000,
  0x0fe0,0x07ff,0xffff,0xffff,0xffff,0xc000,0x07c0,0x0000,0x0000,0x001f,0xc000,0x07ff,0xffff,0xffff,0xffff,0xc000,0x0fff,0xffff,0xffff,0xffff,0xc007,0xc000,0x0000,0x0000,
  0x0fe0,0x0fff,0xffff,0xffff,0xffff,0xc000,0x0fc0,0x0000,0x0000,0x001f,0xc000,0x0fff,0xffff,0xffff,0xffff,0xc000,0x0fff,0xffff,0xffff,0xffff,0xc007,0xc000,0x0000,0x0000,
  0x0fe0,0x0fff,0xffff,0xffff,0xffff,0xc000,0x0fc0,0x0000,0x0000,0x000f,0xc000,0x0fff,0xffff,0xffff,0xffff,0xc000,0x0fff,0xffff,0xffff,0xffff,0xc007,0xc000,0x0000,0x0000,
  0x0ff0,0x0fff,0xffff,0xffff,0xffff,0xc000,0x0fc0,0x0000,0x0000,0x000f,0xc000,0x0fff,0xffff,0xffff,0xffff,0xc000,0x0fff,0xffff,0xffff,0xffff,0xc00f,0xc000,0x0000,0x0000,
  0x07f0,0x0fff,0xffff,0xffff,0xffff,0xc000,0x0f80,0x0000,0x0000,0x000f,0xc000,0x0fff,0xffff,0xffff,0xffff,0xc000,0x0fff,0xffff,0xffff,0xffff,0xc00f,0x8000,0x0000,0x0000,
  0x07f0,0x0fff,0xffff,0xffff,0xffff,0xc000,0x0f80,0x0000,0x0000,0x000f,0xc000,0x0fff,0xffff,0xffff,0xffff,0xc000,0x0fff,0xffff,0xffff,0xffff,0xc00f,0x8000,0x0000,0x0000,
  0x07f0,0x0fff,0xffff,0xffff,0xffff,0xc000,0x0f80,0x0000,0x0000,0x000f,0xc000,0x0fff,0xffff,0xffff,0xffff,0xc000,0x0fff,0xffff,0xffff,0xffff,0xc00f,0x8000,0x0000,0x0000,
  0x07f0,0x0fff,0xffff,0xffff,0xffff,0xe000,0x0f80,0x0000,0x0000,0x000f,0xc000,0x0fff,0xffff,0xffff,0xffff,0xc000,0x0fff,0xffff,0xffff,0xffff,0xc00f,0x8000,0x0000,0x0000,
  0x07f0,0x0fff,0xffff,0xffff,0xffff,0xe000,0x0f80,0x0000,0x0000,0x0007,0xe000,0x0fff,0xffff,0xffff,0xffff,0xe000,0x0fff,0xffff,0xffff,0xffff,0xe00f,0x8000,0x0000,0x0000,
  0x07f0,0x0fff,0xffff,0xffff,0xffff,0xe000,0x0f80,0x0000,0x0000,0x0007,0xe000,0x0fff,0xffff,0xffff,0xffff,0xe000,0x0fff,0xffff,0xffff,0xffff,0xe00f,0x8000,0x0000,0x0000,
  0x07f0,0x0fff,0xffff,0xffff,0xffff,0xe000,0x0f80,0x0000,0x0000,0x0007,0xe000,0x0fff,0xffff,0xffff,0xffff,0xe000,0x0fff,0xffff,0xffff,0xffff,0xe00f,0x8000,0x0000,0x0000,
  0x07f0,0x0fff,0xffff,0xffff,0xffff,0xe000,0x0f00,0x0000,0x0000,0x0007,0xe000,0x0fff,0xffff,0xffff,0xffff,0xe000,0x0fff,0xffff,0xffff,0xffff,0xe00f,0x0000,0x0000,0x0000,
  0x07f0,0x0fff,0xffff,0xffff,0xffff,0xe000,0x0f00,0x0000,0x0000,0x0007,0xe000,0x0fff,0xffff,0xffff,0xffff,0xe000,0x0fff,0xffff,0xffff,0xffff,0xe00f,0x0000,0x0000,0x0000,
  0x07f0,0x0fff,0xffff,0xffff,0xffff,0xe000,0x0f00,0x0000,0x0000,0x0007,0xe000,0x0fff,0xffff,0xffff,0xffff,0xe000,0x0fff,0xffff,0xffff,0xffff,0xe00f,0x0000,0x0000,0x0000,
  0x07f0,0x0fff,0xffff,0xffff,0xffff,0xe000,0x0f00,0x0000,0x0000,0x0007,0xe000,0x0fff,0xffff,0xffff,0xffff,0xe000,0x0fff,0xffff,0xffff,0xffff,0xe00f,0x0000,0x0000,0x0000,
  0x07f0,0x0fff,0xffff,0xffff,0xffff,0xe000,0x0f00,0x0000,0x0000,0x0007,0xe000,0x0fff,0xffff,0xffff,0xffff,0xe000,0x0fff,0xffff,0xffff,0xffff,0xe00f,0x0000,0x0000,0x0000,
  0x07f0,0x0fff,0xffff,0xffff,0xffff,0xe000,0x0f00,0x0000,0x0000,0x0007,0xe000,0x0fff,0xffff,0xffff,0xffff,0xe000,0x0fff,0xffff,0xffff,0xffff,0xe00f,0x0000,0x0000,0x0000,
  0x07f0,0x0fff,0xffff,0xffff,0xffff,0xe000,0x0f00,0x0000,0x0000,0x0007,0xe000,0x0fff,0xffff,0xffff,0xffff,0xe000,0x0fff,0xffff,0xffff,0xffff,0xe00f,0x0000,0x0000,0x0000,
  0x07f0,0x0fff,0xffff,0xffff,0xffff,0xe000,0x0f00,0x0000,0x0000,0x0007,0xe000,0x0fff,0xffff,0xffff,0xffff,0xe000,0x0fff,0xffff,0xffff,0xffff,0xe00f,0x0000,0x0000,0x0000,
  0x07f0,0x0fff,0xffff,0xffff,0xffff,0xe000,0x0f00,0x0000,0x0000,0x0007,0xe000,0x0fff,0xffff,0xffff,0xffff,0xe000,0x0fff,0xffff,0xffff,0xffff,0xe00f,0x8000,0x0000,0x0000,
  0x07f0,0x0fff,0xffff,0xffff,0xffff,0xe000,0x0f80,0x0000,0x0000,0x0007,0xe000,0x0fff,0xffff,0xffff,0xffff,0xe000,0x0fff,0xffff,0xffff,0xffff,0xe00f,0x8000,0x0000,0x0000,
  0x07f0,0x0fff,0xffff,0xffff,0xffff,0xe000,0x0f80,0x0000,0x0000,0x0007,0xe000,0x0fff,0xffff,0xffff,0xffff,0xe000,0x0fff,0xffff,0xffff,0xffff,0xe00f,0x8000,0x0000,0x0000,
  0x07f0,0x0fff,0xffff,0xffff,0xffff,0xe000,0x0f80,0x0000,0x0000,0x0007,0xe000,0x0fff,0xffff,0xffff,0xffff,0xe000,0x0fff,0xffff,0xffff,0xffff,0xe007,0x8000,0x0000,0x0000,
  0x07f0,0x07ff,0xffff,0xffff,0xffff,0xe000,0x0780,0x0000,0x0000,0x000f,0xe000,0x0fff,0xffff,0xffff,0xffff,0xe000,0x0fff,0xffff,0xffff,0xffff,0xe007,0x8000,0x0000,0x0000,
  0x07f0,0x07ff,0xffff,0xffff,0xffff,0xe000,0x0780,0x0000,0x0000,0x000f,0xe000,0x07ff,0xffff,0xffff,0xffff,0xe000,0x07ff,0xffff,0xffff,0xffff,0xe007,0x8000,0x0000,0x0000,
  0x07f0,0x07ff,0xffff,0xffff,0xffff,0xe000,0x0780,0x0000,0x0000,0x000f,0xe000,0x07ff,0xffff,0xffff,0xffff,0xe000,0x07ff,0xffff,0xffff,0xffff,0xe007,0x8000,0x0000,0x0000,
  0x0ff0,0x07ff,0xffff,0xffff,0xffff,0xe000,0x07c0,0x0000,0x0000,0x000f,0xe000,0x07ff,0xffff,0xffff,0xffff,0xc000,0x07ff,0xffff,0xffff,0xffff,0xc007,0xc000,0x0000,0x0000,
  0x0ff0,0x07ff,0xffff,0xffff,0xffff,0xc000,0x07c0,0x0000,0x0000,0x000f,0xc000,0x07ff,0xffff,0xffff,0xffff,0xc000,0x07ff,0xffff,0xffff,0xffff,0xc007,0xc000,0x0000,0x0000,
  0x0ff0,0x07ff,0xffff,0xffff,0xffff,0xc000,0x07c0,0x0000,0x0000,0x001f,0xc000,0x07ff,0xffff,0xffff,0xffff,0xc000,0x07ff,0xffff,0xffff,0xffff,0xc003,0xc000,0x0000,0x0000,
  0x0fe0,0x03ff,0xffff,0xffff,0xffff,0xc000,0x03c0,0x0000,0x0000,0x001f,0xc000,0x03ff,0xffff,0xffff,0xffff,0xc000,0x07ff,0xffff,0xffff,0xffff,0xc003,0xc000,0x0000,0x0000,
  0x1fe0,0x03ff,0xffff,0xffff,0xffff,0xc000,0x03c0,0x0000,0x0000,0x001f,0xc000,0x03ff,0xffff,0xffff,0xffff,0xc000,0x03ff,0xffff,0xffff,0xffff,0xc003,0xc000,0x0000,0x0000,
  0x1fe0,0x03ff,0xffff,0xffff,0xffff,0xc000,0x03e0,0x0000,0x0000,0x001f,0x8000,0x03ff,0xffff,0xffff,0xffff,0x8000,0x03ff,0xffff,0xffff,0xffff,0x8003,0xe000,0x0000,0x0000,
  0x1fe0,0x03ff,0xffff,0xffff,0xffff,0x8000,0x03e0,0x0000,0x0000,0x003f,0x8000,0x03ff,0xffff,0xffff,0xffff,0x8000,0x03ff,0xffff,0xffff,0xffff,0x8003,0xe000,0x0000,0x0000,
  0x3fc0,0x03ff,0xffff,0xffff,0xffff,0x8000,0x03e0,0x0000,0x0000,0x003f,0x8000,0x03ff,0xffff,0xffff,0xffff,0x8000,0x03ff,0xffff,0xffff,0xffff,0x8001,0xe000,0x0000,0x0000,
  0x3fc0,0x01ff,0xffff,0xffff,0xffff,0x8000,0x01f0,0x0000,0x0000,0x003f,0x8000,0x01ff,0xffff,0xffff,0xffff,0x8000,0x01ff,0xffff,0xffff,0xffff,0x8001,0xf000,0x0000,0x0000,
  0x3fc0,0x01ff,0xffff,0xffff,0xffff,0x0000,0x01f0,0x0000,0x0000,0x007f,0x0000,0x01ff,0xffff,0xffff,0xffff,0x0000,0x01ff,0xffff,0xffff,0xffff,0x0001,0xf000,0x0000,0x0000,
  0x7f80,0x01ff,0xffff,0xffff,0xffff,0x0000,0x01f8,0x0000,0x0000,0x007f,0x0000,0x01ff,0xffff,0xffff,0xffff,0x0000,0x01ff,0xffff,0xffff,0xffff,0x0001,0xf800,0x0000,0x0000,
  0x7f80,0x00ff,0xffff,0xffff,0xffff,0x0000,0x00f8,0x0000,0x0000,0x00ff,0x0000,0x00ff,0xffff,0xffff,0xffff,0x0000,0x00ff,0xffff,0xffff,0xffff,0x0000,0xf800,0x0000,0x0000,
  0xff80,0x00ff,0xffff,0xffff,0xfffe,0x0000,0x00f8,0x0000,0x0000,0x00fe,0x0000,0x00ff,0xffff,0xffff,0xfffe,0x0000,0x00ff,0xffff,0xffff,0xfffe,0x0000,0xf800,0x0000,0x0000,
  0xff00,0x00ff,0xffff,0xffff,0xfffe,0x0000,0x00fc,0x0000,0x0000,0x01fe,0x0000,0x00ff,0xffff,0xffff,0xfffe,0x0000,0x00ff,0xffff,0xffff,0xfffe,0x0000,0xfc00,0x0000,0x0000,
  0xff00,0x007f,0xffff,0xffff,0xfffe,0x0000,0x007c,0x0000,0x0000,0x01fe,0x0000,0x00ff,0xffff,0xffff,0xfffe,0x0000,0x007f,0xffff,0xffff,0xfffe,0x0000,0x7e00,0x0000,0x0000,
  0xff00,0x007f,0xffff,0xffff,0xfffc,0x0000,0x007e,0x0000,0x0000,0x03fc,0x0000,0x007f,0xffff,0xffff,0xfffc,0x0000,0x007f,0xffff,0xffff,0xfffc,0x0000,0x7e00,0x0000,0x0001,
  0xfe00,0x007f,0xffff,0xffff,0xfffc,0x0000,0x007f,0x0000,0x0000,0x03fc,0x0000,0x007f,0xffff,0xffff,0xfffc,0x0000,0x007f,0xffff,0xffff,0xfffc,0x0000,0x7f00,0x0000,0x0003,
  0xfe00,0x003f,0xffff,0xffff,0xfffc,0x0000,0x003f,0x0000,0x0000,0x07fc,0x0000,0x003f,0xffff,0xffff,0xfffc,0x0000,0x003f,0xffff,0xffff,0xfffc,0x0000,0x3f00,0x0000,0x0007,
  0xfe00,0x003f,0xffff,0xffff,0xfff8,0x0000,0x003f,0x8000,0x0000,0x0ff8,0x0000,0x003f,0xffff,0xffff,0xfff8,0x0000,0x003f,0xffff,0xffff,0xfff8,0x0000,0x3f80,0x0000,0x0007,
  0xfe00,0x001f,0xffff,0xffff,0xfff8,0x0000,0x001f,0xc000,0x0000,0x0ff8,0x0000,0x001f,0xffff,0xffff,0xfff8,0x0000,0x003f,0xffff,0xffff,0xfff8,0x0000,0x1fc0,0x0000,0x000f,
  0xfc00,0x001f,0xffff,0xffff,0xfff8,0x0000,0x001f,0xe000,0x0000,0x1ff8,0x0000,0x001f,0xffff,0xffff,0xfff8,0x0000,0x001f,0xffff,0xffff,0xfff8,0x0000,0x1fe0,0x0000,0x001f,
  0xfc00,0x000f,0xffff,0xffff,0xfff8,0x0000,0x000f,0xe000,0x0000,0x3ff8,0x0000,0x000f,0xffff,0xffff,0xfff8,0x0000,0x000f,0xffff,0xffff,0xfff8,0x0000,0x0fe0,0x0000,0x003f,
  0xfc00,0x000f,0xffff,0xffff,0xfff8,0x0000,0x000f,0xf800,0x0000,0x7ff0,0x0000,0x000f,0xffff,0xffff,0xfff0,0x0000,0x000f,0xffff,0xffff,0xfff0,0x0000,0x0ff0,0x0000,0x007f,
  0xfc00,0x0007,0xffff,0xffff,0xfff0,0x0000,0x0007,0xfc00,0x0000,0xfff0,0x0000,0x0007,0xffff,0xffff,0xfff0,0x0000,0x0007,0xffff,0xffff,0xfff0,0x0000,0x07fc,0x0000,0x00ff,
  0xfc00,0x0003,0xffff,0xffff,0xfff0,0x0000,0x0003,0xfe00,0x0003,0xfff0,0x0000,0x0003,0xffff,0xffff,0xfff0,0x0000,0x0007,0xffff,0xffff,0xfff0,0x0000,0x03fe,0x0000,0x01ff,
  0xfc00,0x0003,0xffff,0xffff,0xfff0,0x0000,0x0003,0xff00,0x0007,0xfff0,0x0000,0x0003,0xffff,0xffff,0xfff0,0x0000,0x0003,0xffff,0xffff,0xfff0,0x0000,0x01ff,0x0000,0x03ff,
  0xfc00,0x0001,0xffff,0xffff,0xfff0,0x0000,0x0001,0xffc0,0x000f,0xfff0,0x0000,0x0001,0xffff,0xffff,0xfff0,0x0000,0x0001,0xffff,0xffff,0xfff0,0x0000,0x00ff,0xc000,0x0fff,
  0xfc00,0x0000,0xffff,0xffff,0xfff8,0x0000,0x0000,0xfff0,0x007f,0xfff0,0x0000,0x0000,0xffff,0xffff,0xfff0,0x0000,0x0000,0xffff,0xffff,0xfff0,0x0000,0x007f,0xf000,0x3fff,
  0xfc00,0x0000,0x3fff,0xffff,0xfff8,0x0000,0x0000,0x3ffe,0x03ff,0xfff8,0x0000,0x0000,0x3fff,0xffff,0xfff8,0x0000,0x0000,0x3fff,0xffff,0xfff8,0x0000,0x003f,0xfc01,0xffff,
  0xfc00,0x0000,0x1fff,0xffff,0xfff8,0x0000,0x0000,0x1fff,0xffff,0xfff8,0x0000,0x0000,0x1fff,0xffff,0xfff8,0x0000,0x0000,0x1fff,0xffff,0xfff8,0x0000,0x001f,0xffff,0xffff,
  0xfe00,0x0000,0x07ff,0xffff,0xfff8,0x0000,0x0000,0x07ff,0xffff,0xfff8,0x0000,0x0000,0x07ff,0xffff,0xfff8,0x0000,0x0000,0x07ff,0xffff,0xfff8,0x0000,0x0007,0xffff,0xffff,
  0xfe00,0x0000,0x01ff,0xffff,0xfffc,0x0000,0x0000,0x01ff,0xffff,0xfffc,0x0000,0x0000,0x01ff,0xffff,0xfffc,0x0000,0x0000,0x01ff,0xffff,0xfffc,0x0000,0x0000,0xffff,0xffff,
  0xff00,0x0000,0x003f,0xffff,0xfffc,0x0000,0x0000,0x007f,0xffff,0xfffc,0x0000,0x0000,0x007f,0xffff,0xfffc,0x0000,0x0000,0x007f,0xffff,0xfffc,0x0000,0x0000,0x3fff,0xffff,
  0xff80,0x0000,0x000f,0xffff,0xfffe,0x0000,0x0000,0x000f,0xffff,0xfffe,0x0000,0x0000,0x000f,0xffff,0xfffe,0x0000,0x0000,0x000f,0xffff,0xfffe,0x0000,0x0000,0x0fff,0xffff,
  0xff80,0x0000,0x0003,0xffff,0xffff,0x0000,0x0000,0x0003,0xffff,0xffff,0x0000,0x0000,0x0003,0xffff,0xffff,0x0000,0x0000,0x0003,0xffff,0xffff,0x0000,0x0000,0x01ff,0xffff,
  0xffc0,0x0000,0x0000,0x7fff,0xffff,0x8000,0x0000,0x0000,0x7fff,0xffff,0x8000,0x0000,0x0000,0x7fff,0xffff,0x8000,0x0000,0x0000,0x7fff,0xffff,0x8000,0x0000,0x007f,0xffff,
  0xffe0,0x0000,0x0000,0x3fff,0xffff,0xc000,0x0000,0x0000,0x3fff,0xffff,0xc000,0x0000,0x0000,0x3fff,0xffff,0xc000,0x0000,0x0000,0x3fff,0xffff,0xc000,0x0000,0x001f,0xffff,
  0xfff0,0x0000,0x0000,0x1fff,0xffff,0xe000,0x0000,0x0000,0x1fff,0xffff,0xe000,0x0000,0x0000,0x1fff,0xffff,0xe000,0x0000,0x0000,0x1fff,0xffff,0xe000,0x0000,0x000f,0xffff,
  0xfff8,0x0000,0x0000,0x0fff,0xffff,0xf000,0x0000,0x0000,0x0fff,0xffff,0xf000,0x0000,0x0000,0x0fff,0xffff,0xf000,0x0000,0x0000,0x0fff,0xffff,0xf000,0x0000,0x000f,0xffff,
  0xfffc,0x0000,0x0000,0x07ff,0xffff,0xf800,0x0000,0x0000,0x0fff,0xffff,0xf800,0x0000,0x0000,0x0fff,0xffff,0xf800,0x0000,0x0000,0x0fff,0xffff,0xf800,0x0000,0x0007,0xffff,
  0xffff,0x0000,0x0000,0x07ff,0xffff,0xfc00,0x0000,0x0000,0x07ff,0xffff,0xfc00,0x0000,0x0000,0x07ff,0xffff,0xfc00,0x0000,0x0000,0x07ff,0xffff,0xfc00,0x0000,0x0007,0xffff,
  0xffff,0x8000,0x0000,0x07ff,0xffff,0xfe00,0x0000,0x0000,0x07ff,0xffff,0xfe00,0x0000,0x0000,0x07ff,0xffff,0xfe00,0x0000,0x0000,0x07ff,0xffff,0xfe00,0x0000,0x0007,0xffff,
  0xffff,0xc000,0x0000,0x07ff,0xffff,0xff00,0x0000,0x0000,0x0fff,0xffff,0xff00,0x0000,0x0000,0x0fff,0xffff,0xff00,0x0000,0x0000,0x07ff,0xffff,0xff00,0x0000,0x0007,0xffff,
  0xffff,0xe000,0x0000,0x0fff,0xffff,0xffc0,0x0000,0x0000,0x0fff,0xffff,0xffc0,0x0000,0x0000,0x0fff,0xffff,0xffc0,0x0000,0x0000,0x0fff,0xffff,0xff80,0x0000,0x000f,0xffff,
  0xffff,0xf000,0x0000,0x0fff,0xffff,0xffe0,0x0000,0x0000,0x0fff,0xffff,0xffe0,0x0000,0x0000,0x0fff,0xffff,0xffe0,0x0000,0x0000,0x0fff,0xffff,0xffe0,0x0000,0x000f,0xffff,
  0xffff,0xf800,0x0000,0x0fff,0xf81f,0xfff0,0x0000,0x0000,0x0fff,0xf01f,0xfff0,0x0000,0x0000,0x0fff,0xf81f,0xfff0,0x0000,0x0000,0x1fff,0xf01f,0xfff0,0x0000,0x000f,0xffff,
  0xffff,0xfc00,0x0000,0x1fff,0x8001,0xfff8,0x0000,0x0000,0x1fff,0x8001,0xfff8,0x0000,0x0000,0x1fff,0x8001,0xfff8,0x0000,0x0000,0x1fff,0x8003,0xfff8,0x0000,0x001f,0xffff,
  0xffff,0xfe00,0x0000,0x3ffe,0x0000,0x7ffc,0x0000,0x0000,0x3ffe,0x0000,0x7ffc,0x0000,0x0000,0x3ffe,0x0000,0x7ffc,0x0000,0x0000,0x3ffe,0x0000,0x7ffc,0x0000,0x001f,0xffff,
  0xffff,0xff00,0x0000,0x3ff8,0x0000,0x3ffe,0x0000,0x0000,0x3ff8,0x0000,0x3ffe,0x0000,0x0000,0x3ff8,0x0000,0x3ffc,0x0000,0x0000,0x3ff8,0x0000,0x3ffc,0x0000,0x003f,0xffff,
  0xffff,0xff80,0x0000,0x7ff0,0x0000,0x0ffe,0x0000,0x0000,0x7ff0,0x0000,0x0ffe,0x0000,0x0000,0x7ff0,0x0000,0x0ffe,0x0000,0x0000,0x7ff0,0x0000,0x0ffe,0x0000,0x007f,0xffff,
  0xffff,0xffc0,0x0000,0x7fe0,0x0000,0x07ff,0x0000,0x0000,0x7fc0,0x0000,0x07ff,0x0000,0x0000,0x7fe0,0x0000,0x07ff,0x0000,0x0000,0xffe0,0x0000,0x07ff,0x0000,0x007f,0xffff,
  0xffff,0xffc0,0x0000,0xffc0,0x0000,0x03ff,0x8000,0x0000,0xff80,0x0000,0x03ff,0x8000,0x0000,0xff80,0x0000,0x03ff,0x8000,0x0000,0xff80,0x0000,0x03ff,0x8000,0x00ff,0xffff,
  0xffff,0xffe0,0x0001,0xff80,0x0000,0x01ff,0x8000,0x0001,0xff00,0x0000,0x01ff,0x8000,0x0001,0xff00,0x0000,0x01ff,0x8000,0x0001,0xff00,0x0000,0x01ff,0x8000,0x01ff,0xffff,
  0xffff,0xffe0,0x0001,0xff00,0x0000,0x00ff,0xc000,0x0001,0xff00,0x0000,0x00ff,0xc000,0x0003,0xfe00,0x0000,0x00ff,0xc000,0x0003,0xff00,0x0000,0x00ff,0xc000,0x01ff,0xffff,
  0xffff,0xfff0,0x0003,0xfe00,0x0000,0x007f,0xe000,0x0003,0xfe00,0x0000,0x007f,0xe000,0x0003,0xfe00,0x0000,0x007f,0xe000,0x0003,0xfe00,0x0000,0x007f,0xe000,0x03ff,0xffff,
  0xffff,0xfff8,0x0007,0xfc00,0x0000,0x003f,0xe000,0x0007,0xfc00,0x0000,0x003f,0xe000,0x0007,0xfc00,0x0000,0x003f,0xe000,0x0007,0xfc00,0x0000,0x007f,0xe000,0x07ff,0xffff,
  0xffff,0xfff8,0x0007,0xf800,0x0000,0x003f,0xf000,0x0007,0xf800,0x0000,0x003f,0xf000,0x0007,0xf800,0x0000,0x003f,0xf000,0x0007,0xf800,0x0000,0x003f,0xf000,0x07ff,0xffff,
  0xffff,0xfffc,0x000f,0xf800,0x0000,0x001f,0xf000,0x000f,0xf800,0x0000,0x001f,0xf000,0x000f,0xf800,0x0000,0x001f,0xf000,0x000f,0xf800,0x0000,0x001f,0xf000,0x0fff,0xffff,
  0xffff,0xfffc,0x000f,0xf000,0x0000,0x001f,0xf800,0x000f,0xf000,0x0000,0x000f,0xf800,0x000f,0xf000,0x0000,0x000f,0xf800,0x001f,0xf000,0x0000,0x001f,0xf800,0x0fff,0xffff,
  0xffff,0xfffe,0x001f,0xf000,0x0000,0x000f,0xf800,0x001f,0xe000,0x0000,0x000f,0xf800,0x001f,0xe000,0x0000,0x000f,0xf800,0x001f,0xe000,0x0000,0x000f,0xf800,0x1fff,0xffff,
  0xffff,0xfffe,0x001f,0xe000,0x0000,0x0007,0xfc00,0x001f,0xe000,0x0000,0x0007,0xfc00,0x001f,0xe000,0x0000,0x0007,0xfc00,0x003f,0xe000,0x0000,0x0007,0xf800,0x1fff,0xffff,
  0xffff,0xfffe,0x003f,0xc000,0x0000,0x0007,0xfc00,0x003f,0xc000,0x0000,0x0007,0xfc00,0x003f,0xc000,0x0000,0x0007,0xfc00,0x003f,0xc000,0x0000,0x0007,0xfc00,0x3fff,0xffff,
  0xffff,0xffff,0x003f,0xc000,0x0000,0x0003,0xfc00,0x003f,0xc000,0x0000,0x0003,0xfc00,0x003f,0xc000,0x0000,0x0003,0xfc00,0x003f,0xc000,0x0000,0x0003,0xfc00,0x3fff,0xffff,
  0xffff,0xffff,0x003f,0xc000,0x0000,0x0003,0xfe00,0x007f,0x8000,0x0000,0x0003,0xfe00,0x007f,0xc000,0x0000,0x0003,0xfe00,0x007f,0x8000,0x0000,0x0003,0xfe00,0x3fff,0xffff,
  0xffff,0xffff,0x807f,0x8000,0x0000,0x0003,0xfe00,0x007f,0x8000,0x0000,0x0001,0xfe00,0x007f,0x8000,0x0000,0x0003,0xfe00,0x007f,0x8000,0x0000,0x0003,0xfe00,0x7fff,0xffff,
  0xffff,0xffff,0x807f,0x8000,0x0000,0x0001,0xfe00,0x007f,0x8000,0x0000,0x0001,0xfe00,0x007f,0x8000,0x0000,0x0001,0xfe00,0x007f,0x8000,0x0000,0x0001,0xfe00,0x7fff,0xffff,
  0xffff,0xffff,0x807f,0x0000,0x0000,0x0001,0xff00,0x007f,0x0000,0x0000,0x0001,0xff00,0x007f,0x0000,0x0000,0x0001,0xff00,0x007f,0x0000,0x0000,0x0001,0xff00,0x7fff,0xffff,
  0xffff,0xffff,0x80ff,0x0000,0x0000,0x0000,0xff00,0x00ff,0x0000,0x0000,0x0000,0xff00,0x00ff,0x0000,0x0000,0x0000,0xff00,0x00ff,0x0000,0x0000,0x0001,0xff00,0xffff,0xffff,
  0xffff,0xffff,0xc0ff,0x0000,0x0000,0x0000,0xff00,0x00ff,0x0000,0x0000,0x0000,0xff00,0x00ff,0x0000,0x0000,0x0000,0xff00,0x00ff,0x0000,0x0000,0x0000,0xff00,0xffff,0xffff,
  0xffff,0xffff,0xc0ff,0x0000,0x0000,0x0000,0xff80,0x00fe,0x0000,0x0000,0x0000,0xff80,0x00fe,0x0000,0x0000,0x0000,0xff80,0x00fe,0x0000,0x0000,0x0000,0xff80,0xffff,0xffff,
  0xffff,0xffff,0xc0fe,0x0000,0x0000,0x0000,0xff80,0x00fe,0x0000,0x0000,0x0000,0x7f80,0x00fe,0x0000,0x0000,0x0000,0xff80,0x00fe,0x0000,0x0000,0x0000,0xff80,0xffff,0xffff,
  0xffff,0xffff,0xe0fe,0x0000,0x0000,0x0000,0x7f80,0x00fe,0x0000,0x0000,0x0000,0x7f80,0x00fe,0x0000,0x0000,0x0000,0x7f80,0x01fe,0x0000,0x0000,0x0000,0x7f80,0xffff,0xffff,
  0xffff,0xffff,0xe1fe,0x0000,0x0000,0x0000,0x7f80,0x01fe,0x0000,0x0000,0x0000,0x7f80,0x01fe,0x0000,0x0000,0x0000,0x7f80,0x01fe,0x0000,0x0000,0x0000,0x7f80,0xffff,0xffff,
  0xffff,0xffff,0xe1fe,0x0000,0x0000,0x0000,0x7fc0,0x01fc,0x0000,0x0000,0x0000,0x7fc0,0x01fc,0x0000,0x0000,0x0000,0x7f80,0x01fc,0x0000,0x0000,0x0000,0x7f80,0xffff,0xffff,
  0xffff,0xffff,0xe1fc,0x0000,0x0000,0x0000,0x7fc0,0x01fc,0x0000,0x0000,0x0000,0x7fc0,0x01fc,0x0000,0x0000,0x0000,0x7fc0,0x01fc,0x0000,0x0000,0x0000,0x7fc1,0xffff,0xffff,
  0xffff,0xffff,0xe1fc,0x0000,0x0000,0x0000,0x7fc0,0x01fc,0x0000,0x0000,0x0000,0x3fc0,0x01fc,0x0000,0x0000,0x0000,0x7fc0,0x01fc,0x0000,0x0000,0x0000,0x7fc1,0xffff,0xffff,
  0xffff,0xffff,0xf1fc,0x0000,0x0000,0x0000,0x3fc0,0x01fc,0x0000,0x0000,0x0000,0x3fc0,0x01fc,0x0000,0x0000,0x0000,0x3fc0,0x01fc,0x0000,0x0000,0x0000,0x3fc1,0xffff,0xffff,
  0xffff,0xffff,0xf1fc,0x0000,0x0000,0x0000,0x3fc0,0x01fc,0x0000,0x0000,0x0000,0x3fc0,0x01fc,0x0000,0x0000,0x0000,0x3fc0,0x01fc,0x0000,0x0000,0x0000,0x3fc1,0xffff,0xffff,
  0xffff,0xffff,0xf1fc,0x0000,0x0000,0x0000,0x3fc0,0x01fc,0x0000,0x0000,0x0000,0x3fc0,0x01fc,0x0000,0x0000,0x0000,0x3fc0,0x01fc,0x0000,0x0000,0x0000,0x3fc1,0xffff,0xffff,
  0xffff,0xffff,0xf1fc,0x0000,0x0000,0x0000,0x3fe0,0x01fc,0x0000,0x0000,0x0000,0x3fe0,0x01fc,0x0000,0x0000,0x0000,0x3fc0,0x01fc,0x0000,0x0000,0x0000,0x3fc1,0xffff,0xffff,
  0xffff,0xffff,0xf1fc,0x0000,0x0000,0x0000,0x3fe0,0x01f8,0x0000,0x0000,0x0000,0x3fe0,0x01f8,0x0000,0x0000,0x0000,0x3fe0,0x01fc,0x0000,0x0000,0x0000,0x3fe1,0xffff,0xffff,
  0xffff,0xffff,0xf1f8,0x0000,0x0000,0x0000,0x3fe0,0x01f8,0x0000,0x0000,0x0000,0x3fe0,0x01f8,0x0000,0x0000,0x0000,0x3fe0,0x01f8,0x0000,0x0000,0x0000,0x3fe1,0xffff,0xffff,
  0xffff,0xffff,0xf1f8,0x0000,0x0000,0x0000,0x3fe0,0x01f8,0x0000,0x0000,0x0000,0x3fe0,0x01f8,0x0000,0x0000,0x0000,0x3fe0,0x01f8,0x0000,0x0000,0x0000,0x3fe1,0xffff,0xffff,
  0xffff,0xffff,0xf1f8,0x0000,0x0000,0x0000,0x3fe0,0x01f8,0x0000,0x0000,0x0000,0x3fe0,0x01f8,0x0000,0x0000,0x0000,0x3fe0,0x01f8,0x0000,0x0000,0x0000,0x3fe1,0xffff,0xffff,
  0xffff,0xffff,0xf1f8,0x0000,0x0000,0x0000,0x3fe0,0x01f8,0x0000,0x0000,0x0000,0x3fe0,0x01f8,0x0000,0x0000,0x0000,0x3fe0,0x01f8,0x0000,0x0000,0x0000,0x3fe1,0xffff,0xffff,
  0x0000,0x003f,0xf0ff,0xffff,0xffff,0xffff,0xffe0,0x00f8,0x0000,0x0000,0x0000,0x3fc0,0x00f8,0x0000,0x0000,0x0000,0x3fe0,0x00ff,0xffff,0xffff,0xffff,0xffc0,0xfc00,0x0000,
  0x0000,0x003f,0xf0ff,0xffff,0xffff,0xffff,0xffe0,0x00f8,0x0000,0x0000,0x0000,0x3fc0,0x00f8,0x0000,0x0000,0x0000,0x3fc0,0x00ff,0xffff,0xffff,0xffff,0xffc0,0xfc00,0x0000,
  0x0000,0x003f,0xf0ff,0xffff,0xffff,0xffff,0xffe0,0x00f8,0x0000,0x0000,0x0000,0x3fc0,0x00f8,0x0000,0x0000,0x0000,0x3fc0,0x00ff,0xffff,0xffff,0xffff,0xffc0,0xfc00,0x0000,
  0x0000,0x003f,0xf0ff,0xffff,0xffff,0xffff,0xffe0,0x00f8,0x0000,0x0000,0x0000,0x3fc0,0x00f8,0x0000,0x0000,0x0000,0x3fc0,0x00ff,0xffff,0xffff,0xffff,0xffc0,0xfc00,0x0000,
  0x0000,0x003f,0xf0ff,0xffff,0xffff,0xffff,0xffc0,0x00f8,0x0000,0x0000,0x0000,0x3fc0,0x00f8,0x0000,0x0000,0x0000,0x3fc0,0x00ff,0xffff,0xffff,0xffff,0xffc0,0x7c00,0x0000,
  0x0000,0x003f,0xe07f,0xffff,0xffff,0xffff,0xffc0,0x007c,0x0000,0x0000,0x0000,0x3fc0,0x0078,0x0000,0x0000,0x0000,0x3fc0,0x007f,0xffff,0xffff,0xffff,0xffc0,0x7c00,0x0000,
  0x0000,0x003f,0xe07f,0xffff,0xffff,0xffff,0xffc0,0x007c,0x0000,0x0000,0x0000,0x3f80,0x007c,0x0000,0x0000,0x0000,0x3f80,0x007f,0xffff,0xffff,0xffff,0xffc0,0x7c00,0x0000,
  0x0000,0x003f,0xe07f,0xffff,0xffff,0xffff,0xffc0,0x007c,0x0000,0x0000,0x0000,0x3f80,0x007c,0x0000,0x0000,0x0000,0x3f80,0x007f,0xffff,0xffff,0xffff,0xff80,0x7c00,0x0000,
  0x0000,0x003f,0xe07f,0xffff,0xffff,0xffff,0xffc0,0x007c,0x0000,0x0000,0x0000,0x3f80,0x007c,0x0000,0x0000,0x0000,0x3f80,0x007f,0xffff,0xffff,0xffff,0xff80,0x7c00,0x0000,
  0x0000,0x003f,0xe07f,0xffff,0xffff,0xffff,0xff80,0x007c,0x0000,0x0000,0x0000,0x3f80,0x007c,0x0000,0x0000,0x0000,0x3f80,0x007f,0xffff,0xffff,0xffff,0xff80,0x7c00,0x0000,
  0x0000,0x003f,0xe03f,0xffff,0xffff,0xffff,0xff80,0x007c,0x0000,0x0000,0x0000,0x7f80,0x007c,0x0000,0x0000,0x0000,0x7f80,0x007f,0xffff,0xffff,0xffff,0xff80,0x3c00,0x0000,
  0x0000,0x007f,0xe03f,0xffff,0xffff,0xffff,0xff80,0x003c,0x0000,0x0000,0x0000,0x7f80,0x003c,0x0000,0x0000,0x0000,0x7f80,0x003f,0xffff,0xffff,0xffff,0xff80,0x3e00,0x0000,
  0x0000,0x007f,0xc03f,0xffff,0xffff,0xffff,0xff80,0x003e,0x0000,0x0000,0x0000,0x7f00,0x003e,0x0000,0x0000,0x0000,0x7f80,0x003f,0xffff,0xffff,0xffff,0xff00,0x3e00,0x0000,
  0x0000,0x007f,0xc03f,0xffff,0xffff,0xffff,0xff00,0x003e,0x0000,0x0000,0x0000,0x7f00,0x003e,0x0000,0x0000,0x0000,0x7f00,0x003f,0xffff,0xffff,0xffff,0xff00,0x1e00,0x0000,
  0x0000,0x007f,0xc01f,0xffff,0xffff,0xffff,0xff00,0x001e,0x0000,0x0000,0x0000,0x7f00,0x001e,0x0000,0x0000,0x0000,0xff00,0x001f,0xffff,0xffff,0xffff,0xff00,0x1e00,0x0000,
  0x0000,0x00ff,0xc01f,0xffff,0xffff,0xffff,0xff00,0x001e,0x0000,0x0000,0x0000,0xff00,0x001e,0x0000,0x0000,0x0000,0xff00,0x001f,0xffff,0xffff,0xffff,0xff00,0x1f00,0x0000,
  0x0000,0x00ff,0x801f,0xffff,0xffff,0xffff,0xff00,0x001f,0x0000,0x0000,0x0000,0xff00,0x001f,0x0000,0x0000,0x0000,0xff00,0x001f,0xffff,0xffff,0xffff,0xff00,0x0f00,0x0000,
  0x0000,0x00ff,0x800f,0xffff,0xffff,0xffff,0xff00,0x000f,0x0000,0x0000,0x0000,0xff00,0x000f,0x0000,0x0000,0x0000,0xff00,0x000f,0xffff,0xffff,0xffff,0xff00,0x0f00,0x0000,
  0x0000,0x01ff,0x800f,0xffff,0xffff,0xffff,0xfe00,0x000f,0x0000,0x0000,0x0001,0xfe00,0x000f,0x0000,0x0000,0x0001,0xfe00,0x000f,0xffff,0xffff,0xffff,0xfe00,0x0f80,0x0000,
  0x0000,0x01ff,0x800f,0xffff,0xffff,0xffff,0xfe00,0x0007,0x8000,0x0000,0x0001,0xfe00,0x000f,0x8000,0x0000,0x0001,0xfe00,0x000f,0xffff,0xffff,0xffff,0xfe00,0x0780,0x0000,
  0x0000,0x01ff,0x0007,0xffff,0xffff,0xffff,0xfe00,0x0007,0x8000,0x0000,0x0001,0xfe00,0x0007,0x8000,0x0000,0x0003,0xfe00,0x0007,0xffff,0xffff,0xffff,0xfe00,0x0780,0x0000,
  0x0000,0x03ff,0x0007,0xffff,0xffff,0xffff,0xfe00,0x0007,0xc000,0x0000,0x0003,0xfe00,0x0007,0x8000,0x0000,0x0003,0xfe00,0x0007,0xffff,0xffff,0xffff,0xfc00,0x03c0,0x0000,
  0x0000,0x03ff,0x0003,0xffff,0xffff,0xffff,0xfc00,0x0003,0xc000,0x0000,0x0003,0xfc00,0x0003,0xc000,0x0000,0x0003,0xfc00,0x0003,0xffff,0xffff,0xffff,0xfc00,0x03c0,0x0000,
  0x0000,0x07fe,0x0003,0xffff,0xffff,0xffff,0xfc00,0x0003,0xc000,0x0000,0x0007,0xfc00,0x0003,0xc000,0x0000,0x0007,0xfc00,0x0003,0xffff,0xffff,0xffff,0xfc00,0x03e0,0x0000,
  0x0000,0x07fe,0x0003,0xffff,0xffff,0xffff,0xfc00,0x0003,0xe000,0x0000,0x0007,0xf800,0x0003,0xe000,0x0000,0x0007,0xf800,0x0003,0xffff,0xffff,0xffff,0xf800,0x01e0,0x0000,
  0x0000,0x0ffe,0x0001,0xffff,0xffff,0xffff,0xf800,0x0001,0xe000,0x0000,0x000f,0xf800,0x0001,0xe000,0x0000,0x000f,0xf800,0x0001,0xffff,0xffff,0xffff,0xf800,0x01f0,0x0000,
  0x0000,0x0ffc,0x0001,0xffff,0xffff,0xffff,0xf800,0x0001,0xf000,0x0000,0x000f,0xf800,0x0001,0xf000,0x0000,0x001f,0xf000,0x0001,0xffff,0xffff,0xffff,0xf000,0x01f0,0x0000,
  0x0000,0x1ff8,0x0000,0xffff,0xffff,0xffff,0xf000,0x0001,0xf800,0x0000,0x001f,0xf000,0x0001,0xf800,0x0000,0x001f,0xf000,0x0001,0xffff,0xffff,0xffff,0xf000,0x00f8,0x0000,
  0x0000,0x3ff8,0x0000,0xffff,0xffff,0xffff,0xf000,0x0000,0xf800,0x0000,0x003f,0xe000,0x0000,0xf800,0x0000,0x003f,0xe000,0x0000,0xffff,0xffff,0xffff,0xe000,0x00fc,0x0000,
  0x0000,0x3ff0,0x0000,0xffff,0xffff,0xffff,0xe000,0x0000,0xfc00,0x0000,0x003f,0xe000,0x0000,0xfc00,0x0000,0x003f,0xe000,0x0000,0xffff,0xffff,0xffff,0xe000,0x00fc,0x0000,
  0x0000,0x7ff0,0x0000,0xffff,0xffff,0xffff,0xc000,0x0000,0xfe00,0x0000,0x007f,0xc000,0x0000,0xfe00,0x0000,0x007f,0xc000,0x0000,0xffff,0xffff,0xffff,0xc000,0x007e,0x0000,
  0x0000,0xffe0,0x0000,0x7fff,0xffff,0xffff,0xc000,0x0000,0x7f00,0x0000,0x00ff,0xc000,0x0000,0x7e00,0x0000,0x00ff,0xc000,0x0000,0xffff,0xffff,0xffff,0xc000,0x007f,0x0000,
  0x0001,0xffc0,0x0000,0x7fff,0xffff,0xffff,0x8000,0x0000,0x7f00,0x0000,0x01ff,0x8000,0x0000,0x7f00,0x0000,0x01ff,0x8000,0x0000,0x7fff,0xffff,0xfdff,0x8000,0x007f,0x8000,
  0x0003,0xff80,0x0000,0x7fff,0xffff,0xffff,0x0000,0x0000,0x7f80,0x0000,0x03ff,0x0000,0x0000,0x7f80,0x0000,0x03ff,0x0000,0x0000,0x7fff,0xffff,0xffff,0x0000,0x007f,0xc000,
  0x0007,0xff00,0x0000,0x7fff,0xffff,0xfffc,0x0000,0x0000,0x7fc0,0x0000,0x07fe,0x0000,0x0000,0x7fe0,0x0000,0x07fe,0x0000,0x0000,0x7fff,0xffff,0xfffe,0x0000,0x007f,0xe000,
  0x000f,0xfe00,0x0000,0x7fff,0xffff,0xfff0,0x0000,0x0000,0x7ff0,0x0000,0x0ffc,0x0000,0x0000,0x7ff0,0x0000,0x0ffc,0x0000,0x0000,0x7fff,0xffff,0xfffc,0x0000,0x007f,0xf000,
  0x001f,0xfc00,0x0000,0x7fff,0xffff,0xffc0,0x0000,0x0000,0x7ff8,0x0000,0x3ff0,0x0000,0x0000,0x7ff8,0x0000,0x3ff0,0x0000,0x0000,0x7fff,0xffff,0xfff0,0x0000,0x003f,0xf800,
  0x007f,0xf000,0x0000,0x7fff,0xffff,0xff00,0x0000,0x0000,0x7ffe,0x0000,0x7fe0,0x0000,0x0000,0x7ffe,0x0000,0x7fe0,0x0000,0x0000,0x7fff,0xffff,0xffe0,0x0000,0x003f,0xfe00,
  0x01ff,0xc000,0x0000,0x7fff,0xffff,0xfc00,0x0000,0x0000,0x7fff,0x8001,0xff80,0x0000,0x0000,0x7fff,0x8001,0xff80,0x0000,0x0000,0x7fff,0xffff,0xff80,0x0000,0x003f,0xff80,
  0x0fff,0x0000,0x0000,0x7fff,0xffff,0xf800,0x0000,0x0000,0x7fff,0xf00f,0xfe00,0x0000,0x0000,0x7fff,0xf01f,0xfe00,0x0000,0x0000,0x7fff,0xffff,0xfe00,0x0000,0x003f,0xfff0,
  0xfffc,0x0000,0x0000,0x7fff,0xffff,0xf000,0x0000,0x0000,0x7fff,0xffff,0xf000,0x0000,0x0000,0x7fff,0xffff,0xf000,0x0000,0x0000,0x7fff,0xffff,0xf000,0x0000,0x007f,0xffff,
  0xfff0,0x0000,0x0000,0x7fff,0xffff,0xc000,0x0000,0x0000,0x7fff,0xffff,0xc000,0x0000,0x0000,0x7fff,0xffff,0xc000,0x0000,0x0000,0x7fff,0xffff,0xc000,0x0000,0x007f,0xffff,
  0xffc0,0x0000,0x0000,0x7fff,0xffff,0x0000,0x0000,0x0000,0x7fff,0xffff,0x0000,0x0000,0x0000,0xffff,0xffff,0x0000,0x0000,0x0000,0xffff,0xffff,0x0000,0x0000,0x007f,0xffff,
  0xff00,0x0000,0x0000,0xffff,0xfffc,0x0000,0x0000,0x0000,0xffff,0xfffc,0x0000,0x0000,0x0000,0xffff,0xfffc,0x0000,0x0000,0x0000,0xffff,0xfffc,0x0000,0x0000,0x00ff,0xffff,
  0xfc00,0x0000,0x0001,0xffff,0xfff8,0x0000,0x0000,0x0001,0xffff,0xfff8,0x0000,0x0000,0x0001,0xffff,0xfff8,0x0000,0x0000,0x0001,0xffff,0xfff8,0x0000,0x0000,0x00ff,0xffff,
  0xf800,0x0000,0x0003,0xffff,0xfff0,0x0000,0x0000,0x0003,0xffff,0xfff0,0x0000,0x0000,0x0003,0xffff,0xfff0,0x0000,0x0000,0x0003,0xffff,0xfff0,0x0000,0x0000,0x01ff,0xffff,
  0xf000,0x0000,0x0007,0xffff,0xffe0,0x0000,0x0000,0x0007,0xffff,0xffe0,0x0000,0x0000,0x0007,0xffff,0xffe0,0x0000,0x0000,0x0007,0xffff,0xffc0,0x0000,0x0000,0x03ff,0xffff,
  0xe000,0x0000,0x000f,0xffff,0xffc0,0x0000,0x0000,0x000f,0xffff,0xffc0,0x0000,0x0000,0x000f,0xffff,0xffc0,0x0000,0x0000,0x000f,0xffff,0xffc0,0x0000,0x0000,0x07ff,0xffff,
  0xc000,0x0000,0x001f,0xffff,0xff80,0x0000,0x0000,0x001f,0xffff,0xff80,0x0000,0x0000,0x001f,0xffff,0xff80,0x0000,0x0000,0x001f,0xffff,0xff80,0x0000,0x0000,0x1fff,0xffff,
  0x8000,0x0000,0x003f,0xffff,0xff00,0x0000,0x0000,0x003f,0xffff,0xff00,0x0000,0x0000,0x003f,0xffff,0xff00,0x0000,0x0000,0x003f,0xffff,0xff00,0x0000,0x0000,0x3fff,0xffff,
  0x0000,0x0000,0x00ff,0xffff,0xff00,0x0000,0x0000,0x00ff,0xffff,0xff00,0x0000,0x0000,0x00ff,0xffff,0xff00,0x0000,0x0000,0x00ff,0xffff,0xff00,0x0000,0x0000,0xffff,0xffff,
  0x0000,0x0000,0x01ff,0xffff,0xfe00,0x0000,0x0000,0x01ff,0xffff,0xfe00,0x0000,0x0000,0x01ff,0xffff,0xfe00,0x0000,0x0000,0x01ff,0xffff,0xfe00,0x0000,0x0001,0xffff,0xfffe,
  0x0000,0x0000,0x07ff,0xffff,0xfe00,0x0000,0x0000,0x07ff,0xffff,0xfe00,0x0000,0x0000,0x07ff,0xffff,0xfe00,0x0000,0x0000,0x07ff,0xffff,0xfe00,0x0000,0x0003,0xffff,0xffff,
  0x0000,0x0000,0x0fff,0xffff,0xfe00,0x0000,0x0000,0x0fff,0xffff,0xfe00,0x0000,0x0000,0x0fff,0xffff,0xfe00,0x0000,0x0000,0x0fff,0xffff,0xfe00,0x0000,0x000f,0xffff,0xffff,
  0x0000,0x0000,0x1fff,0xffff,0xfe00,0x0000,0x0000,0x1fff,0xffff,0xfe00,0x0000,0x0000,0x1fff,0xffff,0xfc00,0x0000,0x0000,0x1fff,0xffff,0xfe00,0x0000,0x001f,0xffff,0xffff,
  0x0000,0x0000,0x3fff,0xffff,0xfe00,0x0000,0x0000,0x3fff,0xffff,0xfe00,0x0000,0x0000,0x3fff,0xffff,0xfc00,0x0000,0x0000,0x3fff,0xffff,0xfe00,0x0000,0x003f,0xffff,0xffff,
  0x0000,0x0000,0x7fff,0xffff,0xfe00,0x0000,0x0000,0x7ffe,0x01ff,0xfe00,0x0000,0x0000,0x7ffe,0x03ff,0xfe00,0x0000,0x0000,0x7ffe,0x03ff,0xfe00,0x0000,0x007f,0xffff,0xffff,
  0x0000,0x0000,0xffff,0xffff,0xfe00,0x0000,0x0000,0xfff0,0x003f,0xfe00,0x0000,0x0000,0xfff0,0x007f,0xfe00,0x0000,0x0000,0xfff0,0x007f,0xfe00,0x0000,0x007f,0xffff,0xffff,
  0x0000,0x0000,0xffff,0xffff,0xfe00,0x0000,0x0000,0xffc0,0x000f,0xfe00,0x0000,0x0000,0xffc0,0x001f,0xfe00,0x0000,0x0000,0xffc0,0x001f,0xfe00,0x0000,0x00ff,0xffff,0xffff,
  0x0000,0x0001,0xffff,0xffff,0xfe00,0x0000,0x0001,0xff00,0x0007,0xfe00,0x0000,0x0001,0xff00,0x0007,0xfe00,0x0000,0x0001,0xff00,0x0007,0xfe00,0x0000,0x01ff,0xffff,0xffff,
  0x8000,0x0003,0xffff,0xffff,0xff00,0x0000,0x0003,0xfe00,0x0001,0xff00,0x0000,0x0003,0xfe00,0x0001,0xff00,0x0000,0x0003,0xfe00,0x0003,0xff00,0x0000,0x03ff,0xffff,0xffff,
  0xc000,0x0003,0xffff,0xffff,0xff00,0x0000,0x0003,0xf800,0x0000,0xff00,0x0000,0x0003,0xf800,0x0000,0xff00,0x0000,0x0003,0xf800,0x0000,0xff00,0x0000,0x03ff,0xffff,0xffff,
  0xc000,0x0007,0xffff,0xffff,0xff80,0x0000,0x0007,0xf000,0x0000,0x7f80,0x0000,0x0007,0xf000,0x0000,0x7f80,0x0000,0x0007,0xf000,0x0000,0x7f80,0x0000,0x07ff,0xffff,0xffff,
  0xe000,0x000f,0xffff,0xffff,0xff80,0x0000,0x000f,0xe000,0x0000,0x3f80,0x0000,0x000f,0xe000,0x0000,0x3f80,0x0000,0x000f,0xe000,0x0000,0x3f80,0x0000,0x07ff,0xffff,0xffff,
  0xe000,0x000f,0xffff,0xffff,0xffc0,0x0000,0x000f,0xc000,0x0000,0x1fc0,0x0000,0x000f,0xc000,0x0000,0x1fc0,0x0000,0x000f,0xe000,0x0000,0x1fc0,0x0000,0x0fff,0xffff,0xffff,
  0xf000,0x001f,0xffff,0xffff,0xffe0,0x0000,0x001f,0xc000,0x0000,0x0fe0,0x0000,0x001f,0xc000,0x0000,0x0fe0,0x0000,0x001f,0xc000,0x0000,0x1fe0,0x0000,0x0fff,0xffff,0xffff,
  0xf800,0x001f,0xffff,0xffff,0xffe0,0x0000,0x001f,0x8000,0x0000,0x0fe0,0x0000,0x001f,0x8000,0x0000,0x0fe0,0x0000,0x001f,0x8000,0x0000,0x0fe0,0x0000,0x1fff,0xffff,0xffff,
  0xfc00,0x003f,0xffff,0xffff,0xfff0,0x0000,0x003f,0x0000,0x0000,0x07f0,0x0000,0x003f,0x0000,0x0000,0x07f0,0x0000,0x003f,0x0000,0x0000,0x07f0,0x0000,0x1fff,0xffff,0xffff,
  0xfc00,0x003f,0xffff,0xffff,0xfff8,0x0000,0x003f,0x0000,0x0000,0x03f8,0x0000,0x003f,0x0000,0x0000,0x03f8,0x0000,0x003f,0x0000,0x0000,0x03f8,0x0000,0x3fff,0xffff,0xffff,
  0xfe00,0x003f,0xffff,0xffff,0xfffc,0x0000,0x003e,0x0000,0x0000,0x03fc,0x0000,0x007e,0x0000,0x0000,0x03fc,0x0000,0x007e,0x0000,0x0000,0x03fc,0x0000,0x3fff,0xffff,0xffff,
  0xff00,0x007f,0xffff,0xffff,0xfffe,0x0000,0x007c,0x0000,0x0000,0x01fe,0x0000,0x007c,0x0000,0x0000,0x01fc,0x0000,0x007c,0x0000,0x0000,0x01fc,0x0000,0x7fff,0xffff,0xffff,
  0xff80,0x007f,0xffff,0xffff,0xfffe,0x0000,0x007c,0x0000,0x0000,0x00fe,0x0000,0x007c,0x0000,0x0000,0x01fe,0x0000,0x007c,0x0000,0x0000,0x01fe,0x0000,0x7fff,0xffff,0xffff,
  0xff80,0x00ff,0xffff,0xffff,0xffff,0x0000,0x00f8,0x0000,0x0000,0x00ff,0x0000,0x00f8,0x0000,0x0000,0x00ff,0x0000,0x00f8,0x0000,0x0000,0x00ff,0x0000,0xffff,0xffff,0xffff,
  0xffc0,0x00ff,0xffff,0xffff,0xffff,0x8000,0x00f8,0x0000,0x0000,0x007f,0x8000,0x00f8,0x0000,0x0000,0x00ff,0x8000,0x00f8,0x0000,0x0000,0x00ff,0x8000,0xffff,0xffff,0xffff,
  0xffe0,0x00ff,0xffff,0xffff,0xffff,0x8000,0x00f0,0x0000,0x0000,0x007f,0x8000,0x00f0,0x0000,0x0000,0x007f,0x8000,0x00f0,0x0000,0x0000,0x007f,0x8000,0xffff,0xffff,0xffff,
  0xffe0,0x01ff,0xffff,0xffff,0xffff,0xc000,0x01f0,0x0000,0x0000,0x007f,0xc000,0x01f0,0x0000,0x0000,0x007f,0xc000,0x01f0,0x0000,0x0000,0x007f,0xc001,0xffff,0xffff,0xffff,
  0xfff0,0x01ff,0xffff,0xffff,0xffff,0xe000,0x01f0,0x0000,0x0000,0x003f,0xe000,0x01f0,0x0000,0x0000,0x003f,0xc000,0x01f0,0x0000,0x0000,0x007f,0xc001,0xffff,0xffff,0xffff,
  0xfff8,0x01ff,0xffff,0xffff,0xffff,0xe000,0x01e0,0x0000,0x0000,0x003f,0xe000,0x01e0,0x0000,0x0000,0x003f,0xe000,0x01e0,0x0000,0x0000,0x003f,0xe001,0xffff,0xffff,0xffff,
  0xfff8,0x03ff,0xffff,0xffff,0xffff,0xf000,0x03e0,0x0000,0x0000,0x003f,0xe000,0x03e0,0x0000,0x0000,0x003f,0xe000,0x03e0,0x0000,0x0000,0x003f,0xe001,0xffff,0xffff,0xffff,
  0xfff8,0x03ff,0xffff,0xffff,0xffff,0xf000,0x03e0,0x0000,0x0000,0x001f,0xf000,0x03e0,0x0000,0x0000,0x001f,0xf000,0x03e0,0x0000,0x0000,0x001f,0xf003,0xffff,0xffff,0xffff,
  0xfffc,0x03ff,0xffff,0xffff,0xffff,0xf000,0x03c0,0x0000,0x0000,0x001f,0xf000,0x03c0,0x0000,0x0000,0x001f,0xf000,0x03c0,0x0000,0x0000,0x001f,0xf003,0xffff,0xffff,0xffff,
  0xfffc,0x03ff,0xffff,0xffff,0xffff,0xf800,0x03c0,0x0000,0x0000,0x001f,0xf800,0x03c0,0x0000,0x0000,0x001f,0xf800,0x07c0,0x0000,0x0000,0x001f,0xf003,0xffff,0xffff,0xffff,
  0xfffc,0x07ff,0xffff,0xffff,0xffff,0xf800,0x07c0,0x0000,0x0000,0x000f,0xf800,0x07c0,0x0000,0x0000,0x000f,0xf800,0x07c0,0x0000,0x0000,0x001f,0xf803,0xffff,0xffff,0xffff,
  0xfffe,0x07ff,0xffff,0xffff,0xffff,0xf800,0x07c0,0x0000,0x0000,0x000f,0xf800,0x07c0,0x0000,0x0000,0x000f,0xf800,0x07c0,0x0000,0x0000,0x000f,0xf807,0xffff,0xffff,0xffff,
  0xfffe,0x07ff,0xffff,0xffff,0xffff,0xf800,0x0780,0x0000,0x0000,0x000f,0xf800,0x0780,0x0000,0x0000,0x000f,0xf800,0x0780,0x0000,0x0000,0x000f,0xf807,0xffff,0xffff,0xffff,
  0xfffe,0x07ff,0xffff,0xffff,0xffff,0xfc00,0x0780,0x0000,0x0000,0x000f,0xfc00,0x0780,0x0000,0x0000,0x000f,0xfc00,0x0780,0x0000,0x0000,0x000f,0xfc07,0xffff,0xffff,0xffff,
  0xfffe,0x07ff,0xffff,0xffff,0xffff,0xfc00,0x0780,0x0000,0x0000,0x000f,0xfc00,0x0f80,0x0000,0x0000,0x000f,0xfc00,0x0f80,0x0000,0x0000,0x000f,0xfc07,0xffff,0xffff,0xffff,
  0xfffe,0x0fff,0xffff,0xffff,0xffff,0xfc00,0x0f80,0x0000,0x0000,0x0007,0xfc00,0x0f80,0x0000,0x0000,0x000f,0xfc00,0x0f80,0x0000,0x0000,0x000f,0xfc07,0xffff,0xffff,0xffff,
  0xffff,0x0fff,0xffff,0xffff,0xffff,0xfc00,0x0f80,0x0000,0x0000,0x0007,0xfc00,0x0f80,0x0000,0x0000,0x0007,0xfc00,0x0f80,0x0000,0x0000,0x000f,0xfc0f,0xffff,0xffff,0xffff,
  0xffff,0x0fff,0xffff,0xffff,0xffff,0xfc00,0x0f80,0x0000,0x0000,0x0007,0xfc00,0x0f80,0x0000,0x0000,0x0007,0xfc00,0x0f80,0x0000,0x0000,0x0007,0xfc0f,0xffff,0xffff,0xffff,
  0xffff,0x0fff,0xffff,0xffff,0xffff,0xfc00,0x0f00,0x0000,0x0000,0x0007,0xfc00,0x0f00,0x0000,0x0000,0x0007,0xfc00,0x0f80,0x0000,0x0000,0x0007,0xfc0f,0xffff,0xffff,0xffff,
  0xffff,0x0fff,0xffff,0xffff,0xffff,0xfc00,0x0f00,0x0000,0x0000,0x0007,0xfc00,0x0f00,0x0000,0x0000,0x0007,0xfc00,0x0f00,0x0000,0x0000,0x0007,0xfc0f,0xffff,0xffff,0xffff,
  0xffff,0x0fff,0xffff,0xffff,0xffff,0xfc00,0x0f00,0x0000,0x0000,0x0007,0xfc00,0x0f00,0x0000,0x0000,0x0007,0xfc00,0x0f00,0x0000,0x0000,0x0007,0xfc0f,0xffff,0xffff,0xffff,
  0xffff,0x0fff,0xffff,0xffff,0xffff,0xfc00,0x0f00,0x0000,0x0000,0x0007,0xfc00,0x1f00,0x0000,0x0000,0x0007,0xfc00,0x1f00,0x0000,0x0000,0x0007,0xfc0f,0xffff,0xffff,0xffff,
  0xffff,0x0fff,0xffff,0xffff,0xffff,0xfc00,0x1f00,0x0000,0x0000,0x0007,0xfc00,0x1f00,0x0000,0x0000,0x0007,0xfc00,0x1f00,0x0000,0x0000,0x0007,0xfc0f,0xffff,0xffff,0xffff,
  0xffff,0x1fff,0xffff,0xffff,0xffff,0xfc00,0x1f00,0x0000,0x0000,0x0007,0xfc00,0x1f00,0x0000,0x0000,0x0007,0xfc00,0x1f00,0x0000,0x0000,0x0007,0xfc0f,0xffff,0xffff,0xffff,
  0xffff,0x1fff,0xffff,0xffff,0xffff,0xfc00,0x1f00,0x0000,0x0000,0x0007,0xfc00,0x1f00,0x0000,0x0000,0x0007,0xfc00,0x1f00,0x0000,0x0000,0x0007,0xfc0f,0xffff,0xffff,0xffff,
  0xffff,0x1fff,0xffff,0xffff,0xffff,0xfc00,0x1f00,0x0000,0x0000,0x0007,0xfc00,0x1f00,0x0000,0x0000,0x0007,0xfc00,0x1f00,0x0000,0x0000,0x0007,0xfc0f,0xffff,0xffff,0xffff,
  0xffff,0x1fff,0xffff,0xffff,0xffff,0xfc00,0x1f00,0x0000,0x0000,0x0007,0xfc00,0x1f00,0x0000,0x0000,0x0007,0xfc00,0x1f00,0x0000,0x0000,0x0007,0xfc1f,0xffff,0xffff,0xffff,
  0xffff,0x1fff,0xffff,0xffff,0xffff,0xfc00,0x1f00,0x0000,0x0000,0x0007,0xfc00,0x1f00,0x0000,0x0000,0x0007,0xfc00,0x1f00,0x0000,0x0000,0x0007,0xfc1f,0xffff,0xffff,0xffff,
  0xffff,0x1fff,0xffff,0xffff,0xffff,0xfc00,0x1f00,0x0000,0x0000,0x0007,0xfc00,0x1f00,0x0000,0x0000,0x0007,0xfc00,0x1f00,0x0000,0x0000,0x0007,0xfc1f,0xffff,0xffff,0xffff,
  0xffff,0x1fff,0xffff,0xffff,0xffff,0xfc00,0x1f00,0x0000,0x0000,0x0007,0xfc00,0x1f00,0x0000,0x0000,0x0007,0xfc00,0x1f80,0x0000,0x0000,0x0007,0xfc1f,0xffff,0xffff,0xffff,
  0xfffe,0x1fff,0xffff,0xffff,0xffff,0xfc00,0x1f80,0x0000,0x0000,0x0007,0xfc00,0x1f80,0x0000,0x0000,0x0007,0xfc00,0x1f80,0x0000,0x0000,0x0007,0xfc1f,0xffff,0xffff,0xffff,
  0xfffe,0x1fff,0xffff,0xffff,0xffff,0xfc00,0x1f80,0x0000,0x0000,0x0007,0xfc00,0x1f80,0x0000,0x0000,0x0007,0xfc00,0x1f80,0x0000,0x0000,0x000f,0xfc0f,0xffff,0xffff,0xffff,
  0xfffe,0x1fff,0xffff,0xffff,0xffff,0xfc00,0x1f80,0x0000,0x0000,0x000f,0xfc00,0x1f80,0x0000,0x0000,0x000f,0xfc00,0x1f80,0x0000,0x0000,0x000f,0xfc0f,0xffff,0xffff,0xffff,
  0xfffe,0x0fff,0xffff,0xffff,0xffff,0xfc00,0x1f80,0x0000,0x0000,0x000f,0xfc00,0x1f80,0x0000,0x0000,0x000f,0xfc00,0x1f80,0x0000,0x0000,0x000f,0xfc0f,0xffff,0xffff,0xffff,
  0xfffe,0x0fff,0xffff,0xffff,0xffff,0xfc00,0x0f80,0x0000,0x0000,0x000f,0xfc00,0x1f80,0x0000,0x0000,0x000f,0xfc00,0x1f80,0x0000,0x0000,0x000f,0xf80f,0xffff,0xffff,0xffff,
  0xfffe,0x0fff,0xffff,0xffff,0xffff,0xf800,0x0f80,0x0000,0x0000,0x000f,0xf800,0x0f80,0x0000,0x0000,0x000f,0xf800,0x0f80,0x0000,0x0000,0x000f,0xf80f,0xffff,0xffff,0xffff,
  0xfffe,0x0fff,0xffff,0xffff,0xffff,0xf800,0x0fc0,0x0000,0x0000,0x000f,0xf800,0x0fc0,0x0000,0x0000,0x000f,0xf800,0x0fc0,0x0000,0x0000,0x000f,0xf80f,0xffff,0xffff,0xffff,
  0xfffc,0x0fff,0xffff,0xffff,0xffff,0xf800,0x0fc0,0x0000,0x0000,0x000f,0xf800,0x0fc0,0x0000,0x0000,0x000f,0xf800,0x0fc0,0x0000,0x0000,0x001f,0xf80f,0xffff,0xffff,0xffff,
  0xfffc,0x0fff,0xffff,0xffff,0xffff,0xf800,0x0fc0,0x0000,0x0000,0x001f,0xf800,0x0fc0,0x0000,0x0000,0x001f,0xf800,0x0fc0,0x0000,0x0000,0x001f,0xf80f,0xffff,0xffff,0xffff,
  0xfffc,0x0fff,0xffff,0xffff,0xffff,0xf800,0x0fc0,0x0000,0x0000,0x001f,0xf800,0x0fc0,0x0000,0x0000,0x001f,0xf000,0x0fc0,0x0000,0x0000,0x001f,0xf00f,0xffff,0xffff,0xffff,
  0xfffc,0x0fff,0xffff,0xffff,0xffff,0xf000,0x0fe0,0x0000,0x0000,0x001f,0xf000,0x0fe0,0x0000,0x0000,0x001f,0xf000,0x0fe0,0x0000,0x0000,0x001f,0xf007,0xffff,0xffff,0xffff,
  0xfff8,0x07ff,0xffff,0xffff,0xffff,0xf000,0x07e0,0x0000,0x0000,0x003f,0xf000,0x07e0,0x0000,0x0000,0x003f,0xf000,0x07e0,0x0000,0x0000,0x003f,0xf007,0xffff,0xffff,0xffff,
  0xfff8,0x07ff,0xffff,0xffff,0xffff,0xe000,0x07e0,0x0000,0x0000,0x003f,0xe000,0x07e0,0x0000,0x0000,0x003f,0xe000,0x07e0,0x0000,0x0000,0x003f,0xe007,0xffff,0xffff,0xffff,
  0xfff0,0x07ff,0xffff,0xffff,0xffff,0xe000,0x07f0,0x0000,0x0000,0x003f,0xe000,0x07f0,0x0000,0x0000,0x003f,0xe000,0x07f0,0x0000,0x0000,0x003f,0xe007,0xffff,0xffff,0xffff,
  0xfff0,0x07ff,0xffff,0xffff,0xffff,0xc000,0x07f0,0x0000,0x0000,0x007f,0xc000,0x07f0,0x0000,0x0000,0x007f,0xc000,0x07f0,0x0000,0x0000,0x007f,0xc003,0xffff,0xffff,0xffff,
  0xffe0,0x03ff,0xffff,0xffff,0xffff,0xc000,0x03f0,0x0000,0x0000,0x007f,0xc000,0x03f0,0x0000,0x0000,0x007f,0xc000,0x03f0,0x0000,0x0000,0x007f,0xc003,0xffff,0xffff,0xffff,
  0xffe0,0x03ff,0xffff,0xffff,0xffff,0x8000,0x03f8,0x0000,0x0000,0x007f,0x8000,0x03f8,0x0000,0x0000,0x00ff,0x8000,0x03f8,0x0000,0x0000,0x00ff,0x8003,0xffff,0xffff,0xffff,
  0xffc0,0x03ff,0xffff,0xffff,0xffff,0x8000,0x03f8,0x0000,0x0000,0x00ff,0x8000,0x03f8,0x0000,0x0000,0x00ff,0x8000,0x03f8,0x0000,0x0000,0x00ff,0x8001,0xffff,0xffff,0xffff,
  0xff80,0x01ff,0xffff,0xffff,0xffff,0x0000,0x01fc,0x0000,0x0000,0x00ff,0x0000,0x01fc,0x0000,0x0000,0x01ff,0x0000,0x01fc,0x0000,0x0000,0x01ff,0x0001,0xffff,0xffff,0xffff,
  0xff80,0x01ff,0xffff,0xffff,0xfffe,0x0000,0x01fc,0x0000,0x0000,0x01fe,0x0000,0x01fc,0x0000,0x0000,0x01fe,0x0000,0x01fc,0x0000,0x0000,0x01fe,0x0001,0xffff,0xffff,0xffff,
  0xff00,0x00ff,0xffff,0xffff,0xfffe,0x0000,0x00fe,0x0000,0x0000,0x03fe,0x0000,0x01fe,0x0000,0x0000,0x03fe,0x0000,0x01fe,0x0000,0x0000,0x03fe,0x0000,0xffff,0xffff,0xffff,
  0xff00,0x00ff,0xffff,0xffff,0xfffc,0x0000,0x00ff,0x0000,0x0000,0x03fc,0x0000,0x00ff,0x0000,0x0000,0x03fc,0x0000,0x00ff,0x0000,0x0000,0x03fc,0x0000,0xffff,0xffff,0xffff,
  0xfe00,0x007f,0xffff,0xffff,0xfffc,0x0000,0x007f,0x0000,0x0000,0x07fc,0x0000,0x00ff,0x0000,0x0000,0x07f8,0x0000,0x00ff,0x0000,0x0000,0x07f8,0x0000,0x7fff,0xffff,0xffff,
  0xfc00,0x007f,0xffff,0xffff,0xfff8,0x0000,0x007f,0x8000,0x0000,0x0ff8,0x0000,0x007f,0x8000,0x0000,0x0ff8,0x0000,0x007f,0x8000,0x0000,0x0ff8,0x0000,0x7fff,0xffff,0xffff,
  0xfc00,0x003f,0xffff,0xffff,0xfff0,0x0000,0x003f,0xc000,0x0000,0x0ff0,0x0000,0x003f,0xc000,0x0000,0x0ff0,0x0000,0x003f,0xc000,0x0000,0x1ff0,0x0000,0x3fff,0xffff,0xffff,
  0xf800,0x003f,0xffff,0xffff,0xfff0,0x0000,0x003f,0xc000,0x0000,0x1ff0,0x0000,0x003f,0xc000,0x0000,0x1ff0,0x0000,0x003f,0xe000,0x0000,0x1ff0,0x0000,0x1fff,0xffff,0xffff,
  0xf800,0x001f,0xffff,0xffff,0xffe0,0x0000,0x001f,0xe000,0x0000,0x3fe0,0x0000,0x001f,0xe000,0x0000,0x3fe0,0x0000,0x001f,0xf000,0x0000,0x3fe0,0x0000,0x1fff,0xffff,0xffff,
  0xf000,0x000f,0xffff,0xffff,0xffe0,0x0000,0x000f,0xf000,0x0000,0x7fe0,0x0000,0x000f,0xf000,0x0000,0x7fe0,0x0000,0x000f,0xf000,0x0000,0x7fe0,0x0000,0x0fff,0xffff,0xffff,
  0xf000,0x0007,0xffff,0xffff,0xffe0,0x0000,0x000f,0xf800,0x0000,0xffe0,0x0000,0x000f,0xf800,0x0000,0xffe0,0x0000,0x000f,0xfc00,0x0000,0xffe0,0x0000,0x07ff,0xffff,0xffff,
  0xf000,0x0007,0xffff,0xffff,0xffc0,0x0000,0x0007,0xfe00,0x0001,0xffc0,0x0000,0x0007,0xfe00,0x0001,0xffc0,0x0000,0x0007,0xfe00,0x0003,0xffc0,0x0000,0x03ff,0xffff,0xffff,
  0xf000,0x0003,0xffff,0xffff,0xffc0,0x0000,0x0003,0xff00,0x0007,0xffc0,0x0000,0x0003,0xff00,0x0007,0xffc0,0x0000,0x0003,0xff00,0x0007,0xffc0,0x0000,0x01ff,0xffff,0xffff,
  0xe000,0x0001,0xffff,0xffff,0xffc0,0x0000,0x0001,0xffc0,0x000f,0xffc0,0x0000,0x0001,0xffc0,0x001f,0xffc0,0x0000,0x0001,0xffc0,0x001f,0xffc0,0x0000,0x00ff,0xffff,0xffff,
  0xe000,0x0000,0x7fff,0xffff,0xffc0,0x0000,0x0000,0x7ff0,0x003f,0xffc0,0x0000,0x0000,0xfff0,0x007f,0xffc0,0x0000,0x0000,0xfff0,0x003f,0xffc0,0x0000,0x007f,0xffff,0xffff,
  0xe000,0x0000,0x3fff,0xffff,0xffc0,0x0000,0x0000,0x3ffe,0x01ff,0xffc0,0x0000,0x0000,0x3ffe,0x03ff,0xffc0,0x0000,0x0000,0x3fff,0x07ff,0xffc0,0x0000,0x003f,0xffff,0xffff,
  0xe000,0x0000,0x1fff,0xffff,0xffc0,0x0000,0x0000,0x1fff,0xffff,0xffc0,0x0000,0x0000,0x1fff,0xffff,0xffc0,0x0000,0x0000,0x1fff,0xffff,0xffc0,0x0000,0x000f,0xffff,0xffff,
  0xe000,0x0000,0x03ff,0xffff,0xffc0,0x0000,0x0000,0x03ff,0xffff,0xffc0,0x0000,0x0000,0x03ff,0xffff,0xffc0,0x0000,0x0000,0x07ff,0xffff,0xffc0,0x0000,0x0003,0xffff,0xffff,
  0xf000,0x0000,0x00ff,0xffff,0xffc0,0x0000,0x0000,0x00ff,0xffff,0xffc0,0x0000,0x0000,0x00ff,0xffff,0xffc0,0x0000,0x0000,0x00ff,0xffff,0xffc0,0x0000,0x0000,0xffff,0xffff,
  0xf000,0x0000,0x003f,0xffff,0xffe0,0x0000,0x0000,0x003f,0xffff,0xffe0,0x0000,0x0000,0x003f,0xffff,0xffe0,0x0000,0x0000,0x003f,0xffff,0xffe0,0x0000,0x0000,0x1fff,0xffff,
  0xf800,0x0000,0x0007,0xffff,0xffe0,0x0000,0x0000,0x0007,0xffff,0xffe0,0x0000,0x0000,0x000f,0xffff,0xffe0,0x0000,0x0000,0x000f,0xffff,0xffe0,0x0000,0x0000,0x07ff,0xffff,
  0xf800,0x0000,0x0003,0xffff,0xfff0,0x0000,0x0000,0x0003,0xffff,0xfff0,0x0000,0x0000,0x0003,0xffff,0xfff0,0x0000,0x0000,0x0003,0xffff,0xfff0,0x0000,0x0000,0x01ff,0xffff,
  0xfc00,0x0000,0x0000,0xffff,0xfff8,0x0000,0x0000,0x0000,0xffff,0xfff8,0x0000,0x0000,0x0000,0xffff,0xfff8,0x0000,0x0000,0x0000,0xffff,0xfff8,0x0000,0x0000,0x00ff,0xffff,
  0xfe00,0x0000,0x0000,0x7fff,0xfffc,0x0000,0x0000,0x0000,0x7fff,0xfffc,0x0000,0x0000,0x0000,0x7fff,0xfffc,0x0000,0x0000,0x0000,0x7fff,0xfffc,0x0000,0x0000,0x007f,0xffff,
  0xff00,0x0000,0x0000,0x3fff,0xfffe,0x0000,0x0000,0x0000,0x3fff,0xfffe,0x0000,0x0000,0x0000,0x3fff,0xfffe,0x0000,0x0000,0x0000,0x3fff,0xfffe,0x0000,0x0000,0x003f,0xffff,
  0xffc0,0x0000,0x0000,0x1fff,0xffff,0x0000,0x0000,0x0000,0x1fff,0xffff,0x0000,0x0000,0x0000,0x1fff,0xffff,0x0000,0x0000,0x0000,0x1fff,0xffff,0x0000,0x0000,0x001f,0xffff,
  0xffe0,0x0000,0x0000,0x1fff,0xffff,0xc000,0x0000,0x0000,0x1fff,0xffff,0xc000,0x0000,0x0000,0x1fff,0xffff,0xc000,0x0000,0x0000,0x1fff,0xffff,0xc000,0x0000,0x001f,0xffff,
  0xfff8,0x0000,0x0000,0x0fff,0xffff,0xe000,0x0000,0x0000,0x0fff,0xffff,0xe000,0x0000,0x0000,0x0fff,0xffff,0xe000,0x0000,0x0000,0x1fff,0xffff,0xe000,0x0000,0x000f,0xffff,
  0xfffc,0x0000,0x0000,0x0fff,0xffff,0xf800,0x0000,0x0000,0x0fff,0xffff,0xf800,0x0000,0x0000,0x0fff,0xffff,0xf800,0x0000,0x0000,0x0fff,0xffff,0xf000,0x0000,0x000f,0xffff,
  0xfffe,0x0000,0x0000,0x0fff,0xffff,0xfc00,0x0000,0x0000,0x0fff,0xffff,0xfc00,0x0000,0x0000,0x0fff,0xffff,0xfc00,0x0000,0x0000,0x0fff,0xffff,0xfc00,0x0000,0x000f,0xffff,
  0xffff,0x8000,0x0000,0x0fff,0xffff,0xfe00,0x0000,0x0000,0x0fff,0xffff,0xfe00,0x0000,0x0000,0x0fff,0xffff,0xfe00,0x0000,0x0000,0x0fff,0xffff,0xfe00,0x0000,0x000f,0xffff,
  0xffff,0xc000,0x0000,0x0fff,0xffff,0xff00,0x0000,0x0000,0x0fff,0xffff,0xff00,0x0000,0x0000,0x0fff,0xffff,0xff00,0x0000,0x0000,0x0fff,0xffff,0xff00,0x0000,0x000f,0xffff,
  0x0fff,0xe000,0x0000,0x1fff,0xffff,0xffc0,0x0000,0x0000,0x1fff,0xf00f,0xff80,0x0000,0x0000,0x1fff,0xffff,0xff80,0x0000,0x0000,0x1fff,0xf01f,0xff80,0x0000,0x000f,0xfff0,
  0x01ff,0xf000,0x0000,0x1fff,0xffff,0xffe0,0x0000,0x0000,0x1fff,0x8001,0xffc0,0x0000,0x0000,0x1fff,0xffff,0xffc0,0x0000,0x0000,0x1fff,0x8001,0xffc0,0x0000,0x001f,0xff80,
  0x007f,0xf800,0x0000,0x1fff,0xffff,0xfff0,0x0000,0x0000,0x1ffe,0x0000,0x7fe0,0x0000,0x0000,0x1fff,0xffff,0xffe0,0x0000,0x0000,0x1ffe,0x0000,0x7fe0,0x0000,0x001f,0xfe00,
  0x001f,0xfc00,0x0000,0x3fff,0xffff,0xfff0,0x0000,0x0000,0x3ff8,0x0000,0x1ff0,0x0000,0x0000,0x3fff,0xffff,0xfff0,0x0000,0x0000,0x3ff8,0x0000,0x3ff0,0x0000,0x003f,0xf800,
  0x000f,0xfe00,0x0000,0x3fff,0xffff,0xfff8,0x0000,0x0000,0x3ff0,0x0000,0x0ff8,0x0000,0x0000,0x3fff,0xffff,0xfff8,0x0000,0x0000,0x7ff0,0x0000,0x0ff8,0x0000,0x003f,0xf000,
  0x0007,0xfe00,0x0000,0x7fff,0xffff,0xfffc,0x0000,0x0000,0x7fc0,0x0000,0x07fc,0x0000,0x0000,0x7fff,0xffff,0xfffc,0x0000,0x0000,0x7fc0,0x0000,0x07fc,0x0000,0x007f,0xe000,
  0x0003,0xff00,0x0000,0xffff,0xffff,0xfffe,0x0000,0x0000,0xff80,0x0000,0x03fe,0x0000,0x0000,0xffff,0xffff,0xfffe,0x0000,0x0000,0xff80,0x0000,0x03fe,0x0000,0x007f,0xc000,
  0x0001,0xff80,0x0000,0xffff,0xffff,0xfffe,0x0000,0x0000,0xff00,0x0000,0x01fe,0x0000,0x0000,0xffff,0xffff,0xfffe,0x0000,0x0000,0xff00,0x0000,0x01fe,0x0000,0x00ff,0x8000,
  0x0000,0xffc0,0x0001,0xffff,0xffff,0xffff,0x0000,0x0001,0xff00,0x0000,0x00ff,0x0000,0x0001,0xffff,0xffff,0xffff,0x0000,0x0001,0xfe00,0x0000,0x00ff,0x0000,0x01ff,0x0000,
  0x0000,0x7fc0,0x0003,0xffff,0xffff,0xffff,0x8000,0x0003,0xfe00,0x0000,0x007f,0x8000,0x0003,0xffff,0xffff,0xffff,0x8000,0x0003,0xfe00,0x0000,0x007f,0x8000,0x03fe,0x0000,
  0x0000,0x3fe0,0x0003,0xffff,0xffff,0xffff,0x8000,0x0003,0xfc00,0x0000,0x003f,0x8000,0x0003,0xffff,0xffff,0xffff,0x8000,0x0007,0xfc00,0x0000,0x007f,0x8000,0x03fc,0x0000,
  0x0000,0x1fe0,0x0007,0xffff,0xffff,0xffff,0xc000,0x0007,0xf800,0x0000,0x003f,0xc000,0x0007,0xffff,0xffff,0xffff,0xc000,0x0007,0xf800,0x0000,0x003f,0xc000,0x07f8,0x0000,
  0x0000,0x1ff0,0x000f,0xffff,0xffff,0xffff,0xc000,0x000f,0xf800,0x0000,0x001f,0xc000,0x000f,0xffff,0xffff,0xffff,0xc000,0x000f,0xf800,0x0000,0x001f,0xc000,0x0ff8,0x0000,
  0x0000,0x0ff0,0x000f,0xffff,0xffff,0xffff,0xe000,0x000f,0xf000,0x0000,0x000f,0xe000,0x000f,0xffff,0xffff,0xffff,0xe000,0x001f,0xf000,0x0000,0x001f,0xe000,0x0ff0,0x0000,
  0x0000,0x0ff8,0x001f,0xffff,0xffff,0xffff,0xe000,0x001f,0xe000,0x0000,0x000f,0xe000,0x001f,0xffff,0xffff,0xffff,0xe000,0x001f,0xe000,0x0000,0x000f,0xe000,0x1ff0,0x0000,
  0x0000,0x07f8,0x001f,0xffff,0xffff,0xffff,0xf000,0x003f,0xe000,0x0000,0x0007,0xf000,0x003f,0xffff,0xffff,0xffff,0xe000,0x003f,0xe000,0x0000,0x0007,0xe000,0x1fe0,0x0000,
  0x0000,0x07f8,0x003f,0xffff,0xffff,0xffff,0xf000,0x003f,0xc000,0x0000,0x0007,0xf000,0x003f,0xffff,0xffff,0xffff,0xf000,0x003f,0xc000,0x0000,0x0007,0xf000,0x3fe0,0x0000,
  0x0000,0x03fc,0x003f,0xffff,0xffff,0xffff,0xf000,0x003f,0xc000,0x0000,0x0003,0xf000,0x003f,0xffff,0xffff,0xffff,0xf000,0x003f,0xc000,0x0000,0x0003,0xf000,0x3fc0,0x0000,
  0x0000,0x03fc,0x007f,0xffff,0xffff,0xffff,0xf800,0x007f,0xc000,0x0000,0x0003,0xf800,0x007f,0xffff,0xffff,0xffff,0xf000,0x007f,0x8000,0x0000,0x0003,0xf000,0x3fc0,0x0000,
  0x0000,0x01fc,0x007f,0xffff,0xffff,0xffff,0xf800,0x007f,0x8000,0x0000,0x0003,0xf800,0x007f,0xffff,0xffff,0xffff,0xf800,0x007f,0x8000,0x0000,0x0003,0xf800,0x7f80,0x0000,
  0x0000,0x01fe,0x007f,0xffff,0xffff,0xffff,0xf800,0x007f,0x8000,0x0000,0x0001,0xf800,0x007f,0xffff,0xffff,0xffff,0xf800,0x007f,0x8000,0x0000,0x0001,0xf800,0x7f80,0x0000,
  0x0000,0x01fe,0x007f,0xffff,0xffff,0xffff,0xf800,0x007f,0x0000,0x0000,0x0001,0xf800,0x007f,0xffff,0xffff,0xffff,0xf800,0x007f,0x0000,0x0000,0x0001,0xf800,0x7f00,0x0000,
  0x0000,0x00fe,0x007f,0xffff,0xffff,0xffff,0xfc00,0x007f,0x0000,0x0000,0x0000,0xfc00,0x007f,0xffff,0xffff,0xffff,0xfc00,0x007f,0x0000,0x0000,0x0001,0xfc00,0x7f00,0x0000,
  0x0000,0x00fe,0x00ff,0xffff,0xffff,0xffff,0xfc00,0x00ff,0x0000,0x0000,0x0000,0xfc00,0x00ff,0xffff,0xffff,0xffff,0xfc00,0x00ff,0x0000,0x0000,0x0000,0xfc00,0x7f00,0x0000,
  0x0000,0x00ff,0x00ff,0xffff,0xffff,0xffff,0xfc00,0x00fe,0x0000,0x0000,0x0000,0xfc00,0x00ff,0xffff,0xffff,0xffff,0xfc00,0x00fe,0x0000,0x0000,0x0000,0xfc00,0xff00,0x0000,
  0x0000,0x007f,0x00ff,0xffff,0xffff,0xffff,0xfc00,0x00fe,0x0000,0x0000,0x0000,0xfc00,0x00ff,0xffff,0xffff,0xffff,0xfc00,0x00fe,0x0000,0x0000,0x0000,0xfc00,0xfe00,0x0000,
  0x0000,0x007f,0x00ff,0xffff,0xffff,0xffff,0xfc00,0x00fe,0x0000,0x0000,0x0000,0x7c00,0x00ff,0xffff,0xffff,0xffff,0xfc00,0x00fe,0x0000,0x0000,0x0000,0x7c00,0xfe00,0x0000,
  0x0000,0x007f,0x00ff,0xffff,0xffff,0xffff,0xfe00,0x00fe,0x0000,0x0000,0x0000,0x7e00,0x00ff,0xffff,0xffff,0xffff,0xfe00,0x00fe,0x0000,0x0000,0x0000,0x7c00,0xfe00,0x0000,
  0x0000,0x007f,0x00ff,0xffff,0xffff,0xffff,0xfe00,0x00fc,0x0000,0x0000,0x0000,0x7e00,0x00ff,0xffff,0xffff,0xffff,0xfe00,0x00fc,0x0000,0x0000,0x0000,0x7e00,0xfe00,0x0000,
  0x0000,0x003f,0x00ff,0xffff,0xffff,0xffff,0xfe00,0x00fc,0x0000,0x0000,0x0000,0x7e00,0x00ff,0xffff,0xffff,0xffff,0xfe00,0x00fc,0x0000,0x0000,0x0000,0x7e00,0xfc00,0x0000,
  0x0000,0x003f,0x00ff,0xffff,0xffff,0xffff,0xfe00,0x00fc,0x0000,0x0000,0x0000,0x3e00,0x00ff,0xffff,0xffff,0xffff,0xfe00,0x00fc,0x0000,0x0000,0x0000,0x7e00,0xfc00,0x0000,
  0x0000,0x003f,0x80ff,0xffff,0xffff,0xffff,0xfe00,0x00fc,0x0000,0x0000,0x0000,0x3e00,0x00ff,0xffff,0xffff,0xffff,0xfe00,0x00fc,0x0000,0x0000,0x0000,0x3e00,0xfc00,0x0000,
  0x0000,0x003f,0x80ff,0xffff,0xffff,0xffff,0xfe00,0x00fc,0x0000,0x0000,0x0000,0x3e00,0x00ff,0xffff,0xffff,0xffff,0xfe00,0x00fc,0x0000,0x0000,0x0000,0x3e00,0xfc00,0x0000,
  0x0000,0x003f,0x80ff,0xffff,0xffff,0xffff,0xfe00,0x00fc,0x0000,0x0000,0x0000,0x3e00,0x00ff,0xffff,0xffff,0xffff,0xfe00,0x00fc,0x0000,0x0000,0x0000,0x3e00,0xfc00,0x0000,
  0x0000,0x003f,0x80ff,0xffff,0xffff,0xffff,0xfe00,0x00fc,0x0000,0x0000,0x0000,0x3e00,0x00ff,0xffff,0xffff,0xffff,0xfe00,0x00fc,0x0000,0x0000,0x0000,0x3e00,0xfc00,0x0000,
  0x0000,0x003f,0x80ff,0xffff,0xffff,0xffff,0xfe00,0x00f8,0x0000,0x0000,0x0000,0x3e00,0x00ff,0xffff,0xffff,0xffff,0xfe00,0x00f8,0x0000,0x0000,0x0000,0x3e00,0xfc00,0x0000,
  0x0000,0x003f,0x80ff,0xffff,0xffff,0xffff,0xfe00,0x00f8,0x0000,0x0000,0x0000,0x3e00,0x00ff,0xffff,0xffff,0xffff,0xfe00,0x00f8,0x0000,0x0000,0x0000,0x3e00,0xfc00,0x0000,
  0x0000,0x003f,0x80ff,0xffff,0xffff,0xffff,0xfe00,0x00f8,0x0000,0x0000,0x0000,0x3e00,0x00ff,0xffff,0xffff,0xffff,0xfe00,0x00f8,0x0000,0x0000,0x0000,0x3e00,0xfc00,0x0000,
  0x0000,0x003f,0x80ff,0xffff,0xffff,0xffff,0xfe00,0x00f8,0x0000,0x0000,0x0000,0x3e00,0x00ff,0xffff,0xffff,0xffff,0xfe00,0x00f8,0x0000,0x0000,0x0000,0x3e00,0xfc00,0x0000,
  0x0000,0x003f,0x80ff,0xffff,0xffff,0xffff,0xff00,0x00f8,0x0000,0x0000,0x0000,0x3e00,0x00ff,0xffff,0xffff,0xffff,0xff00,0x00f8,0x0000,0x0000,0x0000,0x3e00,0xfc00,0x0000,
  0x0000,0x003f,0x80ff,0xffff,0xffff,0xffff,0xff00,0x00f8,0x0000,0x0000,0x0000,0x3f00,0x00ff,0xffff,0xffff,0xffff,0xff00,0x00f8,0x0000,0x0000,0x0000,0x3e00,0xfc00,0x0000,
  0x0000,0x003f,0x80ff,0xffff,0xffff,0xffff,0xff00,0x00f8,0x0000,0x0000,0x0000,0x3f00,0x00ff,0xffff,0xffff,0xffff,0xff00,0x00f8,0x0000,0x0000,0x0000,0x3e00,0xfc00,0x0000,
  0x0000,0x003f,0x80ff,0xffff,0xffff,0xffff,0xff00,0x00f8,0x0000,0x0000,0x0000,0x3f00,0x00ff,0xffff,0xffff,0xffff,0xff00,0x00f8,0x0000,0x0000,0x0000,0x3e00,0xfc00,0x0000,
  0x0000,0x003f,0x80ff,0xffff,0xffff,0xffff,0xff00,0x00f8,0x0000,0x0000,0x0000,0x3f00,0x00ff,0xffff,0xffff,0xffff,0xff00,0x00f8,0x0000,0x0000,0x0000,0x3e00,0xfc00,0x0000,
  0x0000,0x003f,0x80ff,0xffff,0xffff,0xffff,0xff00,0x00f8,0x0000,0x0000,0x0000,0x3f00,0x00ff,0xffff,0xffff,0xffff,0xff00,0x00f8,0x0000,0x0000,0x0000,0x3e00,0xfc00,0x0000,
  0x0000,0x003f,0x80ff,0xffff,0xffff,0xffff,0xfe00,0x00fc,0x0000,0x0000,0x0000,0x3e00,0x00ff,0xffff,0xffff,0xffff,0xfe00,0x00fc,0x0000,0x0000,0x0000,0x3e00,0xfc00,0x0000,
  0x0000,0x003f,0x80ff,0xffff,0xffff,0xffff,0xfe00,0x00fc,0x0000,0x0000,0x0000,0x3e00,0x00ff,0xffff,0xffff,0xffff,0xfe00,0x00fc,0x0000,0x0000,0x0000,0x3e00,0x7c00,0x0000,
  0x0000,0x003f,0x807f,0xffff,0xffff,0xffff,0xfe00,0x007c,0x0000,0x0000,0x0000,0x3e00,0x007f,0xffff,0xffff,0xffff,0xfe00,0x007c,0x0000,0x0000,0x0000,0x3e00,0x7c00,0x0000,
  0x0000,0x003f,0x807f,0xffff,0xffff,0xffff,0xfe00,0x007c,0x0000,0x0000,0x0000,0x3e00,0x007f,0xffff,0xffff,0xffff,0xfe00,0x007c,0x0000,0x0000,0x0000,0x3e00,0x7c00,0x0000,
  0x0000,0x003f,0x807f,0xffff,0xffff,0xffff,0xfe00,0x007c,0x0000,0x0000,0x0000,0x3e00,0x007f,0xffff,0xffff,0xffff,0xfe00,0x007c,0x0000,0x0000,0x0000,0x7e00,0x7c00,0x0000,
  0x0000,0x003f,0x807f,0xffff,0xffff,0xffff,0xfe00,0x007c,0x0000,0x0000,0x0000,0x7e00,0x007f,0xffff,0xffff,0xffff,0xfe00,0x007c,0x0000,0x0000,0x0000,0x7e00,0x7c00,0x0000,
  0x0000,0x007f,0x807f,0xffff,0xffff,0xffff,0xfe00,0x007c,0x0000,0x0000,0x0000,0x7e00,0x007f,0xffff,0xffff,0xffff,0xfe00,0x007c,0x0000,0x0000,0x0000,0x7e00,0x7e00,0x0000,
  0x0000,0x007f,0x803f,0xffff,0xffff,0xffff,0xfe00,0x007e,0x0000,0x0000,0x0000,0x7e00,0x007f,0xffff,0xffff,0xffff,0xfe00,0x007e,0x0000,0x0000,0x0000,0x7e00,0x3e00,0x0000,
  0x0000,0x007f,0x003f,0xffff,0xffff,0xffff,0xfe00,0x003e,0x0000,0x0000,0x0000,0x7e00,0x003f,0xffff,0xffff,0xffff,0xfe00,0x003e,0x0000,0x0000,0x0000,0x7e00,0x3e00,0x0000,
  0x0000,0x007f,0x003f,0xffff,0xffff,0xffff,0xfe00,0x003e,0x0000,0x0000,0x0000,0xfe00,0x003f,0xffff,0xffff,0xffff,0xfe00,0x003e,0x0000,0x0000,0x0000,0xfe00,0x3e00,0x0000,
  0x0000,0x00ff,0x003f,0xffff,0xffff,0xffff,0xfe00,0x003e,0x0000,0x0000,0x0000,0xfe00,0x003f,0xffff,0xffff,0xffff,0xfe00,0x003e,0x0000,0x0000,0x0000,0xfe00,0x3f00,0x0000,
  0x0000,0x00ff,0x001f,0xffff,0xffff,0xffff,0xfe00,0x001f,0x0000,0x0000,0x0000,0xfe00,0x003f,0xffff,0xffff,0xffff,0xfc00,0x003f,0x0000,0x0000,0x0000,0xfc00,0x1f00,0x0000,
  0x0000,0x00ff,0x001f,0xffff,0xffff,0xffff,0xfc00,0x001f,0x0000,0x0000,0x0000,0xfc00,0x001f,0xffff,0xffff,0xffff,0xfc00,0x001f,0x0000,0x0000,0x0001,0xfc00,0x1f00,0x0000,
  0x0000,0x00ff,0x001f,0xffff,0xffff,0xffff,0xfc00,0x001f,0x0000,0x0000,0x0001,0xfc00,0x001f,0xffff,0xffff,0xffff,0xfc00,0x001f,0x0000,0x0000,0x0001,0xfc00,0x1f80,0x0000,
  0x0000,0x01fe,0x001f,0xffff,0xffff,0xffff,0xfc00,0x001f,0x8000,0x0000,0x0001,0xfc00,0x001f,0xffff,0xffff,0xffff,0xfc00,0x001f,0x8000,0x0000,0x0001,0xfc00,0x0f80,0x0000,
  0x0000,0x01fe,0x000f,0xffff,0xffff,0xffff,0xf800,0x000f,0x8000,0x0000,0x0001,0xf800,0x000f,0xffff,0xffff,0xffff,0xf800,0x000f,0x8000,0x0000,0x0003,0xf800,0x0f80,0x0000,
  0x0000,0x03fc,0x000f,0xffff,0xffff,0xffff,0xf800,0x000f,0xc000,0x0000,0x0003,0xf800,0x000f,0xffff,0xffff,0xffff,0xf800,0x000f,0x8000,0x0000,0x0003,0xf800,0x0fc0,0x0000,
  0x0000,0x03fc,0x000f,0xffff,0xffff,0xffff,0xf800,0x000f,0xc000,0x0000,0x0003,0xf800,0x000f,0xffff,0xffff,0xffff,0xf000,0x000f,0xc000,0x0000,0x0003,0xf000,0x07c0,0x0000,
  0x0000,0x07fc,0x0007,0xffff,0xffff,0xffff,0xf000,0x0007,0xc000,0x0000,0x0007,0xf000,0x0007,0xffff,0xffff,0xffff,0xf000,0x0007,0xc000,0x0000,0x0007,0xf000,0x07e0,0x0000,
  0x0000,0x07f8,0x0007,0xffff,0xffff,0xffff,0xf000,0x0007,0xe000,0x0000,0x0007,0xe000,0x0007,0xffff,0xffff,0xffff,0xe000,0x0007,0xe000,0x0000,0x0007,0xe000,0x07e0,0x0000,
  0x0000,0x0ff0,0x0003,0xffff,0xffff,0xffff,0xe000,0x0003,0xe000,0x0000,0x000f,0xe000,0x0003,0xffff,0xffff,0xffff,0xe000,0x0003,0xe000,0x0000,0x000f,0xe000,0x03f0,0x0000,
  0x0000,0x0ff0,0x0003,0xffff,0xffff,0xffff,0xc000,0x0003,0xf000,0x0000,0x000f,0xc000,0x0003,0xffff,0xffff,0xffff,0xc000,0x0003,0xf000,0x0000,0x001f,0xc000,0x03f0,0x0000,
  0x0000,0x1fe0,0x0001,0xffff,0xffff,0xffff,0xc000,0x0003,0xf800,0x0000,0x001f,0xc000,0x0003,0xffff,0xffff,0xffff,0xc000,0x0003,0xf800,0x0000,0x001f,0x8000,0x01f8,0x0000,
  0x0000,0x1fc0,0x0001,0xffff,0xffff,0xffff,0x8000,0x0001,0xf800,0x0000,0x003f,0x8000,0x0001,0xffff,0xffff,0xffff,0x8000,0x0001,0xf800,0x0000,0x003f,0x8000,0x01f8,0x0000,
  0x0000,0x3f80,0x0000,0xffff,0xffff,0xffff,0x0000,0x0001,0xfc00,0x0000,0x003f,0x0000,0x0001,0xffff,0xffff,0xffff,0x0000,0x0001,0xfc00,0x0000,0x007f,0x0000,0x00fc,0x0000,
  0x0000,0x7f00,0x0000,0xffff,0xffff,0xfffe,0x0000,0x0000,0xfe00,0x0000,0x007e,0x0000,0x0000,0xffff,0xffff,0xfffe,0x0000,0x0000,0xfe00,0x0000,0x007e,0x0000,0x00fe,0x0000,
  0x0000,0xfe00,0x0000,0x7fff,0xffff,0xfffc,0x0000,0x0000,0x7f00,0x0000,0x00fc,0x0000,0x0000,0x7fff,0xffff,0xfffc,0x0000,0x0000,0x7f00,0x0000,0x00fc,0x0000,0x007f,0x0000,
  0x0001,0xfc00,0x0000,0x7fff,0xffff,0xfff8,0x0000,0x0000,0x7f00,0x0000,0x01f8,0x0000,0x0000,0x7fff,0xffff,0xfff8,0x0000,0x0000,0x7f00,0x0000,0x01f8,0x0000,0x003f,0x8000,
  0x0003,0xf800,0x0000,0x3fff,0xffff,0xfff0,0x0000,0x0000,0x3f80,0x0000,0x03f0,0x0000,0x0000,0x3fff,0xffff,0xfff0,0x0000,0x0000,0x3f80,0x0000,0x03f0,0x0000,0x003f,0xc000,
  0x0007,0xf000,0x0000,0x1fff,0xffff,0xffe0,0x0000,0x0000,0x1fc0,0x0000,0x07e0,0x0000,0x0000,0x1fff,0xffff,0xffe0,0x0000,0x0000,0x1fc0,0x0000,0x07e0,0x0000,0x001f,0xe000,
  0x000f,0xe000,0x0000,0x0fff,0xffff,0xffc0,0x0000,0x0000,0x0ff0,0x0000,0x0fc0,0x0000,0x0000,0x0fff,0xffff,0xff80,0x0000,0x0000,0x0ff0,0x0000,0x0f80,0x0000,0x000f,0xf000,
  0x001f,0xc000,0x0000,0x07ff,0xffff,0xff00,0x0000,0x0000,0x07f8,0x0000,0x1f00,0x0000,0x0000,0x07ff,0xffff,0xff00,0x0000,0x0000,0x07f8,0x0000,0x3f00,0x0000,0x0003,0xf800,
  0x007f,0x0000,0x0000,0x01ff,0xffff,0xfe00,0x0000,0x0000,0x03fe,0x0000,0x7e00,0x0000,0x0000,0x03ff,0xffff,0xfe00,0x0000,0x0000,0x03fe,0x0000,0x7e00,0x0000,0x0001,0xfe00,
  0x01fe,0x0000,0x0000,0x00ff,0xffff,0xfc00,0x0000,0x0000,0x00ff,0x8001,0xfc00,0x0000,0x0000,0x00ff,0xffff,0xfc00,0x0000,0x0000,0x00ff,0x8001,0xfc00,0x0000,0x0000,0xff80,
  0x0ffc,0x0000,0x0000,0x007f,0xffff,0xf000,0x0000,0x0000,0x007f,0xf00f,0xf000,0x0000,0x0000,0x007f,0xffff,0xf000,0x0000,0x0000,0x007f,0xf01f,0xf000,0x0000,0x0000,0x7ff0,
  0xfff0,0x0000,0x0000,0x007f,0xffff,0xe000,0x0000,0x0000,0x007f,0xffff,0xe000,0x0000,0x0000,0x007f,0xffff,0xe000,0x0000,0x0000,0x007f,0xffff,0xe000,0x0000,0x0000,0x3fff,
  0xffe0,0x0000,0x0000,0x003f,0xffff,0xc000,0x0000,0x0000,0x003f,0xffff,0xc000,0x0000,0x0000,0x003f,0xffff,0xc000,0x0000,0x0000,0x003f,0xffff,0x8000,0x0000,0x0000,0x3fff,
  0xffc0,0x0000,0x0000,0x003f,0xffff,0x0000,0x0000,0x0000,0x003f,0xffff,0x0000,0x0000,0x0000,0x003f,0xffff,0x0000,0x0000,0x0000,0x003f,0xffff,0x0000,0x0000,0x0000,0x3fff,
  0xff80,0x0000,0x0000,0x003f,0xfffe,0x0000,0x0000,0x0000,0x003f,0xfffe,0x0000,0x0000,0x0000,0x003f,0xfffe,0x0000,0x0000,0x0000,0x003f,0xfffe,0x0000,0x0000,0x0000,0x3fff,
  0xfe00,0x0000,0x0000,0x003f,0xfffc,0x0000,0x0000,0x0000,0x003f,0xfffc,0x0000,0x0000,0x0000,0x003f,0xfffc,0x0000,0x0000,0x0000,0x003f,0xfffc,0x0000,0x0000,0x0000,0x3fff,
  0xfc00,0x0000,0x0000,0x007f,0xfff8,0x0000,0x0000,0x0000,0x007f,0xfff8,0x0000,0x0000,0x0000,0x007f,0xfff8,0x0000,0x0000,0x0000,0x007f,0xfff8,0x0000,0x0000,0x0000,0x7fff,
  0xfc00,0x0000,0x0000,0x00ff,0xfff0,0x0000,0x0000,0x0000,0x00ff,0xfff0,0x0000,0x0000,0x0000,0x00ff,0xfff0,0x0000,0x0000,0x0000,0x00ff,0xfff0,0x0000,0x0000,0x0000,0xffff,
  0xf800,0x0000,0x0000,0x07ff,0xffe0,0x0000,0x0000,0x0000,0x07ff,0xffe0,0x0000,0x0000,0x0000,0x07ff,0xffe0,0x0000,0x0000,0x0000,0x07ff,0xffe0,0x0000,0x0000,0x0007,0xffff,
  0xf000,0x0000,0x0000,0x7fff,0xffe0,0x0000,0x0000,0x0000,0x7fff,0xffe0,0x0000,0x0000,0x0000,0x7fff,0xffe0,0x0000,0x0000,0x0000,0x7fff,0xffe0,0x0000,0x0000,0x007f,0xffff,
  0xe000,0x0000,0x001f,0xffff,0xffc0,0x0000,0x0000,0x001f,0xffff,0xffc0,0x0000,0x0000,0x001f,0xffff,0xffc0,0x0000,0x0000,0x001f,0xffff,0xffc0,0x0000,0x0000,0x1fff,0xffff,
  0xe000,0x0000,0x01ff,0xffff,0xff80,0x0000,0x0000,0x01ff,0xffff,0xff80,0x0000,0x0000,0x01ff,0xffff,0xff80,0x0000,0x0000,0x01ff,0xffff,0xff80,0x0000,0x0001,0xffff,0xffff,
  0xe000,0x0000,0x07ff,0xffff,0xff80,0x0000,0x0000,0x07ff,0xffff,0xff80,0x0000,0x0000,0x07ff,0xffff,0xff80,0x0000,0x0000,0x07ff,0xffff,0xff80,0x0000,0x0007,0xffff,0xffff,
  0xc000,0x0000,0x0fff,0xffff,0xff80,0x0000,0x0000,0x0fff,0xffff,0xff80,0x0000,0x0000,0x0fff,0xffff,0xff80,0x0000,0x0000,0x0fff,0xffff,0xff80,0x0000,0x000f,0xffff,0xffff,
  0xc000,0x0000,0x1fff,0xffff,0xff80,0x0000,0x0000,0x1fff,0xffff,0xff80,0x0000,0x0000,0x1fff,0xffff,0xff80,0x0000,0x0000,0x1fff,0xffff,0xff80,0x0000,0x001f,0xffff,0xffff,
  0xc000,0x0000,0x3fff,0xffff,0xff80,0x0000,0x0000,0x3fff,0xffff,0xff80,0x0000,0x0000,0x3fff,0xffff,0xff80,0x0000,0x0000,0x3fff,0xffff,0xff80,0x0000,0x003f,0xffff,0xffff,
  0xc000,0x0000,0x7fff,0xffff,0xff80,0x0000,0x0000,0x7fff,0xffff,0xff80,0x0000,0x0000,0x7fff,0xffff,0xff80,0x0000,0x0000,0x7fff,0xffff,0xff80,0x0000,0x007f,0xffff,0xffff,
  0xe000,0x0000,0xfffe,0x01ff,0xff80,0x0000,0x0000,0xffff,0xffff,0xff80,0x0000,0x0000,0xfffe,0x01ff,0xff80,0x0000,0x0000,0xffff,0x07ff,0xff80,0x0000,0x00ff,0xfe01,0xffff,
  0xe000,0x0001,0xfff0,0x003f,0xff80,0x0000,0x0001,0xffff,0xffff,0xff80,0x0000,0x0001,0xfff0,0x003f,0xff80,0x0000,0x0001,0xfff0,0x003f,0xff80,0x0000,0x01ff,0xf000,0x3fff,
  0xe000,0x0003,0xffc0,0x000f,0xffc0,0x0000,0x0003,0xffff,0xffff,0xffc0,0x0000,0x0003,0xffc0,0x000f,0xffc0,0x0000,0x0003,0xffc0,0x001f,0xffc0,0x0000,0x03ff,0xc000,0x0fff,
  0xf000,0x0007,0xff00,0x0007,0xffc0,0x0000,0x0007,0xffff,0xffff,0xffc0,0x0000,0x0007,0xff00,0x0007,0xffc0,0x0000,0x0007,0xff00,0x0007,0xffc0,0x0000,0x07ff,0x0000,0x03ff,
  0xf000,0x0007,0xfe00,0x0001,0xffe0,0x0000,0x0007,0xffff,0xffff,0xffc0,0x0000,0x000f,0xfe00,0x0001,0xffe0,0x0000,0x000f,0xfe00,0x0003,0xffc0,0x0000,0x07fe,0x0000,0x01ff,
  0xf000,0x000f,0xf800,0x0000,0xffe0,0x0000,0x000f,0xffff,0xffff,0xffe0,0x0000,0x000f,0xf800,0x0000,0xffe0,0x0000,0x000f,0xfc00,0x0000,0xffe0,0x0000,0x0ffc,0x0000,0x00ff,
  0xf800,0x001f,0xf000,0x0000,0x7fe0,0x0000,0x001f,0xffff,0xffff,0xffe0,0x0000,0x001f,0xf000,0x0000,0x7fe0,0x0000,0x001f,0xf000,0x0000,0x7fe0,0x0000,0x1ff8,0x0000,0x007f,
  0xf800,0x001f,0xe000,0x0000,0x3ff0,0x0000,0x001f,0xffff,0xffff,0xfff0,0x0000,0x001f,0xe000,0x0000,0x3ff0,0x0000,0x001f,0xf800,0x0000,0x3ff0,0x0000,0x1ff0,0x0000,0x003f,
  0xfc00,0x003f,0xc000,0x0000,0x1ff0,0x0000,0x003f,0xffff,0xffff,0xfff0,0x0000,0x003f,0xc000,0x0000,0x1ff0,0x0000,0x003f,0xe000,0x0000,0x1ff0,0x0000,0x3fe0,0x0000,0x001f,
  0xfc00,0x003f,0xc000,0x0000,0x0ff8,0x0000,0x003f,0xffff,0xffff,0xfff8,0x0000,0x007f,0xc000,0x0000,0x0ff8,0x0000,0x007f,0xc000,0x0000,0x1ff8,0x0000,0x3fc0,0x0000,0x000f,
  0xfe00,0x007f,0x8000,0x0000,0x0ff8,0x0000,0x007f,0xffff,0xffff,0xfff8,0x0000,0x007f,0x8000,0x0000,0x0ff8,0x0000,0x007f,0x8000,0x0000,0x0ff8,0x0000,0x7f80,0x0000,0x0007,
  0xfe00,0x007f,0x0000,0x0000,0x07fc,0x0000,0x007f,0xffff,0xffff,0xfffc,0x0000,0x007f,0x0000,0x0000,0x07fc,0x0000,0x007f,0x0000,0x0000,0x07fc,0x0000,0x7f00,0x0000,0x0007,
  0xff00,0x00ff,0x0000,0x0000,0x03fc,0x0000,0x00ff,0xffff,0xffff,0xfffc,0x0000,0x00fe,0x0000,0x0000,0x03fc,0x0000,0x00ff,0x0000,0x0000,0x07fc,0x0000,0xff00,0x0000,0x0003,
  0xff00,0x00fe,0x0000,0x0000,0x03fe,0x0000,0x00ff,0xffff,0xffff,0xfffe,0x0000,0x00fe,0x0000,0x0000,0x03fe,0x0000,0x00fe,0x0000,0x0000,0x03fc,0x0000,0xfe00,0x0000,0x0001,
  0xff00,0x01fc,0x0000,0x0000,0x01fe,0x0000,0x01ff,0xffff,0xffff,0xfffe,0x0000,0x01fc,0x0000,0x0000,0x01fe,0x0000,0x01fc,0x0000,0x0000,0x01fe,0x0000,0xfe00,0x0000,0x0001,
  0xff80,0x01fc,0x0000,0x0000,0x00fe,0x0000,0x01ff,0xffff,0xffff,0xfffe,0x0000,0x01fc,0x0000,0x0000,0x01fe,0x0000,0x01fc,0x0000,0x0000,0x01fe,0x0001,0xfc00,0x0000,0x0000,
  0xff80,0x01f8,0x0000,0x0000,0x00ff,0x0000,0x01ff,0xffff,0xffff,0xffff,0x0000,0x01f8,0x0000,0x0000,0x00ff,0x0000,0x01f8,0x0000,0x0000,0x00ff,0x0001,0xf800,0x0000,0x0000,
  0x7f80,0x03f8,0x0000,0x0000,0x007f,0x0000,0x03ff,0xffff,0xffff,0xffff,0x0000,0x03f8,0x0000,0x0000,0x00ff,0x0000,0x03f8,0x0000,0x0000,0x00ff,0x0001,0xf800,0x0000,0x0000,
  0x7fc0,0x03f0,0x0000,0x0000,0x007f,0x0000,0x03ff,0xffff,0xffff,0xffff,0x0000,0x03f0,0x0000,0x0000,0x007f,0x0000,0x03f0,0x0000,0x0000,0x007f,0x0003,0xf800,0x0000,0x0000,
  0x3fc0,0x03f0,0x0000,0x0000,0x007f,0x8000,0x03ff,0xffff,0xffff,0xffff,0x8000,0x03f0,0x0000,0x0000,0x007f,0x8000,0x03f0,0x0000,0x0000,0x007f,0x8003,0xf000,0x0000,0x0000,
  0x3fc0,0x03f0,0x0000,0x0000,0x003f,0x8000,0x03ff,0xffff,0xffff,0xffff,0x8000,0x03f0,0x0000,0x0000,0x003f,0x8000,0x07f0,0x0000,0x0000,0x003f,0x8003,0xf000,0x0000,0x0000,
  0x3fc0,0x07e0,0x0000,0x0000,0x003f,0x8000,0x07ff,0xffff,0xffff,0xffff,0x8000,0x07e0,0x0000,0x0000,0x003f,0x8000,0x07e0,0x0000,0x0000,0x003f,0x8003,0xe000,0x0000,0x0000,
  0x1fe0,0x07e0,0x0000,0x0000,0x003f,0x8000,0x07ff,0xffff,0xffff,0xffff,0x8000,0x07e0,0x0000,0x0000,0x003f,0x8000,0x07e0,0x0000,0x0000,0x003f,0x8007,0xe000,0x0000,0x0000,
  0x1fe0,0x07e0,0x0000,0x0000,0x001f,0x8000,0x07ff,0xffff,0xffff,0xffff,0x8000,0x07e0,0x0000,0x0000,0x001f,0x8000,0x07e0,0x0000,0x0000,0x001f,0x8007,0xe000,0x0000,0x0000,
  0x1fe0,0x07c0,0x0000,0x0000,0x001f,0xc000,0x07ff,0xffff,0xffff,0xffff,0xc000,0x07c0,0x0000,0x0000,0x001f,0xc000,0x07c0,0x0000,0x0000,0x001f,0xc007,0xc000,0x0000,0x0000,
  0x0fe0,0x07c0,0x0000,0x0000,0x001f,0xc000,0x07ff,0xffff,0xffff,0xffff,0xc000,0x07c0,0x0000,0x0000,0x001f,0xc000,0x0fc0,0x0000,0x0000,0x001f,0xc007,0xc000,0x0000,0x0000,
  0x0fe0,0x0fc0,0x0000,0x0000,0x000f,0xc000,0x0fff,0xffff,0xffff,0xffff,0xc000,0x0fc0,0x0000,0x0000,0x000f,0xc000,0x0fc0,0x0000,0x0000,0x001f,0xc007,0xc000,0x0000,0x0000,
  0x0fe0,0x0fc0,0x0000,0x0000,0x000f,0xc000,0x0fff,0xffff,0xffff,0xffff,0xc000,0x0f80,0x0000,0x0000,0x000f,0xc000,0x0fc0,0x0000,0x0000,0x000f,0xc007,0xc000,0x0000,0x0000,
  0x0ff0,0x0f80,0x0000,0x0000,0x000f,0xc000,0x0fff,0xffff,0xffff,0xffff,0xc000,0x0f80,0x0000,0x0000,0x000f,0xc000,0x0f80,0x0000,0x0000,0x000f,0xc00f,0xc000,0x0000,0x0000,
  0x07f0,0x0f80,0x0000,0x0000,0x000f,0xc000,0x0fff,0xffff,0xffff,0xffff,0xc000,0x0f80,0x0000,0x0000,0x000f,0xc000,0x0f80,0x0000,0x0000,0x000f,0xc00f,0x8000,0x0000,0x0000,
  0x07f0,0x0f80,0x0000,0x0000,0x000f,0xc000,0x0fff,0xffff,0xffff,0xffff,0xc000,0x0f80,0x0000,0x0000,0x000f,0xc000,0x0f80,0x0000,0x0000,0x000f,0xc00f,0x8000,0x0000,0x0000,
  0x07f0,0x0f80,0x0000,0x0000,0x0007,0xc000,0x0fff,0xffff,0xffff,0xffff,0xc000,0x0f80,0x0000,0x0000,0x000f,0xc000,0x0f80,0x0000,0x0000,0x000f,0xc00f,0x8000,0x0000,0x0000,
  0x07f0,0x0f80,0x0000,0x0000,0x0007,0xe000,0x0fff,0xffff,0xffff,0xffff,0xc000,0x0f80,0x0000,0x0000,0x0007,0xc000,0x0f80,0x0000,0x0000,0x000f,0xc00f,0x8000,0x0000,0x0000,
  0x07f0,0x0f80,0x0000,0x0000,0x0007,0xe000,0x0fff,0xffff,0xffff,0xffff,0xe000,0x0f00,0x0000,0x0000,0x0007,0xe000,0x0f80,0x0000,0x0000,0x0007,0xe00f,0x8000,0x0000,0x0000,
  0x07f0,0x0f80,0x0000,0x0000,0x0007,0xe000,0x0fff,0xffff,0xffff,0xffff,0xe000,0x0f00,0x0000,0x0000,0x0007,0xe000,0x0f80,0x0000,0x0000,0x0007,0xe00f,0x8000,0x0000,0x0000,
  0x07f0,0x0f00,0x0000,0x0000,0x0007,0xe000,0x0fff,0xffff,0xffff,0xffff,0xe000,0x0f00,0x0000,0x0000,0x0007,0xe000,0x0f80,0x0000,0x0000,0x0007,0xe00f,0x8000,0x0000,0x0000,
  0x07f0,0x0f00,0x0000,0x0000,0x0007,0xe000,0x0fff,0xffff,0xffff,0xffff,0xe000,0x0f00,0x0000,0x0000,0x0007,0xe000,0x0f00,0x0000,0x0000,0x0007,0xe00f,0x0000,0x0000,0x0000,
  0x07f0,0x0f00,0x0000,0x0000,0x0007,0xe000,0x0fff,0xffff,0xffff,0xffff,0xe000,0x0f00,0x0000,0x0000,0x0007,0xe000,0x0f00,0x0000,0x0000,0x0007,0xe00f,0x0000,0x0000,0x0000,
  0x07f0,0x0f00,0x0000,0x0000,0x0007,0xe000,0x0fff,0xffff,0xffff,0xffff,0xe000,0x0f00,0x0000,0x0000,0x0007,0xe000,0x0f00,0x0000,0x0000,0x0007,0xe00f,0x0000,0x0000,0x0000,
  0x07f0,0x0f00,0x0000,0x0000,0x0007,0xe000,0x0fff,0xffff,0xffff,0xffff,0xe000,0x0f00,0x0000,0x0000,0x0007,0xe000,0x0f00,0x0000,0x0000,0x0007,0xe00f,0x0000,0x0000,0x0000,
  0x07f0,0x0f00,0x0000,0x0000,0x0007,0xe000,0x0fff,0xffff,0xffff,0xffff,0xe000,0x0f00,0x0000,0x0000,0x0007,0xe000,0x0f00,0x0000,0x0000,0x0007,0xe00f,0x0000,0x0000,0x0000,
  0x07f0,0x0f00,0x0000,0x0000,0x0007,0xe000,0x0fff,0xffff,0xffff,0xffff,0xe000,0x0f00,0x0000,0x0000,0x0007,0xe000,0x0f00,0x0000,0x0000,0x0007,0xe00f,0x0000,0x0000,0x0000,
  0x07f0,0x0f00,0x0000,0x0000,0x0007,0xe000,0x0fff,0xffff,0xffff,0xffff,0xe000,0x0f00,0x0000,0x0000,0x0007,0xe000,0x0f00,0x0000,0x0000,0x0007,0xe00f,0x0000,0x0000,0x0000,
  0x07f0,0x0f00,0x0000,0x0000,0x0007,0xe000,0x0fff,0xffff,0xffff,0xffff,0xe000,0x0f00,0x0000,0x0000,0x0007,0xe000,0x0f00,0x0000,0x0000,0x0007,0xe00f,0x0000,0x0000,0x0000,
  0x07f0,0x0f00,0x0000,0x0000,0x0007,0xe000,0x0fff,0xffff,0xffff,0xffff,0xe000,0x0f00,0x0000,0x0000,0x0007,0xe000,0x0f80,0x0000,0x0000,0x0007,0xe00f,0x8000,0x0000,0x0000,
  0x07f0,0x0f80,0x0000,0x0000,0x0007,0xe000,0x0fff,0xffff,0xffff,0xffff,0xe000,0x0f00,0x0000,0x0000,0x0007,0xe000,0x0f80,0x0000,0x0000,0x0007,0xe00f,0x8000,0x0000,0x0000,
  0x07f0,0x0f80,0x0000,0x0000,0x0007,0xe000,0x0fff,0xffff,0xffff,0xffff,0xe000,0x0f00,0x0000,0x0000,0x0007,0xe000,0x0f80,0x0000,0x0000,0x0007,0xe00f,0x8000,0x0000,0x0000,
  0x07f0,0x0f80,0x0000,0x0000,0x0007,0xe000,0x0fff,0xffff,0xffff,0xffff,0xe000,0x0f80,0x0000,0x0000,0x0007,0xe000,0x0f80,0x0000,0x0000,0x000f,0xe007,0x8000,0x0000,0x0000,
  0x07f0,0x0780,0x0000,0x0000,0x0007,0xe000,0x07ff,0xffff,0xffff,0xffff,0xe000,0x0f80,0x0000,0x0000,0x000f,0xe000,0x0f80,0x0000,0x0000,0x000f,0xe007,0x8000,0x0000,0x0000,
  0x07f0,0x0780,0x0000,0x0000,0x000f,0xe000,0x07ff,0xffff,0xffff,0xffff,0xe000,0x0780,0x0000,0x0000,0x000f,0xe000,0x0780,0x0000,0x0000,0x000f,0xe007,0x8000,0x0000,0x0000,
  0x07f0,0x0780,0x0000,0x0000,0x000f,0xe000,0x07ff,0xffff,0xffff,0xffff,0xe000,0x0780,0x0000,0x0000,0x000f,0xe000,0x0780,0x0000,0x0000,0x000f,0xe007,0x8000,0x0000,0x0000,
  0x0ff0,0x0780,0x0000,0x0000,0x000f,0xe000,0x07ff,0xffff,0xffff,0xffff,0xe000,0x0780,0x0000,0x0000,0x000f,0xc000,0x0780,0x0000,0x0000,0x000f,0xc007,0xc000,0x0000,0x0000,
  0x0ff0,0x07c0,0x0000,0x0000,0x000f,0xc000,0x07ff,0xffff,0xffff,0xffff,0xc000,0x0780,0x0000,0x0000,0x000f,0xc000,0x07c0,0x0000,0x0000,0x000f,0xc007,0xc000,0x0000,0x0000,
  0x0ff0,0x07c0,0x0000,0x0000,0x000f,0xc000,0x07ff,0xffff,0xffff,0xffff,0xc000,0x07c0,0x0000,0x0000,0x000f,0xc000,0x07c0,0x0000,0x0000,0x001f,0xc003,0xc000,0x0000,0x0000,
  0x0fe0,0x03c0,0x0000,0x0000,0x001f,0xc000,0x03ff,0xffff,0xffff,0xffff,0xc000,0x03c0,0x0000,0x0000,0x001f,0xc000,0x07c0,0x0000,0x0000,0x001f,0xc003,0xc000,0x0000,0x0000,
  0x1fe0,0x03c0,0x0000,0x0000,0x001f,0xc000,0x03ff,0xffff,0xffff,0xffff,0xc000,0x03c0,0x0000,0x0000,0x001f,0xc000,0x03c0,0x0000,0x0000,0x001f,0xc003,0xc000,0x0000,0x0000,
  0x1fe0,0x03e0,0x0000,0x0000,0x001f,0xc000,0x03ff,0xffff,0xffff,0xffff,0x8000,0x03e0,0x0000,0x0000,0x001f,0x8000,0x03e0,0x0000,0x0000,0x001f,0x8003,0xe000,0x0000,0x0000,
  0x1fe0,0x03e0,0x0000,0x0000,0x003f,0x8000,0x03ff,0xffff,0xffff,0xffff,0x8000,0x03e0,0x0000,0x0000,0x003f,0x8000,0x03e0,0x0000,0x0000,0x003f,0x8003,0xe000,0x0000,0x0000,
  0x3fc0,0x03e0,0x0000,0x0000,0x003f,0x8000,0x03ff,0xffff,0xffff,0xffff,0x8000,0x03e0,0x0000,0x0000,0x003f,0x8000,0x03e0,0x0000,0x0000,0x003f,0x8001,0xe000,0x0000,0x0000,
  0x3fc0,0x01f0,0x0000,0x0000,0x003f,0x8000,0x01ff,0xffff,0xffff,0xffff,0x8000,0x01f0,0x0000,0x0000,0x003f,0x8000,0x01f0,0x0000,0x0000,0x003f,0x8001,0xf000,0x0000,0x0000,
  0x3fc0,0x01f0,0x0000,0x0000,0x007f,0x0000,0x01ff,0xffff,0xffff,0xffff,0x0000,0x01f0,0x0000,0x0000,0x007f,0x0000,0x01f0,0x0000,0x0000,0x007f,0x0001,0xf000,0x0000,0x0000,
  0x7f80,0x01f0,0x0000,0x0000,0x007f,0x0000,0x01ff,0xffff,0xffff,0xffff,0x0000,0x01f0,0x0000,0x0000,0x007f,0x0000,0x01f0,0x0000,0x0000,0x007f,0x0001,0xf800,0x0000,0x0000,
  0x7f80,0x00f8,0x0000,0x0000,0x007f,0x0000,0x00ff,0xffff,0xffff,0xffff,0x0000,0x00f8,0x0000,0x0000,0x00ff,0x0000,0x00f8,0x0000,0x0000,0x00ff,0x0000,0xf800,0x0000,0x0000,
  0xff80,0x00f8,0x0000,0x0000,0x00fe,0x0000,0x00ff,0xffff,0xffff,0xfffe,0x0000,0x00f8,0x0000,0x0000,0x00fe,0x0000,0x00f8,0x0000,0x0000,0x00fe,0x0000,0xf800,0x0000,0x0000,
  0xff00,0x00fc,0x0000,0x0000,0x00fe,0x0000,0x00ff,0xffff,0xffff,0xfffe,0x0000,0x00fc,0x0000,0x0000,0x01fe,0x0000,0x00fc,0x0000,0x0000,0x01fe,0x0000,0xfc00,0x0000,0x0000,
  0xff00,0x007c,0x0000,0x0000,0x01fe,0x0000,0x007f,0xffff,0xffff,0xfffe,0x0000,0x00fc,0x0000,0x0000,0x01fe,0x0000,0x007c,0x0000,0x0000,0x01fe,0x0000,0x7e00,0x0000,0x0000,
  0xff00,0x007e,0x0000,0x0000,0x03fc,0x0000,0x007f,0xffff,0xffff,0xfffc,0x0000,0x007e,0x0000,0x0000,0x03fc,0x0000,0x007e,0x0000,0x0000,0x03fc,0x0000,0x7e00,0x0000,0x0001,
  0xfe00,0x007f,0x0000,0x0000,0x03fc,0x0000,0x007f,0xffff,0xffff,0xfffc,0x0000,0x007e,0x0000,0x0000,0x03fc,0x0000,0x007e,0x0000,0x0000,0x03fc,0x0000,0x7f00,0x0000,0x0003,
  0xfe00,0x003f,0x0000,0x0000,0x07fc,0x0000,0x003f,0xffff,0xffff,0xfffc,0x0000,0x003f,0x0000,0x0000,0x07fc,0x0000,0x003f,0x0000,0x0000,0x07fc,0x0000,0x3f00,0x0000,0x0007,
  0xfe00,0x003f,0x8000,0x0000,0x0ff8,0x0000,0x003f,0xffff,0xffff,0xfff8,0x0000,0x003f,0x8000,0x0000,0x0ff8,0x0000,0x003f,0x8000,0x0000,0x0ff8,0x0000,0x3f80,0x0000,0x0007,
  0xfe00,0x001f,0xc000,0x0000,0x0ff8,0x0000,0x001f,0xffff,0xffff,0xfff8,0x0000,0x001f,0xc000,0x0000,0x0ff8,0x0000,0x003f,0xc000,0x0000,0x1ff8,0x0000,0x1fc0,0x0000,0x000f,
  0xfc00,0x001f,0xe000,0x0000,0x1ff8,0x0000,0x001f,0xffff,0xffff,0xfff8,0x0000,0x001f,0xc000,0x0000,0x1ff8,0x0000,0x001f,0xe000,0x0000,0x3ff8,0x0000,0x1fe0,0x0000,0x001f,
  0xfc00,0x000f,0xe000,0x0000,0x3ff8,0x0000,0x000f,0xffff,0xffff,0xfff8,0x0000,0x000f,0xe000,0x0000,0x3ff8,0x0000,0x000f,0xe000,0x0000,0x3ff8,0x0000,0x0fe0,0x0000,0x003f,
  0xfc00,0x000f,0xf000,0x0000,0x7ff8,0x0000,0x000f,0xffff,0xffff,0xfff0,0x0000,0x000f,0xf000,0x0000,0x7ff0,0x0000,0x000f,0xf800,0x0000,0x7ff0,0x0000,0x0ff0,0x0000,0x007f,
  0xfc00,0x0007,0xf800,0x0000,0xfff0,0x0000,0x0007,0xffff,0xffff,0xfff0,0x0000,0x0007,0xf800,0x0000,0xfff0,0x0000,0x0007,0xf800,0x0000,0xfff0,0x0000,0x07fc,0x0000,0x00ff,
  0xfc00,0x0003,0xfe00,0x0001,0xfff0,0x0000,0x0003,0xffff,0xffff,0xfff0,0x0000,0x0003,0xfe00,0x0001,0xfff0,0x0000,0x0007,0xfe00,0x0003,0xfff0,0x0000,0x03fe,0x0000,0x01ff,
  0xfc00,0x0003,0xff00,0x0007,0xfff0,0x0000,0x0003,0xffff,0xffff,0xfff0,0x0000,0x0003,0xff00,0x0007,0xfff0,0x0000,0x0003,0xff00,0x0007,0xfff0,0x0000,0x01ff,0x0000,0x03ff,
  0xfc00,0x0001,0xffc0,0x000f,0xfff0,0x0000,0x0001,0xffff,0xffff,0xfff0,0x0000,0x0001,0xffc0,0x000f,0xfff0,0x0000,0x0001,0xffc0,0x001f,0xfff0,0x0000,0x00ff,0xc000,0x0fff,
  0xfc00,0x0000,0xfff0,0x003f,0xfff8,0x0000,0x0000,0xffff,0xffff,0xfff0,0x0000,0x0000,0xfff0,0x003f,0xfff0,0x0000,0x0000,0xfff0,0x007f,0xfff0,0x0000,0x007f,0xf000,0x3fff,
  0xfc00,0x0000,0x3ffe,0x01ff,0xfff8,0x0000,0x0000,0x3fff,0xffff,0xfff8,0x0000,0x0000,0x3ffe,0x01ff,0xfff8,0x0000,0x0000,0x3ffe,0x03ff,0xfff8,0x0000,0x003f,0xfc01,0xffff,
  0xfc00,0x0000,0x1fff,0xffff,0xfff8,0x0000,0x0000,0x1fff,0xffff,0xfff8,0x0000,0x0000,0x1fff,0xffff,0xfff8,0x0000,0x0000,0x1fff,0xffff,0xfff8,0x0000,0x001f,0xffff,0xffff,
  0xfe00,0x0000,0x07ff,0xffff,0xfff8,0x0000,0x0000,0x07ff,0xffff,0xfff8,0x0000,0x0000,0x07ff,0xffff,0xfff8,0x0000,0x0000,0x07ff,0xffff,0xfff8,0x0000,0x0007,0xffff,0xffff,
  0xfe00,0x0000,0x01ff,0xffff,0xfffc,0x0000,0x0000,0x01ff,0xffff,0xfffc,0x0000,0x0000,0x01ff,0xffff,0xfffc,0x0000,0x0000,0x01ff,0xffff,0xfffc,0x0000,0x0000,0xffff,0xffff,
  0xff00,0x0000,0x003f,0xffff,0xfffc,0x0000,0x0000,0x007f,0xffff,0xfffc,0x0000,0x0000,0x007f,0xffff,0xfffc,0x0000,0x0000,0x007f,0xffff,0xfffc,0x0000,0x0000,0x3fff,0xffff,
  0xff80,0x0000,0x000f,0xffff,0xfffe,0x0000,0x0000,0x000f,0xffff,0xfffe,0x0000,0x0000,0x000f,0xffff,0xfffe,0x0000,0x0000,0x000f,0xffff,0xfffe,0x0000,0x0000,0x0fff,0xffff,
  0xff80,0x0000,0x0003,0xffff,0xffff,0x0000,0x0000,0x0003,0xffff,0xffff,0x0000,0x0000,0x0003,0xffff,0xffff,0x0000,0x0000,0x0003,0xffff,0xffff,0x0000,0x0000,0x01ff,0xffff,
  0xffc0,0x0000,0x0000,0x7fff,0xffff,0x8000,0x0000,0x0000,0x7fff,0xffff,0x8000,0x0000,0x0000,0x7fff,0xffff,0x8000,0x0000,0x0000,0x7fff,0xffff,0x8000,0x0000,0x007f,0xffff,
  0xffe0,0x0000,0x0000,0x3fff,0xffff,0xc000,0x0000,0x0000,0x3fff,0xffff,0xc000,0x0000,0x0000,0x3fff,0xffff,0xc000,0x0000,0x0000,0x3fff,0xffff,0xc000,0x0000,0x001f,0xffff,
  0xfff0,0x0000,0x0000,0x1fff,0xffff,0xe000,0x0000,0x0000,0x1fff,0xffff,0xe000,0x0000,0x0000,0x1fff,0xffff,0xe000,0x0000,0x0000,0x1fff,0xffff,0xe000,0x0000,0x000f,0xffff,
  0xfff8,0x0000,0x0000,0x0fff,0xffff,0xf000,0x0000,0x0000,0x0fff,0xffff,0xf000,0x0000,0x0000,0x0fff,0xffff,0xf000,0x0000,0x0000,0x0fff,0xffff,0xf000,0x0000,0x000f,0xffff,
  0xfffc,0x0000,0x0000,0x07ff,0xffff,0xf800,0x0000,0x0000,0x0fff,0xffff,0xf800,0x0000,0x0000,0x0fff,0xffff,0xf800,0x0000,0x0000,0x0fff,0xffff,0xf800,0x0000,0x0007,0xffff,
  0xffff,0x0000,0x0000,0x07ff,0xffff,0xfc00,0x0000,0x0000,0x07ff,0xffff,0xfc00,0x0000,0x0000,0x07ff,0xffff,0xfc00,0x0000,0x0000,0x07ff,0xffff,0xfc00,0x0000,0x0007,0xffff,
  0xffff,0x8000,0x0000,0x07ff,0xffff,0xfe00,0x0000,0x0000,0x07ff,0xffff,0xfe00,0x0000,0x0000,0x07ff,0xffff,0xfe00,0x0000,0x0000,0x07ff,0xffff,0xfe00,0x0000,0x0007,0xffff,
  0xffff,0xc000,0x0000,0x07ff,0xffff,0xff00,0x0000,0x0000,0x0fff,0xffff,0xff00,0x0000,0x0000,0x0fff,0xffff,0xff00,0x0000,0x0000,0x07ff,0xffff,0xff00,0x0000,0x0007,0xffff,
  0xffff,0xe000,0x0000,0x0fff,0xffff,0xffc0,0x0000,0x0000,0x0fff,0xffff,0xffc0,0x0000,0x0000,0x0fff,0xffff,0xffc0,0x0000,0x0000,0x0fff,0xffff,0xff80,0x0000,0x000f,0xffff,
  0xffff,0xf000,0x0000,0x0fff,0xffff,0xffe0,0x0000,0x0000,0x0fff,0xffff,0xffe0,0x0000,0x0000,0x0fff,0xffff,0xffe0,0x0000,0x0000,0x0fff,0xffff,0xffe0,0x0000,0x000f,0xffff,
  0x0fff,0xf800,0x0000,0x0fff,0xffff,0xfff0,0x0000,0x0000,0x0fff,0xf01f,0xfff0,0x0000,0x0000,0x0fff,0xf81f,0xfff0,0x0000,0x0000,0x1fff,0xffff,0xfff0,0x0000,0x000f,0xfff0,
  0x01ff,0xfc00,0x0000,0x1fff,0xffff,0xfff8,0x0000,0x0000,0x1fff,0x8001,0xfff8,0x0000,0x0000,0x1fff,0x8001,0xfff8,0x0000,0x0000,0x1fff,0xffff,0xfff8,0x0000,0x001f,0xff80,
  0x007f,0xfe00,0x0000,0x3fff,0xffff,0xfffc,0x0000,0x0000,0x3ffe,0x0000,0x7ffc,0x0000,0x0000,0x3ffe,0x0000,0x7ffc,0x0000,0x0000,0x3fff,0xffff,0xfffc,0x0000,0x001f,0xfe00,
  0x001f,0xff00,0x0000,0x3fff,0xffff,0xfffe,0x0000,0x0000,0x3ff8,0x0000,0x3ffe,0x0000,0x0000,0x3ff8,0x0000,0x3ffc,0x0000,0x0000,0x3fff,0xffff,0xfffc,0x0000,0x003f,0xf800,
  0x000f,0xff80,0x0000,0x7fff,0xffff,0xfffe,0x0000,0x0000,0x7ff0,0x0000,0x0ffe,0x0000,0x0000,0x7ff0,0x0000,0x0ffe,0x0000,0x0000,0x7fff,0xffff,0xfffe,0x0000,0x007f,0xf000,
  0x0007,0xffc0,0x0000,0x7fff,0xffff,0xffff,0x0000,0x0000,0x7fc0,0x0000,0x07ff,0x0000,0x0000,0x7fe0,0x0000,0x07ff,0x0000,0x0000,0xffff,0xffff,0xffff,0x0000,0x007f,0xe000,
  0x0003,0xffc0,0x0000,0xffff,0xffff,0xffff,0x8000,0x0000,0xff80,0x0000,0x03ff,0x8000,0x0000,0xff80,0x0000,0x03ff,0x8000,0x0000,0xffff,0xffff,0xffff,0x8000,0x00ff,0xc000,
  0x0001,0xffe0,0x0001,0xffff,0xffff,0xffff,0x8000,0x0001,0xff00,0x0000,0x01ff,0x8000,0x0001,0xff00,0x0000,0x01ff,0x8000,0x0001,0xffff,0xffff,0xffff,0x8000,0x01ff,0x8000,
  0x0000,0xffe0,0x0001,0xffff,0xffff,0xffff,0xc000,0x0001,0xff00,0x0000,0x00ff,0xc000,0x0003,0xfe00,0x0000,0x00ff,0xc000,0x0003,0xffff,0xffff,0xffff,0xc000,0x01ff,0x0000,
  0x0000,0x7ff0,0x0003,0xffff,0xffff,0xffff,0xe000,0x0003,0xfe00,0x0000,0x007f,0xe000,0x0003,0xfe00,0x0000,0x007f,0xe000,0x0003,0xffff,0xffff,0xffff,0xe000,0x03fe,0x0000,
  0x0000,0x3ff8,0x0007,0xffff,0xffff,0xffff,0xe000,0x0007,0xfc00,0x0000,0x003f,0xe000,0x0007,0xfc00,0x0000,0x003f,0xe000,0x0007,0xffff,0xffff,0xffff,0xe000,0x07fc,0x0000,
  0x0000,0x3ff8,0x0007,0xffff,0xffff,0xffff,0xf000,0x0007,0xf800,0x0000,0x003f,0xf000,0x0007,0xf800,0x0000,0x003f,0xf000,0x0007,0xffff,0xffff,0xffff,0xf000,0x07fc,0x0000,
  0x0000,0x1ffc,0x000f,0xffff,0xffff,0xffff,0xf000,0x000f,0xf800,0x0000,0x001f,0xf000,0x000f,0xf800,0x0000,0x001f,0xf000,0x000f,0xffff,0xffff,0xffff,0xf000,0x0ff8,0x0000,
  0x0000,0x0ffc,0x000f,0xffff,0xffff,0xffff,0xf800,0x000f,0xf000,0x0000,0x000f,0xf800,0x000f,0xf000,0x0000,0x000f,0xf800,0x001f,0xffff,0xffff,0xffff,0xf800,0x0ff0,0x0000,
  0x0000,0x0ffe,0x001f,0xffff,0xffff,0xffff,0xf800,0x001f,0xe000,0x0000,0x000f,0xf800,0x001f,0xe000,0x0000,0x000f,0xf800,0x001f,0xffff,0xffff,0xffff,0xf800,0x1ff0,0x0000,
  0x0000,0x07fe,0x001f,0xffff,0xffff,0xffff,0xfc00,0x001f,0xe000,0x0000,0x0007,0xfc00,0x001f,0xe000,0x0000,0x0007,0xfc00,0x003f,0xffff,0xffff,0xffff,0xf800,0x1fe0,0x0000,
  0x0000,0x07fe,0x003f,0xffff,0xffff,0xffff,0xfc00,0x003f,0xc000,0x0000,0x0007,0xfc00,0x003f,0xc000,0x0000,0x0007,0xfc00,0x003f,0xffff,0xffff,0xffff,0xfc00,0x3fe0,0x0000,
  0x0000,0x03ff,0x003f,0xffff,0xffff,0xffff,0xfc00,0x003f,0xc000,0x0000,0x0003,0xfc00,0x003f,0xc000,0x0000,0x0003,0xfc00,0x003f,0xffff,0xffff,0xffff,0xfc00,0x3fc0,0x0000,
  0x0000,0x03ff,0x003f,0xffff,0xffff,0xffff,0xfe00,0x007f,0x8000,0x0000,0x0003,0xfe00,0x007f,0xc000,0x0000,0x0003,0xfe00,0x007f,0xffff,0xffff,0xffff,0xfe00,0x3fc0,0x0000,
  0x0000,0x01ff,0x807f,0xffff,0xffff,0xffff,0xfe00,0x007f,0x8000,0x0000,0x0001,0xfe00,0x007f,0x8000,0x0000,0x0003,0xfe00,0x007f,0xffff,0xffff,0xffff,0xfe00,0x7f80,0x0000,
  0x0000,0x01ff,0x807f,0xffff,0xffff,0xffff,0xfe00,0x007f,0x8000,0x0000,0x0001,0xfe00,0x007f,0x8000,0x0000,0x0001,0xfe00,0x007f,0xffff,0xffff,0xffff,0xfe00,0x7f80,0x0000,
  0x0000,0x01ff,0x807f,0xffff,0xffff,0xffff,0xff00,0x007f,0x0000,0x0000,0x0001,0xff00,0x007f,0x0000,0x0000,0x0001,0xff00,0x007f,0xffff,0xffff,0xffff,0xff00,0x7f80,0x0000,
  0x0000,0x00ff,0x80ff,0xffff,0xffff,0xffff,0xff00,0x00ff,0x0000,0x0000,0x0000,0xff00,0x00ff,0x0000,0x0000,0x0000,0xff00,0x00ff,0xffff,0xffff,0xffff,0xff00,0xff00,0x0000,
  0x0000,0x00ff,0xc0ff,0xffff,0xffff,0xffff,0xff00,0x00ff,0x0000,0x0000,0x0000,0xff00,0x00ff,0x0000,0x0000,0x0000,0xff00,0x00ff,0xffff,0xffff,0xffff,0xff00,0xff00,0x0000,
  0x0000,0x00ff,0xc0ff,0xffff,0xffff,0xffff,0xff80,0x00fe,0x0000,0x0000,0x0000,0xff80,0x00fe,0x0000,0x0000,0x0000,0xff80,0x00ff,0xffff,0xffff,0xffff,0xff80,0xff00,0x0000,
  0x0000,0x007f,0xc0ff,0xffff,0xffff,0xffff,0xff80,0x00fe,0x0000,0x0000,0x0000,0x7f80,0x00fe,0x0000,0x0000,0x0000,0xff80,0x00ff,0xffff,0xffff,0xffff,0xff80,0xfe00,0x0000,
  0x0000,0x007f,0xe0ff,0xffff,0xffff,0xffff,0xff80,0x00fe,0x0000,0x0000,0x0000,0x7f80,0x00fe,0x0000,0x0000,0x0000,0x7f80,0x01ff,0xffff,0xffff,0xffff,0xff80,0xfe00,0x0000,
  0x0000,0x007f,0xe1ff,0xffff,0xffff,0xffff,0xff80,0x01fe,0x0000,0x0000,0x0000,0x7f80,0x01fe,0x0000,0x0000,0x0000,0x7f80,0x01ff,0xffff,0xffff,0xffff,0xff80,0xfe00,0x0000,
  0x0000,0x007f,0xe1ff,0xffff,0xffff,0xffff,0xffc0,0x01fc,0x0000,0x0000,0x0000,0x7fc0,0x01fc,0x0000,0x0000,0x0000,0x7f80,0x01ff,0xffff,0xffff,0xffff,0xff80,0xfe00,0x0000,
  0x0000,0x003f,0xe1ff,0xffff,0xffff,0xffff,0xffc0,0x01fc,0x0000,0x0000,0x0000,0x7fc0,0x01fc,0x0000,0x0000,0x0000,0x7fc0,0x01ff,0xffff,0xffff,0xffff,0xffc1,0xfc00,0x0000,
  0x0000,0x003f,0xe1ff,0xffff,0xffff,0xffff,0xffc0,0x01fc,0x0000,0x0000,0x0000,0x3fc0,0x01fc,0x0000,0x0000,0x0000,0x7fc0,0x01ff,0xffff,0xffff,0xffff,0xffc1,0xfc00,0x0000,
  0x0000,0x003f,0xf1ff,0xffff,0xffff,0xffff,0xffc0,0x01fc,0x0000,0x0000,0x0000,0x3fc0,0x01fc,0x0000,0x0000,0x0000,0x3fc0,0x01ff,0xffff,0xffff,0xffff,0xffc1,0xfc00,0x0000,
  0x0000,0x003f,0xf1ff,0xffff,0xffff,0xffff,0xffc0,0x01fc,0x0000,0x0000,0x0000,0x3fc0,0x01fc,0x0000,0x0000,0x0000,0x3fc0,0x01ff,0xffff,0xffff,0xffff,0xffc1,0xfc00,0x0000,
  0x0000,0x003f,0xf1ff,0xffff,0xffff,0xffff,0xffc0,0x01fc,0x0000,0x0000,0x0000,0x3fc0,0x01fc,0x0000,0x0000,0x0000,0x3fc0,0x01ff,0xffff,0xffff,0xffff,0xffc1,0xfc00,0x0000,
  0x0000,0x003f,0xf1ff,0xffff,0xffff,0xffff,0xffe0,0x01fc,0x0000,0x0000,0x0000,0x3fe0,0x01fc,0x0000,0x0000,0x0000,0x3fc0,0x01ff,0xffff,0xffff,0xffff,0xffc1,0xfc00,0x0000,
  0x0000,0x003f,0xf1ff,0xffff,0xffff,0xffff,0xffe0,0x01f8,0x0000,0x0000,0x0000,0x3fe0,0x01f8,0x0000,0x0000,0x0000,0x3fe0,0x01ff,0xffff,0xffff,0xffff,0xffe1,0xfc00,0x0000,
  0x0000,0x003f,0xf1ff,0xffff,0xffff,0xffff,0xffe0,0x01f8,0x0000,0x0000,0x0000,0x3fe0,0x01f8,0x0000,0x0000,0x0000,0x3fe0,0x01ff,0xffff,0xffff,0xffff,0xffe1,0xfc00,0x0000,
  0x0000,0x003f,0xf1ff,0xffff,0xffff,0xffff,0xffe0,0x01f8,0x0000,0x0000,0x0000,0x3fe0,0x01f8,0x0000,0x0000,0x0000,0x3fe0,0x01ff,0xffff,0xffff,0xffff,0xffe1,0xfc00,0x0000,
  0x0000,0x003f,0xf1ff,0xffff,0xffff,0xffff,0xffe0,0x01f8,0x0000,0x0000,0x0000,0x3fe0,0x01f8,0x0000,0x0000,0x0000,0x3fe0,0x01ff,0xffff,0xffff,0xffff,0xffe1,0xfc00,0x0000,
  0x0000,0x003f,0xf1ff,0xffff,0xffff,0xffff,0xffe0,0x01f8,0x0000,0x0000,0x0000,0x3fe0,0x01f8,0x0000,0x0000,0x0000,0x3fe0,0x01ff,0xffff,0xffff,0xffff,0xffe1,0xfc00,0x0000,
  };

#define background_width 384
#define background_height 384
#define background_depth 3
#define background_bytesPerRow 48
#define background_bplSize 18432
#define background_size 55296

static const __rodata BitmapT background = {
  .width = 384,
  .height = 384,
  .depth = 3,
  .bytesPerRow = 48,
  .bplSize = 18432,
  .flags = BM_STATIC,
  .planes = {
    (void *)_background_bpl + 0,
    (void *)_background_bpl + 18432,
    (void *)_background_bpl + 36864,
    }
};


